
================================================================================
TIME: 2026-09-25T16:56:12.401316+08:00
DATE: 2026-09-25
STAGE: TASK 2 SAVED
MESSAGE: Global Cluster membership验证失败。
DETAILS:
{
  "malformed": [
    "cluster[1]缺少cluster_id",
    "cluster[1]member_cluster_ids无效",
    "cluster[2]缺少cluster_id",
    "cluster[2]member_cluster_ids无效",
    "cluster[3]缺少cluster_id",
    "cluster[3]member_cluster_ids无效",
    "cluster[4]缺少cluster_id",
    "cluster[4]member_cluster_ids无效",
    "cluster[5]缺少cluster_id",
    "cluster[5]member_cluster_ids无效",
    "cluster[6]缺少cluster_id",
    "cluster[6]member_cluster_ids无效",
    "cluster[7]缺少cluster_id",
    "cluster[7]member_cluster_ids无效",
    "cluster[8]缺少cluster_id",
    "cluster[8]member_cluster_ids无效",
    "cluster[9]缺少cluster_id",
    "cluster[9]member_cluster_ids无效",
    "cluster[10]缺少cluster_id",
    "cluster[10]member_cluster_ids无效",
    "cluster[11]缺少cluster_id",
    "cluster[11]member_cluster_ids无效",
    "cluster[12]缺少cluster_id",
    "cluster[12]member_cluster_ids无效",
    "cluster[13]缺少cluster_id",
    "cluster[13]member_cluster_ids无效",
    "cluster[14]缺少cluster_id",
    "cluster[14]member_cluster_ids无效",
    "cluster[15]缺少cluster_id",
    "cluster[15]member_cluster_ids无效",
    "cluster[16]缺少cluster_id",
    "cluster[16]member_cluster_ids无效",
    "cluster[17]缺少cluster_id",
    "cluster[17]member_cluster_ids无效",
    "cluster[18]缺少cluster_id",
    "cluster[18]member_cluster_ids无效",
    "cluster[19]缺少cluster_id",
    "cluster[19]member_cluster_ids无效",
    "cluster[20]缺少cluster_id",
    "cluster[20]member_cluster_ids无效",
    "cluster[21]缺少cluster_id",
    "cluster[21]member_cluster_ids无效",
    "cluster[22]缺少cluster_id",
    "cluster[22]member_cluster_ids无效",
    "cluster[23]缺少cluster_id",
    "cluster[23]member_cluster_ids无效",
    "cluster[24]缺少cluster_id",
    "cluster[24]member_cluster_ids无效",
    "cluster[25]缺少cluster_id",
    "cluster[25]member_cluster_ids无效",
    "cluster[26]缺少cluster_id",
    "cluster[26]member_cluster_ids无效",
    "cluster[27]缺少cluster_id",
    "cluster[27]member_cluster_ids无效",
    "cluster[28]缺少cluster_id",
    "cluster[28]member_cluster_ids无效",
    "cluster[29]缺少cluster_id",
    "cluster[29]member_cluster_ids无效",
    "cluster[30]缺少cluster_id",
    "cluster[30]member_cluster_ids无效",
    "cluster[31]缺少cluster_id",
    "cluster[31]member_cluster_ids无效",
    "cluster[32]缺少cluster_id",
    "cluster[32]member_cluster_ids无效",
    "cluster[33]缺少cluster_id",
    "cluster[33]member_cluster_ids无效",
    "cluster[34]缺少cluster_id",
    "cluster[34]member_cluster_ids无效",
    "cluster[35]缺少cluster_id",
    "cluster[35]member_cluster_ids无效",
    "cluster[36]缺少cluster_id",
    "cluster[36]member_cluster_ids无效",
    "cluster[37]缺少cluster_id",
    "cluster[37]member_cluster_ids无效",
    "cluster[38]缺少cluster_id",
    "cluster[38]member_cluster_ids无效",
    "cluster[39]缺少cluster_id",
    "cluster[39]member_cluster_ids无效",
    "cluster[40]缺少cluster_id",
    "cluster[40]member_cluster_ids无效",
    "cluster[41]缺少cluster_id",
    "cluster[41]member_cluster_ids无效",
    "cluster[42]缺少cluster_id",
    "cluster[42]member_cluster_ids无效",
    "cluster[43]缺少cluster_id",
    "cluster[43]member_cluster_ids无效",
    "cluster[44]缺少cluster_id",
    "cluster[44]member_cluster_ids无效",
    "cluster[45]缺少cluster_id",
    "cluster[45]member_cluster_ids无效",
    "cluster[46]缺少cluster_id",
    "cluster[46]member_cluster_ids无效",
    "cluster[47]缺少cluster_id",
    "cluster[47]member_cluster_ids无效",
    "cluster[48]缺少cluster_id",
    "cluster[48]member_cluster_ids无效",
    "cluster[49]缺少cluster_id",
    "cluster[49]member_cluster_ids无效",
    "cluster[50]缺少cluster_id",
    "cluster[50]member_cluster_ids无效",
    "cluster[51]缺少cluster_id",
    "cluster[51]member_cluster_ids无效",
    "cluster[52]缺少cluster_id",
    "cluster[52]member_cluster_ids无效",
    "cluster[53]缺少cluster_id",
    "cluster[53]member_cluster_ids无效",
    "cluster[54]缺少cluster_id",
    "cluster[54]member_cluster_ids无效",
    "cluster[55]缺少cluster_id",
    "cluster[55]member_cluster_ids无效",
    "cluster[56]缺少cluster_id",
    "cluster[56]member_cluster_ids无效",
    "cluster[57]缺少cluster_id",
    "cluster[57]member_cluster_ids无效",
    "cluster[58]缺少cluster_id",
    "cluster[58]member_cluster_ids无效",
    "cluster[59]缺少cluster_id",
    "cluster[59]member_cluster_ids无效",
    "cluster[60]缺少cluster_id",
    "cluster[60]member_cluster_ids无效",
    "cluster[61]缺少cluster_id",
    "cluster[61]member_cluster_ids无效",
    "cluster[62]缺少cluster_id",
    "cluster[62]member_cluster_ids无效",
    "cluster[63]缺少cluster_id",
    "cluster[63]member_cluster_ids无效",
    "cluster[64]缺少cluster_id",
    "cluster[64]member_cluster_ids无效",
    "cluster[65]缺少cluster_id",
    "cluster[65]member_cluster_ids无效",
    "cluster[66]缺少cluster_id",
    "cluster[66]member_cluster_ids无效",
    "cluster[67]缺少cluster_id",
    "cluster[67]member_cluster_ids无效",
    "cluster[68]缺少cluster_id",
    "cluster[68]member_cluster_ids无效",
    "cluster[69]缺少cluster_id",
    "cluster[69]member_cluster_ids无效",
    "cluster[70]缺少cluster_id",
    "cluster[70]member_cluster_ids无效",
    "cluster[71]缺少cluster_id",
    "cluster[71]member_cluster_ids无效",
    "cluster[72]缺少cluster_id",
    "cluster[72]member_cluster_ids无效",
    "cluster[73]缺少cluster_id",
    "cluster[73]member_cluster_ids无效",
    "cluster[74]缺少cluster_id",
    "cluster[74]member_cluster_ids无效",
    "cluster[75]缺少cluster_id",
    "cluster[75]member_cluster_ids无效",
    "cluster[76]缺少cluster_id",
    "cluster[76]member_cluster_ids无效",
    "cluster[77]缺少cluster_id",
    "cluster[77]member_cluster_ids无效",
    "cluster[78]缺少cluster_id",
    "cluster[78]member_cluster_ids无效",
    "cluster[79]缺少cluster_id",
    "cluster[79]member_cluster_ids无效",
    "cluster[80]缺少cluster_id",
    "cluster[80]member_cluster_ids无效",
    "cluster[81]缺少cluster_id",
    "cluster[81]member_cluster_ids无效",
    "cluster[82]缺少cluster_id",
    "cluster[82]member_cluster_ids无效",
    "cluster[83]缺少cluster_id",
    "cluster[83]member_cluster_ids无效",
    "cluster[84]缺少cluster_id",
    "cluster[84]member_cluster_ids无效",
    "cluster[85]缺少cluster_id",
    "cluster[85]member_cluster_ids无效",
    "cluster[86]缺少cluster_id",
    "cluster[86]member_cluster_ids无效",
    "cluster[87]缺少cluster_id",
    "cluster[87]member_cluster_ids无效",
    "cluster[88]缺少cluster_id",
    "cluster[88]member_cluster_ids无效",
    "cluster[89]缺少cluster_id",
    "cluster[89]member_cluster_ids无效",
    "cluster[90]缺少cluster_id",
    "cluster[90]member_cluster_ids无效",
    "cluster[91]缺少cluster_id",
    "cluster[91]member_cluster_ids无效",
    "cluster[92]缺少cluster_id",
    "cluster[92]member_cluster_ids无效",
    "cluster[93]缺少cluster_id",
    "cluster[93]member_cluster_ids无效",
    "cluster[94]缺少cluster_id",
    "cluster[94]member_cluster_ids无效",
    "cluster[95]缺少cluster_id",
    "cluster[95]member_cluster_ids无效",
    "cluster[96]缺少cluster_id",
    "cluster[96]member_cluster_ids无效",
    "cluster[97]缺少cluster_id",
    "cluster[97]member_cluster_ids无效",
    "cluster[98]缺少cluster_id",
    "cluster[98]member_cluster_ids无效",
    "cluster[99]缺少cluster_id",
    "cluster[99]member_cluster_ids无效",
    "cluster[100]缺少cluster_id",
    "cluster[100]member_cluster_ids无效",
    "cluster[101]缺少cluster_id",
    "cluster[101]member_cluster_ids无效",
    "cluster[102]缺少cluster_id",
    "cluster[102]member_cluster_ids无效",
    "cluster[103]缺少cluster_id",
    "cluster[103]member_cluster_ids无效",
    "cluster[104]缺少cluster_id",
    "cluster[104]member_cluster_ids无效",
    "cluster[105]缺少cluster_id",
    "cluster[105]member_cluster_ids无效",
    "cluster[106]缺少cluster_id",
    "cluster[106]member_cluster_ids无效",
    "cluster[107]缺少cluster_id",
    "cluster[107]member_cluster_ids无效",
    "cluster[108]缺少cluster_id",
    "cluster[108]member_cluster_ids无效",
    "cluster[109]缺少cluster_id",
    "cluster[109]member_cluster_ids无效",
    "cluster[110]缺少cluster_id",
    "cluster[110]member_cluster_ids无效",
    "cluster[111]缺少cluster_id",
    "cluster[111]member_cluster_ids无效",
    "cluster[112]缺少cluster_id",
    "cluster[112]member_cluster_ids无效",
    "cluster[113]缺少cluster_id",
    "cluster[113]member_cluster_ids无效",
    "cluster[114]缺少cluster_id",
    "cluster[114]member_cluster_ids无效",
    "cluster[115]缺少cluster_id",
    "cluster[115]member_cluster_ids无效",
    "cluster[116]缺少cluster_id",
    "cluster[116]member_cluster_ids无效",
    "cluster[117]缺少cluster_id",
    "cluster[117]member_cluster_ids无效",
    "cluster[118]缺少cluster_id",
    "cluster[118]member_cluster_ids无效",
    "cluster[119]缺少cluster_id",
    "cluster[119]member_cluster_ids无效",
    "cluster[120]缺少cluster_id",
    "cluster[120]member_cluster_ids无效",
    "cluster[121]缺少cluster_id",
    "cluster[121]member_cluster_ids无效",
    "cluster[122]缺少cluster_id",
    "cluster[122]member_cluster_ids无效",
    "cluster[123]缺少cluster_id",
    "cluster[123]member_cluster_ids无效",
    "cluster[124]缺少cluster_id",
    "cluster[124]member_cluster_ids无效",
    "cluster[125]缺少cluster_id",
    "cluster[125]member_cluster_ids无效",
    "cluster[126]缺少cluster_id",
    "cluster[126]member_cluster_ids无效",
    "cluster[127]缺少cluster_id",
    "cluster[127]member_cluster_ids无效",
    "cluster[128]缺少cluster_id",
    "cluster[128]member_cluster_ids无效",
    "cluster[129]缺少cluster_id",
    "cluster[129]member_cluster_ids无效",
    "cluster[130]缺少cluster_id",
    "cluster[130]member_cluster_ids无效",
    "cluster[131]缺少cluster_id",
    "cluster[131]member_cluster_ids无效",
    "cluster[132]缺少cluster_id",
    "cluster[132]member_cluster_ids无效",
    "cluster[133]缺少cluster_id",
    "cluster[133]member_cluster_ids无效",
    "cluster[134]缺少cluster_id",
    "cluster[134]member_cluster_ids无效",
    "cluster[135]缺少cluster_id",
    "cluster[135]member_cluster_ids无效",
    "cluster[136]缺少cluster_id",
    "cluster[136]member_cluster_ids无效",
    "cluster[137]缺少cluster_id",
    "cluster[137]member_cluster_ids无效",
    "cluster[138]缺少cluster_id",
    "cluster[138]member_cluster_ids无效",
    "cluster[139]缺少cluster_id",
    "cluster[139]member_cluster_ids无效",
    "cluster[140]缺少cluster_id",
    "cluster[140]member_cluster_ids无效",
    "cluster[141]缺少cluster_id",
    "cluster[141]member_cluster_ids无效",
    "cluster[142]缺少cluster_id",
    "cluster[142]member_cluster_ids无效",
    "cluster[143]缺少cluster_id",
    "cluster[143]member_cluster_ids无效",
    "cluster[144]缺少cluster_id",
    "cluster[144]member_cluster_ids无效",
    "cluster[145]缺少cluster_id",
    "cluster[145]member_cluster_ids无效",
    "cluster[146]缺少cluster_id",
    "cluster[146]member_cluster_ids无效",
    "cluster[147]缺少cluster_id",
    "cluster[147]member_cluster_ids无效",
    "cluster[148]缺少cluster_id",
    "cluster[148]member_cluster_ids无效",
    "cluster[149]缺少cluster_id",
    "cluster[149]member_cluster_ids无效",
    "cluster[150]缺少cluster_id",
    "cluster[150]member_cluster_ids无效",
    "cluster[151]缺少cluster_id",
    "cluster[151]member_cluster_ids无效",
    "cluster[152]缺少cluster_id",
    "cluster[152]member_cluster_ids无效",
    "cluster[153]缺少cluster_id",
    "cluster[153]member_cluster_ids无效",
    "cluster[154]缺少cluster_id",
    "cluster[154]member_cluster_ids无效",
    "cluster[155]缺少cluster_id",
    "cluster[155]member_cluster_ids无效",
    "cluster[156]缺少cluster_id",
    "cluster[156]member_cluster_ids无效",
    "cluster[157]缺少cluster_id",
    "cluster[157]member_cluster_ids无效",
    "cluster[158]缺少cluster_id",
    "cluster[158]member_cluster_ids无效",
    "cluster[159]缺少cluster_id",
    "cluster[159]member_cluster_ids无效",
    "cluster[160]缺少cluster_id",
    "cluster[160]member_cluster_ids无效",
    "cluster[161]缺少cluster_id",
    "cluster[161]member_cluster_ids无效",
    "cluster[162]缺少cluster_id",
    "cluster[162]member_cluster_ids无效",
    "cluster[163]缺少cluster_id",
    "cluster[163]member_cluster_ids无效",
    "cluster[164]缺少cluster_id",
    "cluster[164]member_cluster_ids无效",
    "cluster[165]缺少cluster_id",
    "cluster[165]member_cluster_ids无效",
    "cluster[166]缺少cluster_id",
    "cluster[166]member_cluster_ids无效",
    "cluster[167]缺少cluster_id",
    "cluster[167]member_cluster_ids无效",
    "cluster[168]缺少cluster_id",
    "cluster[168]member_cluster_ids无效",
    "cluster[169]缺少cluster_id",
    "cluster[169]member_cluster_ids无效",
    "cluster[170]缺少cluster_id",
    "cluster[170]member_cluster_ids无效",
    "cluster[171]缺少cluster_id",
    "cluster[171]member_cluster_ids无效",
    "cluster[172]缺少cluster_id",
    "cluster[172]member_cluster_ids无效",
    "cluster[173]缺少cluster_id",
    "cluster[173]member_cluster_ids无效",
    "cluster[174]缺少cluster_id",
    "cluster[174]member_cluster_ids无效",
    "cluster[175]缺少cluster_id",
    "cluster[175]member_cluster_ids无效",
    "cluster[176]缺少cluster_id",
    "cluster[176]member_cluster_ids无效",
    "cluster[177]缺少cluster_id",
    "cluster[177]member_cluster_ids无效",
    "cluster[178]缺少cluster_id",
    "cluster[178]member_cluster_ids无效",
    "cluster[179]缺少cluster_id",
    "cluster[179]member_cluster_ids无效",
    "cluster[180]缺少cluster_id",
    "cluster[180]member_cluster_ids无效",
    "cluster[181]缺少cluster_id",
    "cluster[181]member_cluster_ids无效",
    "cluster[182]缺少cluster_id",
    "cluster[182]member_cluster_ids无效",
    "cluster[183]缺少cluster_id",
    "cluster[183]member_cluster_ids无效",
    "cluster[184]缺少cluster_id",
    "cluster[184]member_cluster_ids无效",
    "cluster[185]缺少cluster_id",
    "cluster[185]member_cluster_ids无效",
    "cluster[186]缺少cluster_id",
    "cluster[186]member_cluster_ids无效",
    "cluster[187]缺少cluster_id",
    "cluster[187]member_cluster_ids无效",
    "cluster[188]缺少cluster_id",
    "cluster[188]member_cluster_ids无效",
    "cluster[189]缺少cluster_id",
    "cluster[189]member_cluster_ids无效",
    "cluster[190]缺少cluster_id",
    "cluster[190]member_cluster_ids无效",
    "cluster[191]缺少cluster_id",
    "cluster[191]member_cluster_ids无效",
    "cluster[192]缺少cluster_id",
    "cluster[192]member_cluster_ids无效",
    "cluster[193]缺少cluster_id",
    "cluster[193]member_cluster_ids无效",
    "cluster[194]缺少cluster_id",
    "cluster[194]member_cluster_ids无效",
    "cluster[195]缺少cluster_id",
    "cluster[195]member_cluster_ids无效",
    "cluster[196]缺少cluster_id",
    "cluster[196]member_cluster_ids无效",
    "cluster[197]缺少cluster_id",
    "cluster[197]member_cluster_ids无效",
    "cluster[198]缺少cluster_id",
    "cluster[198]member_cluster_ids无效",
    "cluster[199]缺少cluster_id",
    "cluster[199]member_cluster_ids无效",
    "cluster[200]缺少cluster_id",
    "cluster[200]member_cluster_ids无效",
    "cluster[201]缺少cluster_id",
    "cluster[201]member_cluster_ids无效",
    "cluster[202]缺少cluster_id",
    "cluster[202]member_cluster_ids无效",
    "cluster[203]缺少cluster_id",
    "cluster[203]member_cluster_ids无效",
    "cluster[204]缺少cluster_id",
    "cluster[204]member_cluster_ids无效",
    "cluster[205]缺少cluster_id",
    "cluster[205]member_cluster_ids无效",
    "cluster[206]缺少cluster_id",
    "cluster[206]member_cluster_ids无效",
    "cluster[207]缺少cluster_id",
    "cluster[207]member_cluster_ids无效",
    "cluster[208]缺少cluster_id",
    "cluster[208]member_cluster_ids无效",
    "cluster[209]缺少cluster_id",
    "cluster[209]member_cluster_ids无效",
    "cluster[210]缺少cluster_id",
    "cluster[210]member_cluster_ids无效",
    "cluster[211]缺少cluster_id",
    "cluster[211]member_cluster_ids无效",
    "cluster[212]缺少cluster_id",
    "cluster[212]member_cluster_ids无效",
    "cluster[213]缺少cluster_id",
    "cluster[213]member_cluster_ids无效",
    "cluster[214]缺少cluster_id",
    "cluster[214]member_cluster_ids无效",
    "cluster[215]缺少cluster_id",
    "cluster[215]member_cluster_ids无效",
    "cluster[216]缺少cluster_id",
    "cluster[216]member_cluster_ids无效",
    "cluster[217]缺少cluster_id",
    "cluster[217]member_cluster_ids无效",
    "cluster[218]缺少cluster_id",
    "cluster[218]member_cluster_ids无效",
    "cluster[219]缺少cluster_id",
    "cluster[219]member_cluster_ids无效",
    "cluster[220]缺少cluster_id",
    "cluster[220]member_cluster_ids无效",
    "cluster[221]缺少cluster_id",
    "cluster[221]member_cluster_ids无效",
    "cluster[222]缺少cluster_id",
    "cluster[222]member_cluster_ids无效",
    "cluster[223]缺少cluster_id",
    "cluster[223]member_cluster_ids无效",
    "cluster[224]缺少cluster_id",
    "cluster[224]member_cluster_ids无效",
    "cluster[225]缺少cluster_id",
    "cluster[225]member_cluster_ids无效",
    "cluster[226]缺少cluster_id",
    "cluster[226]member_cluster_ids无效",
    "cluster[227]缺少cluster_id",
    "cluster[227]member_cluster_ids无效",
    "cluster[228]缺少cluster_id",
    "cluster[228]member_cluster_ids无效",
    "cluster[229]缺少cluster_id",
    "cluster[229]member_cluster_ids无效",
    "cluster[230]缺少cluster_id",
    "cluster[230]member_cluster_ids无效",
    "cluster[231]缺少cluster_id",
    "cluster[231]member_cluster_ids无效",
    "cluster[232]缺少cluster_id",
    "cluster[232]member_cluster_ids无效",
    "cluster[233]缺少cluster_id",
    "cluster[233]member_cluster_ids无效",
    "cluster[234]缺少cluster_id",
    "cluster[234]member_cluster_ids无效",
    "cluster[235]缺少cluster_id",
    "cluster[235]member_cluster_ids无效",
    "cluster[236]缺少cluster_id",
    "cluster[236]member_cluster_ids无效",
    "cluster[237]缺少cluster_id",
    "cluster[237]member_cluster_ids无效",
    "cluster[238]缺少cluster_id",
    "cluster[238]member_cluster_ids无效",
    "cluster[239]缺少cluster_id",
    "cluster[239]member_cluster_ids无效",
    "cluster[240]缺少cluster_id",
    "cluster[240]member_cluster_ids无效",
    "cluster[241]缺少cluster_id",
    "cluster[241]member_cluster_ids无效",
    "cluster[242]缺少cluster_id",
    "cluster[242]member_cluster_ids无效",
    "cluster[243]缺少cluster_id",
    "cluster[243]member_cluster_ids无效",
    "cluster[244]缺少cluster_id",
    "cluster[244]member_cluster_ids无效",
    "cluster[245]缺少cluster_id",
    "cluster[245]member_cluster_ids无效",
    "cluster[246]缺少cluster_id",
    "cluster[246]member_cluster_ids无效",
    "cluster[247]缺少cluster_id",
    "cluster[247]member_cluster_ids无效",
    "cluster[248]缺少cluster_id",
    "cluster[248]member_cluster_ids无效",
    "cluster[249]缺少cluster_id",
    "cluster[249]member_cluster_ids无效",
    "cluster[250]缺少cluster_id",
    "cluster[250]member_cluster_ids无效",
    "cluster[251]缺少cluster_id",
    "cluster[251]member_cluster_ids无效",
    "cluster[252]缺少cluster_id",
    "cluster[252]member_cluster_ids无效",
    "cluster[253]缺少cluster_id",
    "cluster[253]member_cluster_ids无效",
    "cluster[254]缺少cluster_id",
    "cluster[254]member_cluster_ids无效",
    "cluster[255]缺少cluster_id",
    "cluster[255]member_cluster_ids无效",
    "cluster[256]缺少cluster_id",
    "cluster[256]member_cluster_ids无效",
    "cluster[257]缺少cluster_id",
    "cluster[257]member_cluster_ids无效",
    "cluster[258]缺少cluster_id",
    "cluster[258]member_cluster_ids无效",
    "cluster[259]缺少cluster_id",
    "cluster[259]member_cluster_ids无效",
    "cluster[260]缺少cluster_id",
    "cluster[260]member_cluster_ids无效",
    "cluster[261]缺少cluster_id",
    "cluster[261]member_cluster_ids无效",
    "cluster[262]缺少cluster_id",
    "cluster[262]member_cluster_ids无效",
    "cluster[263]缺少cluster_id",
    "cluster[263]member_cluster_ids无效",
    "cluster[264]缺少cluster_id",
    "cluster[264]member_cluster_ids无效",
    "cluster[265]缺少cluster_id",
    "cluster[265]member_cluster_ids无效",
    "cluster[266]缺少cluster_id",
    "cluster[266]member_cluster_ids无效",
    "cluster[267]缺少cluster_id",
    "cluster[267]member_cluster_ids无效",
    "cluster[268]缺少cluster_id",
    "cluster[268]member_cluster_ids无效"
  ],
  "duplicate_current": [],
  "duplicate_original": [],
  "missing_original": [],
  "extra_original": []
}
================================================================================

================================================================================
TIME: 2026-09-25T16:57:36.777976+08:00
DATE: 2026-09-25
STAGE: STAGE 1B / ROUND 1 / WINDOW 3
MESSAGE: V6.5.3 Global Merge窗口AI输出Coverage异常，进入自动Repair。
DETAILS:
{
  "attempt": 1,
  "duplicate": [
    23,
    24
  ],
  "missing": [],
  "extra": [],
  "malformed": [],
  "groups": [
    {
      "group_id": "G001",
      "cluster_indexes": [
        1
      ],
      "event_title": "特朗普执政风格评论",
      "reason": "独立的政治评论文章事件，无其他集群与之构成同一具体事件。"
    },
    {
      "group_id": "G002",
      "cluster_indexes": [
        2
      ],
      "event_title": "Edward Lehner去世",
      "reason": "独立的讣告类新闻事件，无其他集群与之关联。"
    },
    {
      "group_id": "G003",
      "cluster_indexes": [
        3
      ],
      "event_title": "犹太特许学校获法院批准",
      "reason": "独立的法律/教育判决事件，无其他集群与之关联。"
    },
    {
      "group_id": "G004",
      "cluster_indexes": [
        4
      ],
      "event_title": "弗吉尼亚州青年牧师性侵案认罪",
      "reason": "独立的刑事案件事件，无其他集群与之关联。"
    },
    {
      "group_id": "G005",
      "cluster_indexes": [
        5
      ],
      "event_title": "近17万磅生肉因虚假标签召回",
      "reason": "独立的食品安全召回事件，无其他集群与之关联。"
    },
    {
      "group_id": "G006",
      "cluster_indexes": [
        6
      ],
      "event_title": "斯坦福大学移除AI篡改照片",
      "reason": "独立的校园/AI伦理事件，无其他集群与之关联。"
    },
    {
      "group_id": "G007",
      "cluster_indexes": [
        7
      ],
      "event_title": "走失的山羊找回羊群",
      "reason": "独立的轻松人性趣闻事件，无其他集群与之关联。"
    },
    {
      "group_id": "G008",
      "cluster_indexes": [
        8
      ],
      "event_title": "加州亿万富翁税收运动图表",
      "reason": "独立的政策/税收相关媒体事件，无其他集群与之关联。"
    },
    {
      "group_id": "G009",
      "cluster_indexes": [
        9
      ],
      "event_title": "争议性多癌症血液检测",
      "reason": "独立的医疗技术争议事件，无其他集群与之关联。"
    },
    {
      "group_id": "G010",
      "cluster_indexes": [
        10
      ],
      "event_title": "美国梦与学校教育民调",
      "reason": "独立的民调发布事件，无其他集群与之关联。"
    },
    {
      "group_id": "G011",
      "cluster_indexes": [
        11
      ],
      "event_title": "低收入儿童COVID疫苗获取",
      "reason": "独立的公共卫生政策实施事件，无其他集群与之关联。"
    },
    {
      "group_id": "G012",
      "cluster_indexes": [
        12
      ],
      "event_title": "演员饰演撒旦与犹大",
      "reason": "独立的娱乐/艺术人物特写事件，无其他集群与之关联。"
    },
    {
      "group_id": "G013",
      "cluster_indexes": [
        13
      ],
      "event_title": "Turning Point USA与ICE枪击案律师冲突",
      "reason": "独立的政治/法律冲突事件，无其他集群与之关联。"
    },
    {
      "group_id": "G014",
      "cluster_indexes": [
        14
      ],
      "event_title": "Sydney Sweeney内衣广告活动",
      "reason": "独立的娱乐明星商业活动事件，无其他集群与之关联。"
    },
    {
      "group_id": "G015",
      "cluster_indexes": [
        15
      ],
      "event_title": "Corie Walsh丈夫中毒阴谋案",
      "reason": "独立的法律诉讼/刑事案件事件，无其他集群与之关联。"
    },
    {
      "group_id": "G016",
      "cluster_indexes": [
        16
      ],
      "event_title": "AOC税收活动设计师争议",
      "reason": "独立的政治人物关联商业争议事件，无其他集群与之关联。"
    },
    {
      "group_id": "G017",
      "cluster_indexes": [
        17
      ],
      "event_title": "Ella Langley创纪录的一周",
      "reason": "独立的音乐产业成就事件，无其他集群与之关联。"
    },
    {
      "group_id": "G018",
      "cluster_indexes": [
        18
      ],
      "event_title": "Roseanne Barr与前同事争执",
      "reason": "独立的娱乐界人际冲突事件，无其他集群与之关联。"
    },
    {
      "group_id": "G019",
      "cluster_indexes": [
        19
      ],
      "event_title": "联合国呼吁自由伊朗",
      "reason": "独立的国际政治外交事件，无其他集群与之关联。"
    },
    {
      "group_id": "G020",
      "cluster_indexes": [
        20
      ],
      "event_title": "佛罗里达鳄鱼队对阵奥莱_miss Rebels",
      "reason": "独立的体育赛事预告事件，无其他集群与之关联。"
    },
    {
      "group_id": "G021",
      "cluster_indexes": [
        21
      ],
      "event_title": "Sheridan Gorman母亲批评民主党议员",
      "reason": "独立的政治抗议/立法程序冲突事件，无其他集群与之关联。"
    },
    {
      "group_id": "G022",
      "cluster_indexes": [
        22
      ],
      "event_title": "El-Sayed与前GOP对手关于穆斯林争议的过往视频",
      "reason": "独立的政治人物历史争议曝光事件，无其他集群与之关联。"
    },
    {
      "group_id": "G023",
      "cluster_indexes": [
        23,
        24
      ],
      "event_title": "宾夕法尼亚州体育博彩与每日梦幻体育应用指南",
      "reason": "Cluster 23和Cluster 24均属于同一主题：2026年宾夕法尼亚州体育博彩/Daily Fantasy Sports应用的推荐与评测。虽然涉及不同平台类型（传统博彩 vs DFS），但在新闻归并中，这类区域性、同类型的体育赌博产业指南常被作为同一主题报道或并列发布，且紧密相关（均为PA州体育博彩App推荐）。然而，根据严格的具体事件合并标准，这是两篇独立的评测/指南文章，针对不同的子领域（Sportsbooks vs DFS Apps）。若视为同一‘PA体育博彩指南’专题则合并；但通常这是两家独立媒体或同一媒体的两个独立板块。鉴于它们描述的是同一时间段内针对同一地区（PA）的体育赌博产品推荐，且往往在同一用户意图下被搜索，可视为同一‘体育博彩市场概况’事件的一部分。但更严格的解读是：这是两个不同的‘最佳应用’列表文章。考虑到‘不得合并：同产业不同事件’，这里建议分开。但是，如果这是一次‘PA体育博彩指南更新’的报道，可能合并。鉴于信息有限，且它们是完全独立的文章编号，最安全的做法是分开放。不过，若观察其内容性质，均为‘最佳体育博彩/DFS应用’，属于同一类消费指南。此处为了严格遵守‘具体事件’定义，分开更为妥当，因为它们是两个独立的产品评测事件。等等，重新审视：Cluster 23是Pennsylvania Sports Betting，Cluster 24是Best DFS Apps 2026。它们很可能是同一篇长文的一部分，或者是同一网站同一专题下的两篇独立文章。如果没有证据表明它们是同一篇文章的不同部分，应分开。因此，我将它们分开。修正：G023包含Cluster 23，G024包含Cluster 24。"
    },
    {
      "group_id": "G023",
      "cluster_indexes": [
        23
      ],
      "event_title": "宾夕法尼亚州体育博彩应用概览",
      "reason": "独立的体育博彩应用评测事件，虽与Cluster 24主题相近，但为独立的应用推荐列表。"
    },
    {
      "group_id": "G024",
      "cluster_indexes": [
        24
      ],
      "event_title": "2026年最佳每日梦幻体育(DSF)应用评测",
      "reason": "独立的DFS应用评测事件，虽与Cluster 23同属体育博彩产业，但是具体的不同产品类型评测。"
    },
    {
      "group_id": "G025",
      "cluster_indexes": [
        25
      ],
      "event_title": "Ms Rachel点名沉默的名人关注加沙",
      "reason": "独立的娱乐人物政治倡导事件，无其他集群与之关联。"
    },
    {
      "group_id": "G026",
      "cluster_indexes": [
        26
      ],
      "event_title": "多莉·帕顿姐妹否认不和传闻",
      "reason": "独立的娱乐家庭谣言澄清事件，无其他集群与之关联。"
    },
    {
      "group_id": "G027",
      "cluster_indexes": [
        27
      ],
      "event_title": "特朗普与习近平国宴菜单细节",
      "reason": "独立的外交活动细节报道事件，无其他集群与之关联。"
    },
    {
      "group_id": "G028",
      "cluster_indexes": [
        28
      ],
      "event_title": "戴尔·恩哈特击打杀死鹿的男子",
      "reason": "独立的赛车手个人轶事/法律事件，无其他集群与之关联。"
    },
    {
      "group_id": "G029",
      "cluster_indexes": [
        29
      ],
      "event_title": "达科·普雷斯科特前女友回应怀孕传闻",
      "reason": "独立的运动员私人生活/法律纠纷事件，无其他集群与之关联。"
    },
    {
      "group_id": "G030",
      "cluster_indexes": [
        30
      ],
      "event_title": "天使妈妈批评蓝州地方检察官",
      "reason": "独立的政治/司法政策批评事件，无其他集群与之关联。"
    }
  ]
}
================================================================================

================================================================================
TIME: 2026-09-25T16:57:54.858618+08:00
DATE: 2026-09-25
STAGE: STAGE 1B / ROUND 1 / WINDOW 3
MESSAGE: Global Merge窗口AI输出经过Repair后恢复正常。
DETAILS:
{
  "repair_attempt": 1,
  "groups": [
    {
      "group_id": "G001",
      "cluster_indexes": [
        1
      ],
      "event_title": "特朗普执政风格评论文章",
      "reason": "独立的政治评论事件，无其他集群与之构成同一具体事件。"
    },
    {
      "group_id": "G002",
      "cluster_indexes": [
        2
      ],
      "event_title": "Edward Lehner去世",
      "reason": "独立的讣告类新闻事件。"
    },
    {
      "group_id": "G003",
      "cluster_indexes": [
        3
      ],
      "event_title": "犹太特许学校获法院批准",
      "reason": "独立的法律/教育判决事件。"
    },
    {
      "group_id": "G004",
      "cluster_indexes": [
        4
      ],
      "event_title": "弗吉尼亚州青年牧师性侵案认罪",
      "reason": "独立的刑事案件事件。"
    },
    {
      "group_id": "G005",
      "cluster_indexes": [
        5
      ],
      "event_title": "近17万磅生肉因虚假标签召回",
      "reason": "独立的食品安全召回事件。"
    },
    {
      "group_id": "G006",
      "cluster_indexes": [
        6
      ],
      "event_title": "斯坦福大学移除AI篡改照片",
      "reason": "独立的校园/AI伦理事件。"
    },
    {
      "group_id": "G007",
      "cluster_indexes": [
        7
      ],
      "event_title": "走失山羊找回羊群",
      "reason": "独立的人性趣闻事件。"
    },
    {
      "group_id": "G008",
      "cluster_indexes": [
        8
      ],
      "event_title": "加州亿万富翁税收运动图表",
      "reason": "独立的政策/税收相关媒体事件。"
    },
    {
      "group_id": "G009",
      "cluster_indexes": [
        9
      ],
      "event_title": "争议性多癌症血液检测",
      "reason": "独立的医疗技术争议事件。"
    },
    {
      "group_id": "G010",
      "cluster_indexes": [
        10
      ],
      "event_title": "美国梦与学校教育民调",
      "reason": "独立的民调发布事件。"
    },
    {
      "group_id": "G011",
      "cluster_indexes": [
        11
      ],
      "event_title": "低收入儿童COVID疫苗获取",
      "reason": "独立的公共卫生政策实施事件。"
    },
    {
      "group_id": "G012",
      "cluster_indexes": [
        12
      ],
      "event_title": "演员饰演撒旦与犹大",
      "reason": "独立的娱乐/艺术人物特写事件。"
    },
    {
      "group_id": "G013",
      "cluster_indexes": [
        13
      ],
      "event_title": "Turning Point USA与ICE枪击案律师冲突",
      "reason": "独立的政治/法律冲突事件。"
    },
    {
      "group_id": "G014",
      "cluster_indexes": [
        14
      ],
      "event_title": "Sydney Sweeney内衣广告活动",
      "reason": "独立的娱乐明星商业活动事件。"
    },
    {
      "group_id": "G015",
      "cluster_indexes": [
        15
      ],
      "event_title": "Corie Walsh丈夫中毒阴谋案",
      "reason": "独立的法律诉讼/刑事案件事件。"
    },
    {
      "group_id": "G016",
      "cluster_indexes": [
        16
      ],
      "event_title": "AOC税收活动设计师争议",
      "reason": "独立的政治人物关联商业争议事件。"
    },
    {
      "group_id": "G017",
      "cluster_indexes": [
        17
      ],
      "event_title": "Ella Langley创纪录的一周",
      "reason": "独立的音乐产业成就事件。"
    },
    {
      "group_id": "G018",
      "cluster_indexes": [
        18
      ],
      "event_title": "Roseanne Barr与前同事争执",
      "reason": "独立的娱乐界人际冲突事件。"
    },
    {
      "group_id": "G019",
      "cluster_indexes": [
        19
      ],
      "event_title": "联合国呼吁自由伊朗",
      "reason": "独立的国际政治外交事件。"
    },
    {
      "group_id": "G020",
      "cluster_indexes": [
        20
      ],
      "event_title": "佛罗里达鳄鱼队对阵奥莱 Miss Rebels",
      "reason": "独立的体育赛事预告事件。"
    },
    {
      "group_id": "G021",
      "cluster_indexes": [
        21
      ],
      "event_title": "Sheridan Gorman母亲批评民主党议员",
      "reason": "独立的政治抗议/立法程序冲突事件。"
    },
    {
      "group_id": "G022",
      "cluster_indexes": [
        22
      ],
      "event_title": "El-Sayed与前GOP对手关于穆斯林争议的过往视频",
      "reason": "独立的政治人物历史争议曝光事件。"
    },
    {
      "group_id": "G023",
      "cluster_indexes": [
        23
      ],
      "event_title": "宾夕法尼亚州体育博彩应用概览",
      "reason": "独立的体育博彩应用评测事件。"
    },
    {
      "group_id": "G024",
      "cluster_indexes": [
        24
      ],
      "event_title": "2026年最佳每日梦幻体育(DSF)应用评测",
      "reason": "独立的DFS应用评测事件，与Cluster 23为不同产品类型评测。"
    },
    {
      "group_id": "G025",
      "cluster_indexes": [
        25
      ],
      "event_title": "Ms Rachel点名沉默的名人关注加沙",
      "reason": "独立的娱乐人物政治倡导事件。"
    },
    {
      "group_id": "G026",
      "cluster_indexes": [
        26
      ],
      "event_title": "多莉·帕顿姐妹否认不和传闻",
      "reason": "独立的娱乐家庭谣言澄清事件。"
    },
    {
      "group_id": "G027",
      "cluster_indexes": [
        27
      ],
      "event_title": "特朗普与习近平国宴菜单细节",
      "reason": "独立的外交活动细节报道事件。"
    },
    {
      "group_id": "G028",
      "cluster_indexes": [
        28
      ],
      "event_title": "戴尔·恩哈特击打杀死鹿的男子",
      "reason": "独立的赛车手个人轶事/法律事件。"
    },
    {
      "group_id": "G029",
      "cluster_indexes": [
        29
      ],
      "event_title": "达科·普雷斯科特前女友回应怀孕传闻",
      "reason": "独立的运动员私人生活/法律纠纷事件。"
    },
    {
      "group_id": "G030",
      "cluster_indexes": [
        30
      ],
      "event_title": "天使妈妈批评蓝州地方检察官",
      "reason": "独立的政治/司法政策批评事件。"
    }
  ]
}
================================================================================

================================================================================
TIME: 2026-09-25T16:58:47.026026+08:00
DATE: 2026-09-25
STAGE: STAGE 1B / ROUND 1 / WINDOW 7
MESSAGE: V6.5.3 Global Merge窗口AI输出Coverage异常，进入自动Repair。
DETAILS:
{
  "attempt": 1,
  "duplicate": [],
  "missing": [
    2,
    4,
    16
  ],
  "extra": [],
  "malformed": [],
  "groups": [
    {
      "group_id": "G001",
      "cluster_indexes": [
        1,
        22
      ],
      "event_title": "日本假期期间美朝外交与绑架问题",
      "reason": "Cluster 1 (EVT-20260925-000514) 描述日本假期期间与朝鲜相关的独立外交事件，Cluster 22 (EVT-20260925-000535) 描述日本家属请求特朗普在美朝会谈中提出绑架问题。两者共同指向同一时间段内、同一外交背景（美朝会谈）下的日本相关外交动态，属于同一具体现实事件的不同方面。"
    },
    {
      "group_id": "G002",
      "cluster_indexes": [
        3,
        27
      ],
      "event_title": "美中领导峰会与台湾议题及波音协议",
      "reason": "Cluster 3 (EVT-20260925-000516) 涉及特朗普与习近平峰会及台湾独立议题，Cluster 27 (EVT-20260925-000540) 涉及特朗普迎接习近平出席峰会及波音协议前景。两者共同指向同一具体现实事件：美中领导人的峰会及其相关议题（台湾、波音），属于同一正在持续发展的单一现实事件。"
    },
    {
      "group_id": "G003",
      "cluster_indexes": [
        5,
        6,
        7
      ],
      "event_title": "日本地缘政治与安全战略调整",
      "reason": "Cluster 5 (EVT-20260925-000518) 涉及美日讨论中国稀土出口管制，Cluster 6 (EVT-20260925-000519) 涉及冲绳选举后日本推动西南shift政策，Cluster 16 (EVT-20260925-000531) 涉及中国反对高市早苗废除敌国条款。这三者虽然涉及不同具体方面，但都反映了日本在特定时期内围绕国家安全、外交政策和大国外交关系的调整，属于同一地缘政治背景下的具体事件集合。然而，根据严格合并规则，它们分别属于不同的具体事件（稀土管制、西南群岛战略、敌国条款），因此不应合并。"
    },
    {
      "group_id": "G004",
      "cluster_indexes": [
        8
      ],
      "event_title": "大泽正敬松本音乐节",
      "reason": "单独的文化艺术事件，无其他Cluster与之对应。"
    },
    {
      "group_id": "G005",
      "cluster_indexes": [
        9
      ],
      "event_title": "日本故乡纳税规则收紧",
      "reason": "单独的政策事件，无其他Cluster与之对应。"
    },
    {
      "group_id": "G006",
      "cluster_indexes": [
        10
      ],
      "event_title": "美国法官阻止白宫封禁媒体",
      "reason": "单独的法律政治事件，无其他Cluster与之对应。"
    },
    {
      "group_id": "G007",
      "cluster_indexes": [
        11
      ],
      "event_title": "日本食品企业美国投资",
      "reason": "单独的商业事件，无其他Cluster与之对应。"
    },
    {
      "group_id": "G008",
      "cluster_indexes": [
        12
      ],
      "event_title": "柬埔寨反诈骗赌场打击",
      "reason": "单独的执法事件，无其他Cluster与之对应。"
    },
    {
      "group_id": "G009",
      "cluster_indexes": [
        13
      ],
      "event_title": "Ohashi游泳世界纪录",
      "reason": "单独的体育事件，无其他Cluster与之对应。"
    },
    {
      "group_id": "G010",
      "cluster_indexes": [
        14
      ],
      "event_title": "英国人成泰国最高外侨僧侣",
      "reason": "单独的宗教文化事件，无其他Cluster与之对应。"
    },
    {
      "group_id": "G011",
      "cluster_indexes": [
        15
      ],
      "event_title": "大谷翔平回归比赛",
      "reason": "单独的体育事件，无其他Cluster与之对应。"
    },
    {
      "group_id": "G012",
      "cluster_indexes": [
        17
      ],
      "event_title": "DoorDash纽约薪资和解",
      "reason": "单独的法律事件，无其他Cluster与之对应。"
    },
    {
      "group_id": "G013",
      "cluster_indexes": [
        18
      ],
      "event_title": "电影评论：Until the T-Shirt Dries",
      "reason": "单独的文化评论事件，无其他Cluster与之对应。"
    },
    {
      "group_id": "G014",
      "cluster_indexes": [
        19
      ],
      "event_title": "蒙古牧民气候变化技术",
      "reason": "单独的环境事件，无其他Cluster与之对应。"
    },
    {
      "group_id": "G015",
      "cluster_indexes": [
        20
      ],
      "event_title": "Ha Young Netflix退出",
      "reason": "单独的文化政治事件，无其他Cluster与之对应。"
    },
    {
      "group_id": "G016",
      "cluster_indexes": [
        21
      ],
      "event_title": "台风杜炬桑及日本灾害应对",
      "reason": "单独的自然灾害与社会治理事件，无其他Cluster与之对应。"
    },
    {
      "group_id": "G017",
      "cluster_indexes": [
        23
      ],
      "event_title": "AI相互摧毁论",
      "reason": "单独的技术哲学事件，无其他Cluster与之对应。"
    },
    {
      "group_id": "G018",
      "cluster_indexes": [
        24
      ],
      "event_title": "日本性别差距现状",
      "reason": "单独的社会统计事件，无其他Cluster与之对应。"
    },
    {
      "group_id": "G019",
      "cluster_indexes": [
        25
      ],
      "event_title": "台湾南海巡逻升级",
      "reason": "单独的军事事件，无其他Cluster与之对应。"
    },
    {
      "group_id": "G020",
      "cluster_indexes": [
        26
      ],
      "event_title": "Meta launches AI gadget Charm",
      "reason": "单独的产品发布事件，无其他Cluster与之对应。"
    },
    {
      "group_id": "G021",
      "cluster_indexes": [
        28
      ],
      "event_title": "North Korean POWs transferred to South Korea",
      "reason": "单独的军事/人道主义事件，无其他Cluster与之对应。"
    },
    {
      "group_id": "G022",
      "cluster_indexes": [
        29
      ],
      "event_title": "South Korea-Mexico bilateral cooperation",
      "reason": "单独的双边合作事件，无其他Cluster与之对应。"
    },
    {
      "group_id": "G023",
      "cluster_indexes": [
        30
      ],
      "event_title": "South Korea Chuseok holiday and presidential updates",
      "reason": "单独的节日与政治更新事件，无其他Cluster与之对应。"
    }
  ]
}
================================================================================

================================================================================
TIME: 2026-09-25T16:59:04.266236+08:00
DATE: 2026-09-25
STAGE: STAGE 1B / ROUND 1 / WINDOW 7
MESSAGE: V6.5.3 Global Merge窗口AI输出Coverage异常，进入自动Repair。
DETAILS:
{
  "attempt": 2,
  "duplicate": [
    2,
    16
  ],
  "missing": [],
  "extra": [],
  "malformed": [],
  "groups": [
    {
      "group_id": "G001",
      "cluster_indexes": [
        1,
        22
      ],
      "event_title": "日本假期期间美朝外交与绑架问题",
      "reason": "Cluster 1 和 Cluster 22 均描述日本假期期间围绕美朝会谈的外交动态，包括朝鲜相关外交事件及家属请求特朗普提出绑架问题，属于同一具体现实事件。"
    },
    {
      "group_id": "G002",
      "cluster_indexes": [
        3,
        27
      ],
      "event_title": "美中领导峰会与台湾议题及波音协议",
      "reason": "Cluster 3 和 Cluster 27 共同指向特朗普与习近平峰会，涉及台湾议题及波音协议，属于同一正在持续发展的单一现实事件。"
    },
    {
      "group_id": "G003",
      "cluster_indexes": [
        2,
        16
      ],
      "event_title": "以色列总理种族灭绝辩护及中日敌国条款争议",
      "reason": "经复核，Cluster 2 (内塔尼亚胡种族灭绝辩护) 与 Cluster 16 (中日敌国条款争议) 为完全不同的独立外交/政治事件，无共同具体现实指向。根据严格校验规则，两者不可合并。此处重新分配：Cluster 2 为独立singleton，Cluster 16 为独立singleton。但在上一轮错误输出中，Cluster 2 被错误归入 G001，Cluster 16 被错误归入 G003 后又被标记为不可合并。现修正为：Cluster 2 单独成组，Cluster 16 单独成组。"
    },
    {
      "group_id": "G003",
      "cluster_indexes": [
        2
      ],
      "event_title": "内塔尼亚胡种族灭绝辩护",
      "reason": "以色列总理就种族灭绝指控进行辩护的独立政治事件，无其他Cluster与之构成同一具体现实事件。"
    },
    {
      "group_id": "G004",
      "cluster_indexes": [
        4
      ],
      "event_title": "亚马逊印度物流投资",
      "reason": "亚马逊在印度投资30亿美元的独立商业新闻，无其他Cluster与之对应。"
    },
    {
      "group_id": "G005",
      "cluster_indexes": [
        5
      ],
      "event_title": "小林制药收购谈判",
      "reason": "小林制药5000亿日元收购谈判的独立商业事件，无其他Cluster与之对应。"
    },
    {
      "group_id": "G006",
      "cluster_indexes": [
        6
      ],
      "event_title": "美中稀土出口管制协调",
      "reason": "美日讨论中国稀土出口管制的独立地缘政治事件，无其他Cluster与之对应。"
    },
    {
      "group_id": "G007",
      "cluster_indexes": [
        7
      ],
      "event_title": "日本西南群岛战略调整",
      "reason": "冲绳选举后日本推动西南shift政策的独立事件，无其他Cluster与之对应。"
    },
    {
      "group_id": "G008",
      "cluster_indexes": [
        8
      ],
      "event_title": "大泽正敬松本音乐节",
      "reason": "音乐节trumpet终章的文化艺术独立事件，无其他Cluster与之对应。"
    },
    {
      "group_id": "G009",
      "cluster_indexes": [
        9
      ],
      "event_title": "日本故乡纳税规则收紧",
      "reason": "日本十月收紧furusato nōzei规则的独立政策事件，无其他Cluster与之对应。"
    },
    {
      "group_id": "G010",
      "cluster_indexes": [
        10
      ],
      "event_title": "美国法官阻止白宫封禁媒体",
      "reason": "法官阻止禁止CNN等媒体的独立法律政治事件，无其他Cluster与之对应。"
    },
    {
      "group_id": "G011",
      "cluster_indexes": [
        11
      ],
      "event_title": "日本食品企业美国投资",
      "reason": "日本食品制造商增加美国投资的独立商业事件，无其他Cluster与之对应。"
    },
    {
      "group_id": "G012",
      "cluster_indexes": [
        12
      ],
      "event_title": "柬埔寨反诈骗赌场打击",
      "reason": "柬埔寨下一阶段反诈骗打击赌场的独立执法事件，无其他Cluster与之对应。"
    },
    {
      "group_id": "G013",
      "cluster_indexes": [
        13
      ],
      "event_title": "Ohashi游泳世界纪录",
      "reason": "Ohashi打破200米蛙泳世界纪录获得亚运会金牌的独立体育事件，无其他Cluster与之对应。"
    },
    {
      "group_id": "G014",
      "cluster_indexes": [
        14
      ],
      "event_title": "英国人成泰国最高外侨僧侣",
      "reason": "英国人在泰国成为最高级别外籍僧侣的独立宗教文化事件，无其他Cluster与之对应。"
    },
    {
      "group_id": "G015",
      "cluster_indexes": [
        15
      ],
      "event_title": "大谷翔平回归比赛",
      "reason": "Padres击败Dodgers在大谷翔平回归比赛的独立体育事件，无其他Cluster与之对应。"
    },
    {
      "group_id": "G016",
      "cluster_indexes": [
        16
      ],
      "event_title": "中日敌国条款争议",
      "reason": "中国反对高市早苗废除敌国条款的独立外交事件，无其他Cluster与之构成同一具体现实事件。"
    },
    {
      "group_id": "G017",
      "cluster_indexes": [
        17
      ],
      "event_title": "DoorDash纽约薪资和解",
      "reason": "DoorDash支付1.32亿美元纽约欠薪和解的独立法律事件，无其他Cluster与之对应。"
    },
    {
      "group_id": "G018",
      "cluster_indexes": [
        18
      ],
      "event_title": "电影评论：Until the T-Shirt Dries",
      "reason": "关于婚姻主题电影的独立文化评论，无其他Cluster与之对应。"
    },
    {
      "group_id": "G019",
      "cluster_indexes": [
        19
      ],
      "event_title": "蒙古牧民气候变化技术",
      "reason": "蒙古牧民使用新技术应对气候变化的独立环境事件，无其他Cluster与之对应。"
    },
    {
      "group_id": "G020",
      "cluster_indexes": [
        20
      ],
      "event_title": "Ha Young Netflix退出",
      "reason": "韩国艺人Netflix事件反映殖民历史的独立文化政治事件，无其他Cluster与之对应。"
    },
    {
      "group_id": "G021",
      "cluster_indexes": [
        21
      ],
      "event_title": "台风杜炬桑及日本灾害应对",
      "reason": "台风Dujuan致命影响与东京垃圾问题罚款措施共同反映日本近期灾害与社会治理事件，无其他Cluster与之对应。"
    },
    {
      "group_id": "G022",
      "cluster_indexes": [
        23
      ],
      "event_title": "AI相互摧毁论",
      "reason": "探讨AI新型相互确保摧毁的独立技术哲学事件，无其他Cluster与之对应。"
    },
    {
      "group_id": "G023",
      "cluster_indexes": [
        24
      ],
      "event_title": "日本性别差距现状",
      "reason": "揭示日本性别差距实际状况的独立社会统计事件，无其他Cluster与之对应。"
    },
    {
      "group_id": "G024",
      "cluster_indexes": [
        25
      ],
      "event_title": "台湾南海巡逻升级",
      "reason": "台湾加强南海前哨海上巡逻能力的独立军事事件，无其他Cluster与之对应。"
    },
    {
      "group_id": "G025",
      "cluster_indexes": [
        26
      ],
      "event_title": "Meta launches AI gadget Charm",
      "reason": "Meta发布AI硬件Charm的独立产品发布事件，无其他Cluster与之对应。"
    },
    {
      "group_id": "G026",
      "cluster_indexes": [
        28
      ],
      "event_title": "North Korean POWs transferred to South Korea",
      "reason": "乌克兰向北韩战俘移交韩国的相关确认与报道的独立军事/人道主义事件，无其他Cluster与之对应。"
    },
    {
      "group_id": "G027",
      "cluster_indexes": [
        29
      ],
      "event_title": "South Korea-Mexico bilateral cooperation",
      "reason": "韩国与墨西哥签署合作行动计划及启动油气供应链对话的独立双边合作事件，无其他Cluster与之对应。"
    },
    {
      "group_id": "G028",
      "cluster_indexes": [
        30
      ],
      "event_title": "South Korea Chuseok holiday and presidential updates",
      "reason": "韩国总统中秋致辞及四天假期开始的独立节日与政治更新事件，无其他Cluster与之对应。"
    }
  ]
}
================================================================================

================================================================================
TIME: 2026-09-25T16:59:22.703047+08:00
DATE: 2026-09-25
STAGE: STAGE 1B / ROUND 1 / WINDOW 7
MESSAGE: Global Merge窗口AI输出经过Repair后恢复正常。
DETAILS:
{
  "repair_attempt": 2,
  "groups": [
    {
      "group_id": "G001",
      "cluster_indexes": [
        1,
        22
      ],
      "event_title": "日本假期期间美朝外交与绑架问题",
      "reason": "Cluster 1 (东京假期外交动态) 和 Cluster 22 (日本家属请特朗普提出绑架问题) 均指向日本假期期间围绕美朝会谈的外交动态，属于同一具体现实事件。"
    },
    {
      "group_id": "G002",
      "cluster_indexes": [
        3,
        27
      ],
      "event_title": "美中领导峰会与台湾议题及波音协议",
      "reason": "Cluster 3 和 Cluster 27 共同指向特朗普与习近平峰会，涉及台湾议题及波音协议，属于同一正在持续发展的单一现实事件。"
    },
    {
      "group_id": "G003",
      "cluster_indexes": [
        2
      ],
      "event_title": "内塔尼亚胡种族灭绝辩护",
      "reason": "以色列总理就种族灭绝指控进行辩护的独立政治事件，无其他Cluster与之构成同一具体现实事件。"
    },
    {
      "group_id": "G004",
      "cluster_indexes": [
        4
      ],
      "event_title": "亚马逊印度物流投资",
      "reason": "亚马逊在印度投资30亿美元的独立商业新闻，无其他Cluster与之对应。"
    },
    {
      "group_id": "G005",
      "cluster_indexes": [
        5
      ],
      "event_title": "小林制药收购谈判",
      "reason": "小林制药5000亿日元收购谈判的独立商业事件，无其他Cluster与之对应。"
    },
    {
      "group_id": "G006",
      "cluster_indexes": [
        6
      ],
      "event_title": "美中稀土出口管制协调",
      "reason": "美日讨论中国稀土出口管制的独立地缘政治事件，无其他Cluster与之对应。"
    },
    {
      "group_id": "G007",
      "cluster_indexes": [
        7
      ],
      "event_title": "日本西南群岛战略调整",
      "reason": "冲绳选举后日本推动西南shift政策的独立事件，无其他Cluster与之对应。"
    },
    {
      "group_id": "G008",
      "cluster_indexes": [
        8
      ],
      "event_title": "大泽正敬松本音乐节",
      "reason": "音乐节trumpet终章的文化艺术独立事件，无其他Cluster与之对应。"
    },
    {
      "group_id": "G009",
      "cluster_indexes": [
        9
      ],
      "event_title": "日本故乡纳税规则收紧",
      "reason": "日本十月收紧furusato nōzei规则的独立政策事件，无其他Cluster与之对应。"
    },
    {
      "group_id": "G010",
      "cluster_indexes": [
        10
      ],
      "event_title": "美国法官阻止白宫封禁媒体",
      "reason": "法官阻止禁止CNN等媒体的独立法律政治事件，无其他Cluster与之对应。"
    },
    {
      "group_id": "G011",
      "cluster_indexes": [
        11
      ],
      "event_title": "日本食品企业美国投资",
      "reason": "日本食品制造商增加美国投资的独立商业事件，无其他Cluster与之对应。"
    },
    {
      "group_id": "G012",
      "cluster_indexes": [
        12
      ],
      "event_title": "柬埔寨反诈骗赌场打击",
      "reason": "柬埔寨下一阶段反诈骗打击赌场的独立执法事件，无其他Cluster与之对应。"
    },
    {
      "group_id": "G013",
      "cluster_indexes": [
        13
      ],
      "event_title": "Ohashi游泳世界纪录",
      "reason": "Ohashi打破200米蛙泳世界纪录获得亚运会金牌的独立体育事件，无其他Cluster与之对应。"
    },
    {
      "group_id": "G014",
      "cluster_indexes": [
        14
      ],
      "event_title": "英国人成泰国最高外侨僧侣",
      "reason": "英国人在泰国成为最高级别外籍僧侣的独立宗教文化事件，无其他Cluster与之对应。"
    },
    {
      "group_id": "G015",
      "cluster_indexes": [
        15
      ],
      "event_title": "大谷翔平回归比赛",
      "reason": "Padres击败Dodgers在大谷翔平回归比赛的独立体育事件，无其他Cluster与之对应。"
    },
    {
      "group_id": "G016",
      "cluster_indexes": [
        16
      ],
      "event_title": "中日敌国条款争议",
      "reason": "中国反对高市早苗废除敌国条款的独立外交事件，无其他Cluster与之构成同一具体现实事件。"
    },
    {
      "group_id": "G017",
      "cluster_indexes": [
        17
      ],
      "event_title": "DoorDash纽约薪资和解",
      "reason": "DoorDash支付1.32亿美元纽约欠薪和解的独立法律事件，无其他Cluster与之对应。"
    },
    {
      "group_id": "G018",
      "cluster_indexes": [
        18
      ],
      "event_title": "电影评论：Until the T-Shirt Dries",
      "reason": "关于婚姻主题电影的独立文化评论，无其他Cluster与之对应。"
    },
    {
      "group_id": "G019",
      "cluster_indexes": [
        19
      ],
      "event_title": "蒙古牧民气候变化技术",
      "reason": "蒙古牧民使用新技术应对气候变化的独立环境事件，无其他Cluster与之对应。"
    },
    {
      "group_id": "G020",
      "cluster_indexes": [
        20
      ],
      "event_title": "Ha Young Netflix退出",
      "reason": "韩国艺人Netflix事件反映殖民历史的独立文化政治事件，无其他Cluster与之对应。"
    },
    {
      "group_id": "G021",
      "cluster_indexes": [
        21
      ],
      "event_title": "台风杜炬桑及日本灾害应对",
      "reason": "台风Dujuan致命影响与东京垃圾问题罚款措施共同反映日本近期灾害与社会治理事件，无其他Cluster与之对应。"
    },
    {
      "group_id": "G022",
      "cluster_indexes": [
        23
      ],
      "event_title": "AI相互摧毁论",
      "reason": "探讨AI新型相互确保摧毁的独立技术哲学事件，无其他Cluster与之对应。"
    },
    {
      "group_id": "G023",
      "cluster_indexes": [
        24
      ],
      "event_title": "日本性别差距现状",
      "reason": "揭示日本性别差距实际状况的独立社会统计事件，无其他Cluster与之对应。"
    },
    {
      "group_id": "G024",
      "cluster_indexes": [
        25
      ],
      "event_title": "台湾南海巡逻升级",
      "reason": "台湾加强南海前哨海上巡逻能力的独立军事事件，无其他Cluster与之对应。"
    },
    {
      "group_id": "G025",
      "cluster_indexes": [
        26
      ],
      "event_title": "Meta launches AI gadget Charm",
      "reason": "Meta发布AI硬件Charm的独立产品发布事件，无其他Cluster与之对应。"
    },
    {
      "group_id": "G026",
      "cluster_indexes": [
        28
      ],
      "event_title": "North Korean POWs transferred to South Korea",
      "reason": "乌克兰向北韩战俘移交韩国的相关确认与报道的独立军事/人道主义事件，无其他Cluster与之对应。"
    },
    {
      "group_id": "G027",
      "cluster_indexes": [
        29
      ],
      "event_title": "South Korea-Mexico bilateral cooperation",
      "reason": "韩国与墨西哥签署合作行动计划及启动油气供应链对话的独立双边合作事件，无其他Cluster与之对应。"
    },
    {
      "group_id": "G028",
      "cluster_indexes": [
        30
      ],
      "event_title": "South Korea Chuseok holiday and presidential updates",
      "reason": "韩国总统中秋致辞及四天假期开始的独立节日与政治更新事件，无其他Cluster与之对应。"
    }
  ]
}
================================================================================

================================================================================
TIME: 2026-09-25T17:00:15.634648+08:00
DATE: 2026-09-25
STAGE: STAGE 1B / ROUND 1 / WINDOW 10
MESSAGE: V6.5.3 Global Merge窗口AI输出Coverage异常，进入自动Repair。
DETAILS:
{
  "attempt": 1,
  "duplicate": [
    29,
    30
  ],
  "missing": [],
  "extra": [],
  "malformed": [],
  "groups": [
    {
      "group_id": "G001",
      "cluster_indexes": [
        1
      ],
      "event_title": "HSV足球俱乐部财务收益",
      "reason": "独立事件：HSV俱乐部的财务收入情况，无其他Cluster涉及。"
    },
    {
      "group_id": "G002",
      "cluster_indexes": [
        2
      ],
      "event_title": "萨克森州禁止绊脚石",
      "reason": "独立事件：CDU和AfD在Heidenau禁止铺设Stolpersteine的具体地方行政决策。"
    },
    {
      "group_id": "G003",
      "cluster_indexes": [
        3
      ],
      "event_title": "内塔尼亚胡联合国演讲引抗议",
      "reason": "独立事件：内塔尼亚胡在联合国发表演讲并引发外交官离场抗议的具体外交事件。"
    },
    {
      "group_id": "G004",
      "cluster_indexes": [
        4
      ],
      "event_title": "前英格兰前锋性侵指控书籍",
      "reason": "独立事件：某前英格兰前锋公开性侵经历的书籍发布/法律事件。"
    },
    {
      "group_id": "G005",
      "cluster_indexes": [
        5
      ],
      "event_title": "渥太华考虑rename Trump Avenue",
      "reason": "独立事件：加拿大首都拟更改与特朗普相关街道名称的具体市政提案。"
    },
    {
      "group_id": "G006",
      "cluster_indexes": [
        6
      ],
      "event_title": "迪拜逮捕事件",
      "reason": "独立事件：Hendrik Holt在迪拜被捕的具体刑事案件。"
    },
    {
      "group_id": "G007",
      "cluster_indexes": [
        7,
        13,
        14
      ],
      "event_title": "柏林选举后社会评论与政治争议",
      "reason": "同一背景下的柏林社会/政治议题集群：Cluster 7讨论柏林选举后的社会现象；Cluster 13报道柏林警队与Remmo家族的联系（执法/犯罪背景）；Cluster 14涉及左翼政党内部关于帮派关联的辩论。三者均聚焦于柏林近期选举后的社会秩序、警察与政治内部争议这一具体现实背景。"
    },
    {
      "group_id": "G008",
      "cluster_indexes": [
        8
      ],
      "event_title": "IEA报告：乌克兰瞄准俄罗斯石油",
      "reason": "独立事件：国际能源署发布的关于乌克兰打击俄罗斯石油战略的具体报告事件。"
    },
    {
      "group_id": "G009",
      "cluster_indexes": [
        9
      ],
      "event_title": "柏林撤回奥运会申办",
      "reason": "独立事件：柏林官方撤回奥运会申办申请的单一行政决定。"
    },
    {
      "group_id": "G010",
      "cluster_indexes": [
        10
      ],
      "event_title": "奥地利右翼民粹主义历史播客",
      "reason": "独立事件：关于奥地利右翼民粹势力入阁的历史播客分析，属文化/媒体内容。"
    },
    {
      "group_id": "G011",
      "cluster_indexes": [
        11
      ],
      "event_title": "柏林犹太人捍卫左翼政党",
      "reason": "独立事件：150名柏林犹太人在公开信中保护Linkspartei的具体社会行动。"
    },
    {
      "group_id": "G012",
      "cluster_indexes": [
        12
      ],
      "event_title": "CIA警告俄罗斯对地中海攻击",
      "reason": "独立事件：CIA针对地中海沿岸国家发出警告的地缘军事安全事件。"
    },
    {
      "group_id": "G013",
      "cluster_indexes": [
        15
      ],
      "event_title": "汉莎航空申请国内航线补贴",
      "reason": "独立事件：汉莎航空向政府申请国内航班资金补贴的具体企业动作。"
    },
    {
      "group_id": "G014",
      "cluster_indexes": [
        16
      ],
      "event_title": "德国特别基金使用情况",
      "reason": "独立事件：Sondervermögen（特别基金）资金到位但执行滞后的财政管理问题。"
    },
    {
      "group_id": "G015",
      "cluster_indexes": [
        17
      ],
      "event_title": "欧盟法院强化区域供暖用户权益",
      "reason": "独立事件：EuGH关于限制区域供暖价格上调裁决的具体法律事件。"
    },
    {
      "group_id": "G016",
      "cluster_indexes": [
        18
      ],
      "event_title": "Oasis大型巡回演唱会启动预售",
      "reason": "独立事件：Oasis乐队演唱会售票的具体文化活动。"
    },
    {
      "group_id": "G017",
      "cluster_indexes": [
        19
      ],
      "event_title": "黑森州扩大租金管制范围",
      "reason": "独立事件：黑森州将租金管制扩展至71个城市的政策变化。"
    },
    {
      "group_id": "G018",
      "cluster_indexes": [
        20
      ],
      "event_title": "央行高官人事变动",
      "reason": "独立事件：EZB/Direktorin Schnabel转任IMF的具体人事变动。"
    },
    {
      "group_id": "G019",
      "cluster_indexes": [
        21
      ],
      "event_title": "Hoeneß邻里树木纠纷",
      "reason": "独立事件：Hoeneß的树木免于被砍伐的邻里争议，属私人/社区具体事件。"
    },
    {
      "group_id": "G020",
      "cluster_indexes": [
        22
      ],
      "event_title": "金融安全与投资防御",
      "reason": "独立事件：涵盖网络诈骗、银行压力测试及抗AI波动股票的综合金融安全建议，虽含多篇文章但主题统一且无其他Cluster合并。"
    },
    {
      "group_id": "G021",
      "cluster_indexes": [
        23
      ],
      "event_title": "Alessandro Benetton谈F1教训",
      "reason": "独立事件：Benetton分享F1经验的具体人物采访/言论。"
    },
    {
      "group_id": "G022",
      "cluster_indexes": [
        24
      ],
      "event_title": "以色列与加沙战后前景探讨",
      "reason": "独立事件：Carolin Emcke新书分析地区战后未来的出版/文化事件。"
    },
    {
      "group_id": "G023",
      "cluster_indexes": [
        25
      ],
      "event_title": "科隆剧院翻新后的运营挑战",
      "reason": "独立事件：科隆剧院修缮后重新开放前面临问题的具体文化机构事件。"
    },
    {
      "group_id": "G024",
      "cluster_indexes": [
        26
      ],
      "event_title": "Sturm-Oper: Das Unsichtbare vollzählig",
      "reason": "独立事件：德国文化活动，无其他Cluster相关。"
    },
    {
      "group_id": "G025",
      "cluster_indexes": [
        27
      ],
      "event_title": "HOchschulreform: Bologna-Kritik",
      "reason": "独立事件：德国高校改革与博洛尼亚进程讨论的具体教育政策辩论。"
    },
    {
      "group_id": "G026",
      "cluster_indexes": [
        28
      ],
      "event_title": "Flag Football in Taunus",
      "reason": "独立事件：陶努斯地区极限橄榄球运动的体育报道。"
    },
    {
      "group_id": "G027",
      "cluster_indexes": [
        29,
        30
      ],
      "event_title": "F1与足球转会新闻",
      "reason": "这两者均为体育界的职业运动员转会/签约新闻，但属于不同运动项目（F1 vs 足球），且涉及不同人物和公司（Audi vs 迪拜俱乐部）。根据严格单一事件原则，它们是两个独立的具体事件。"
    },
    {
      "group_id": "G028",
      "cluster_indexes": [
        29
      ],
      "event_title": "Audi Hülkenberg F1 2027",
      "reason": "独立事件：奥迪确认胡肯伯格为2027年F1车手的单一体育签约事件。"
    },
    {
      "group_id": "G029",
      "cluster_indexes": [
        30
      ],
      "event_title": "Fußball-Transfer nach Dubai",
      "reason": "独立事件：足球国脚转会迪拜的单一体育签约事件。"
    }
  ]
}
================================================================================

================================================================================
TIME: 2026-09-25T17:00:35.252887+08:00
DATE: 2026-09-25
STAGE: STAGE 1B / ROUND 1 / WINDOW 10
MESSAGE: Global Merge窗口AI输出经过Repair后恢复正常。
DETAILS:
{
  "repair_attempt": 1,
  "groups": [
    {
      "group_id": "G001",
      "cluster_indexes": [
        1
      ],
      "event_title": "HSV足球俱乐部财务收益",
      "reason": "独立事件：HSV俱乐部的财务收入情况，无其他Cluster涉及。"
    },
    {
      "group_id": "G002",
      "cluster_indexes": [
        2
      ],
      "event_title": "萨克森州禁止绊脚石",
      "reason": "独立事件：CDU和AfD在Heidenau禁止铺设Stolpersteine的具体地方行政决策。"
    },
    {
      "group_id": "G003",
      "cluster_indexes": [
        3
      ],
      "event_title": "内塔尼亚胡联合国演讲引抗议",
      "reason": "独立事件：内塔尼亚胡在联合国发表演讲并引发外交官离场抗议的具体外交事件。"
    },
    {
      "group_id": "G004",
      "cluster_indexes": [
        4
      ],
      "event_title": "前英格兰前锋性侵指控书籍",
      "reason": "独立事件：某前英格兰前锋公开性侵经历的书籍发布/法律事件。"
    },
    {
      "group_id": "G005",
      "cluster_indexes": [
        5
      ],
      "event_title": "渥太华考虑rename Trump Avenue",
      "reason": "独立事件：加拿大首都拟更改与特朗普相关街道名称的具体市政提案。"
    },
    {
      "group_id": "G006",
      "cluster_indexes": [
        6
      ],
      "event_title": "迪拜逮捕事件",
      "reason": "独立事件：Hendrik Holt在迪拜被捕的具体刑事案件。"
    },
    {
      "group_id": "G007",
      "cluster_indexes": [
        7,
        13,
        14
      ],
      "event_title": "柏林选举后社会评论与政治争议",
      "reason": "同一背景下的柏林社会/政治议题集群：Cluster 7讨论柏林选举后的社会现象；Cluster 13报道柏林警队与Remmo家族的联系（执法/犯罪背景）；Cluster 14涉及左翼政党内部关于帮派关联的辩论。三者均聚焦于柏林近期选举后的社会秩序、警察与政治内部争议这一具体现实背景。"
    },
    {
      "group_id": "G008",
      "cluster_indexes": [
        8
      ],
      "event_title": "IEA报告：乌克兰瞄准俄罗斯石油",
      "reason": "独立事件：国际能源署发布的关于乌克兰打击俄罗斯石油战略的具体报告事件。"
    },
    {
      "group_id": "G009",
      "cluster_indexes": [
        9
      ],
      "event_title": "柏林撤回奥运会申办",
      "reason": "独立事件：柏林官方撤回奥运会申办申请的单一行政决定。"
    },
    {
      "group_id": "G010",
      "cluster_indexes": [
        10
      ],
      "event_title": "奥地利右翼民粹主义历史播客",
      "reason": "独立事件：关于奥地利右翼民粹势力入阁的历史播客分析，属文化/媒体内容。"
    },
    {
      "group_id": "G011",
      "cluster_indexes": [
        11
      ],
      "event_title": "柏林犹太人捍卫左翼政党",
      "reason": "独立事件：150名柏林犹太人在公开信中保护Linkspartei的具体社会行动。"
    },
    {
      "group_id": "G012",
      "cluster_indexes": [
        12
      ],
      "event_title": "CIA警告俄罗斯对地中海攻击",
      "reason": "独立事件：CIA针对地中海沿岸国家发出警告的地缘军事安全事件。"
    },
    {
      "group_id": "G013",
      "cluster_indexes": [
        15
      ],
      "event_title": "汉莎航空申请国内航线补贴",
      "reason": "独立事件：汉莎航空向政府申请国内航班资金补贴的具体企业动作。"
    },
    {
      "group_id": "G014",
      "cluster_indexes": [
        16
      ],
      "event_title": "德国特别基金使用情况",
      "reason": "独立事件：Sondervermögen（特别基金）资金到位但执行滞后的财政管理问题。"
    },
    {
      "group_id": "G015",
      "cluster_indexes": [
        17
      ],
      "event_title": "欧盟法院强化区域供暖用户权益",
      "reason": "独立事件：EuGH关于限制区域供暖价格上调裁决的具体法律事件。"
    },
    {
      "group_id": "G016",
      "cluster_indexes": [
        18
      ],
      "event_title": "Oasis大型巡回演唱会启动预售",
      "reason": "独立事件：Oasis乐队演唱会售票的具体文化活动。"
    },
    {
      "group_id": "G017",
      "cluster_indexes": [
        19
      ],
      "event_title": "黑森州扩大租金管制范围",
      "reason": "独立事件：黑森州将租金管制扩展至71个城市的政策变化。"
    },
    {
      "group_id": "G018",
      "cluster_indexes": [
        20
      ],
      "event_title": "央行高官人事变动",
      "reason": "独立事件：EZB/Direktorin Schnabel转任IMF的具体人事变动。"
    },
    {
      "group_id": "G019",
      "cluster_indexes": [
        21
      ],
      "event_title": "Hoeneß邻里树木纠纷",
      "reason": "独立事件：Hoeneß的树木免于被砍伐的邻里争议，属私人/社区具体事件。"
    },
    {
      "group_id": "G020",
      "cluster_indexes": [
        22
      ],
      "event_title": "金融安全与投资防御",
      "reason": "独立事件：涵盖网络诈骗、银行压力测试及抗AI波动股票的综合金融安全建议，虽含多篇文章但主题统一且无其他Cluster合并。"
    },
    {
      "group_id": "G021",
      "cluster_indexes": [
        23
      ],
      "event_title": "Alessandro Benetton谈F1教训",
      "reason": "独立事件：Benetton分享F1经验的具体人物采访/言论。"
    },
    {
      "group_id": "G022",
      "cluster_indexes": [
        24
      ],
      "event_title": "以色列与加沙战后前景探讨",
      "reason": "独立事件：Carolin Emcke新书分析地区战后未来的出版/文化事件。"
    },
    {
      "group_id": "G023",
      "cluster_indexes": [
        25
      ],
      "event_title": "科隆剧院翻新后的运营挑战",
      "reason": "独立事件：科隆剧院修缮后重新开放前面临问题的具体文化机构事件。"
    },
    {
      "group_id": "G024",
      "cluster_indexes": [
        26
      ],
      "event_title": "Sturm-Oper: Das Unsichtbare vollzählig",
      "reason": "独立事件：德国文化活动，无其他Cluster相关。"
    },
    {
      "group_id": "G025",
      "cluster_indexes": [
        27
      ],
      "event_title": "HOchschulreform: Bologna-Kritik",
      "reason": "独立事件：德国高校改革与博洛尼亚进程讨论的具体教育政策辩论。"
    },
    {
      "group_id": "G026",
      "cluster_indexes": [
        28
      ],
      "event_title": "Flag Football in Taunus",
      "reason": "独立事件：陶努斯地区极限橄榄球运动的体育报道。"
    },
    {
      "group_id": "G027",
      "cluster_indexes": [
        29
      ],
      "event_title": "Audi Hülkenberg F1 2027",
      "reason": "独立事件：奥迪确认胡肯伯格为2027年F1车手的单一体育签约事件。"
    },
    {
      "group_id": "G028",
      "cluster_indexes": [
        30
      ],
      "event_title": "Fußball-Transfer nach Dubai",
      "reason": "独立事件：足球国脚转会迪拜的单一体育签约事件。"
    }
  ]
}
================================================================================

================================================================================
TIME: 2026-09-25T17:01:17.004002+08:00
DATE: 2026-09-25
STAGE: STAGE 1B / ROUND 1 / WINDOW 11
MESSAGE: Global Merge AI JSON解析失败，进入Repair。
DETAILS:
{
  "attempt": 1,
  "error": "❌ AI JSON解析失败：2026-09-25 Global Merge Round 1 Window 11 Attempt 1\n\n{\n  \"groups\": [\n    {\n      \"group_id\": \"G001\",\n      \"cluster_indexes\": [26, 27, 28, 29],\n      \"event_title\": \"俄罗斯武装力量近期军事动态与安全事件汇总\",\n      \"reason\": \"Cluster 26（莫斯科防空拦截无人机）、Cluster 27（俄情报数据泄露危机）、Cluster 28（哈萨克斯坦军事演习死亡调查，涉及俄系军队安全与指挥链问题）、Cluster 29（熊袭击事件，虽为意外但作为俄罗斯境内突发安全新闻在同一时间窗口报道）均属于俄罗斯及独联体地区在2026年9月25日当天的军事、安全及社会紧急事件集合。其中26、27直接关联俄乌冲突背景下的军事行动与信息战，28关联俄哈军事合作/安全，29为俄境内突发事故。考虑到这是同一日期俄罗斯方向的军事与安全新闻聚合，且28与29均发生在俄管辖或关联区域，归并为“俄罗斯近期军事与安全事件”这一具体现实新闻事件组。但严格依据“不得合并同国家不同事件”原则，需审视：26是防空拦截，27是情报泄露，28是哈方演习事故，29是熊袭人。这实际上是四个完全独立的具体事件。然而，若看Cluster 20（普京向托卡耶夫致哀，因Cluster 28的死亡事件），则20和28存在因果联系。让我重新检查是否有跨Cluster的联系。\\n\\n重新分析：\\n- Cluster 20 (Putin Tokayev Beileid) 与 Cluster 28 (Kasachstan Military Exercise Death) 存在直接因果关系：普京致哀是因为托卡耶夫辖区内的演习死亡事件。因此 20 和 28 必须合并。\\n- Cluster 26 (Moscow PVO) 是独立军事事件。\\n- Cluster 27 (Intel Leak) 是独立信息安全事件。\\n- Cluster 29 (Bear Attack) 是独立社会事件。\\n\\n由于大部分Cluster都是单一且独立的，无法合并。只有20和28有明确的因果关联。\\n\\n等等，再看一遍所有Cluster。\\n1. 代孕监护权 - 独立法律事件\\n2. 楚格峰滑坡 - 独立事故\\n3. Taylor Swift - 独立明星事件\\n4. 巴黎拍摄 - 独立法律/社会事件\\n5. 法兰克福节日 - 独立文化活动\\n6. 古城墙所有者 - 独立法律/历史事件\\n7. BioNTech项目 - 独立企业事件\\n8. 酒店关闭 - 独立商业事件\\n9. 风车测试 - 独立技术/历史事件\\n10. 斯柯达车型 - 独立产品发布\\n11. 萨特访日 - 独立历史报道\\n12. AI专家观点 - 独立科技评论\\n13. 房地产女性比例 - 独立社会趋势\\n14. 租房逗号官司 - 独立法律案例\\n15. 锡特尔岛报道 - 独立旅游/文化报道\\n16. 大都会归还文物 - 独立外交/文化事件\\n17. 厄尔尼诺干旱 - 独立环境/地缘政治事件\\n18. 俄罗斯教科书 - 独立教育政策\\n19. 俄罗斯新闻汇总 - 这可能是对20, 26, 27等事件的汇总？如果是“新闻汇总”，它通常包含其他具体事件。但题目要求合并“具体事件”。如果414是综述类文章，它可能包含了20, 26, 27, 28的内容。根据规则“同一正在持续发展的单一现实事件”，汇总报道通常不被视为独立的新事件，而是现有事件的一部分。但如果414仅仅是概括，不能创造新ID。让我们看看能否将20, 26, 27, 28, 29, 20相关联的合并。\\n\\n实际上，最明显的合并项是：\\n- Cluster 20 (普京致哀) 和 Cluster 28 (哈演习死亡) 是直接因果关联的同一事件的两个方面。\\n\\n其他Cluster之间没有明显的直接因果或同一事件关系。\\n\\n但是，题目要求“每个恰好一次”。如果无法合并更多，就保持孤立或仅合并能确定的。\\n\\n再仔细看：\\nCluster 12 (AI专家关于人类灭绝的调查) 和 Cluster 10 (斯柯达)? 无联系。\\nCluster 16 (大都会归还叙利亚文物) 和 Cluster 13? 无联系。\\n\\n等等，我是否漏掉了什么？\\nCluster 20: Putin Tokayev Beileid Militärs (Putin offers condolences to Tokayev regarding military personnel)\\nCluster 28: Kazakhstan military exercise death investigation\\n-> 这两者肯定是同一个事件。Putin's condolence is a direct reaction to the deaths in Cluster 28.\\n\\n除此之外，其他看起来都是独立的单篇报道。\\n\\n但是，通常这类归并任务中，如果有很多单篇报道，可能有些是同一主题的不同侧面？\\n规则说：“不得合并...同国家不同事件”。\\n\\n因此，唯一可以确定的合并是 20 和 28。\\n\\n其余30个Cluster中，除了20和28，其他29个各自独立。\\n\\n让我再次确认是否有其他潜在联系：\\n- Cluster 2 (Zugspitze rockslide) 和 Cluster 29 (Bear attack)? 都是自然/事故，但在德国和俄罗斯，不同国家，不同事件。\\n- Cluster 12 (AI extinction) 和 Cluster 18 (Russia textbooks)? 无联系。\\n\\n好吧，看来只有20和28是强关联的。其他的都是单一事件。\\n\\n但是，输出格式要求列出所有clusters吗？不，要求只输出groups。那些没有合并进组的clusters怎么办？\\n题目说：“判断这些Cluster是否属于同一个‘具体现实世界事件’... 每个输入Cluster必须且只能进入一个group。”\\n这意味着**所有**Cluster都必须出现在某个group中。单独的Cluster也可以是一个group。\\n\\n所以我将把20和28合并为一个group，其余每一个都作为单独的group列出。\\n\\n等等，这样会生成30个group吗？\\n如果20和28合并，那就是1个group + 28个单cluster group = 29个group。\\n\\n让我再检查一遍是否还有其他隐含联系。\\nCluster 19: Russia News Summary. 如果这是一篇综述文章，它可能总结了20, 26, 27, 28等。如果414是综述，那么它和其他几个俄罗斯相关cluster (18, 20, 25, 26, 27, 28, 29?) 是否有关系？\\n规则：“同一正在持续发展的单一现实事件”。俄罗斯当天的新闻汇总通常被视为一个“事件包”吗？不，通常新闻汇总只是元数据。\\n\\n不过，Cluster 25 (Russia pension increase) 和 Cluster 18 (Russia textbooks) 都是俄罗斯国内政策，但它们是不同的政策，不能合并。\\nCluster 20 (Putin/Tokayev) 和 Cluster 28 (Kazakhstan exercise) 是唯一的强因果链。\\n\\n我决定只合并20和28，其余单独成组。\"]\n    },\n    {\n      \"group_id\": \"G002\",\n      \"cluster_indexes\": [1],\n      \"event_title\": \"Leihmutter Sorgerecht Streit\",\n      \"reason\": \"代孕母亲监护权法庭纠纷，独立法律事件\"\n    },\n    {\n      \"group_id\": \"G003\",\n      \"cluster_indexes\": [2],\n      \"event_title\": \"Felssturz an Zugspitze\",\n      \"reason\": \"楚格峰岩石滑坡事故，独立安全事故\"\n    },\n    {\n      \"group_id\": \"G004\",\n      \"cluster_indexes\": [3],\n      \"event_title\": \"Taylor Swift und Taylor Lautner Eltern\",\n      \"reason\": \"泰勒与泰勒·劳特纳成为父母，独立名人事件\"\n    },\n    {\n      \"group_id\": \"G005\",\n      \"cluster_indexes\": [4],\n      \"event_title\": \"Paris Ermittlungen Street Filming\",\n      \"reason\": \"巴黎街头未经同意拍摄女性调查，独立法律/社会事件\"\n    },\n    {\n      \"group_id\": \"G006\",\n      \"cluster_indexes\": [5],\n      \"event_title\": \"Frankfurter Dippemess Kindertag\",\n      \"reason\": \"法兰克福Dippemess儿童节活体吉祥物活动，独立文化活动\"\n    },\n    {\n      \"group_id\": \"G007\",\n      \"cluster_indexes\": [6],\n      \"event_title\": \"Denkmäler Eigentümer Stadtmauer\",\n      \"reason\": \"私人花园中古城墙遗迹所有者话题，独立法律/历史事件\"\n    },\n    {\n      \"group_id\": \"G008\",\n      \"cluster_indexes\": [7],\n      \"event_title\": \"Biontech Gründer Arife Mainz\",\n      \"reason\": \"BioNTech创始人在美因茨启动Arife项目，独立企业事件\"\n    },\n    {\n      \"group_id\": \"G009\",\n      \"cluster_indexes\": [8],\n      \"event_title\": \"Crowne Plaza Frankfurt Schließung\",\n      \"reason\": \"法兰克福Crowne Plaza酒店关闭与工会抗争，独立商业事件\"\n    },\n    {\n      \"group_id\": \"G010\",\n      \"cluster_indexes\": [9],\n      \"event_title\": \"Mühlen im Test\",\n      \"reason\": \"风车测试报道，独立技术/历史事件\"\n    },\n    {\n      \"group_id\": \"G011\",\n      \"cluster_indexes\": [10],\n      \"event_title\": \"Škoda Peaq Epiq\",\n      \"reason\": \"斯柯达Peaq和Epiq车型报道，独立产品发布\"\n    },\n    {\n      \"group_id\": \"G012\",\n      \"cluster_indexes\": [11],\n      \"event_title\": \"Sartre Japan Besuch\",\n      \"reason\": \"萨特访问日本的历史报道，独立历史事件\"\n    },\n    {\n      \"group_id\": \"G013\",\n      \"cluster_indexes\""
}
================================================================================

================================================================================
TIME: 2026-09-25T17:01:32.543010+08:00
DATE: 2026-09-25
STAGE: STAGE 1B / ROUND 1 / WINDOW 11
MESSAGE: V6.5.3 Global Merge窗口AI输出Coverage异常，进入自动Repair。
DETAILS:
{
  "attempt": 2,
  "duplicate": [
    25
  ],
  "missing": [],
  "extra": [],
  "malformed": [],
  "groups": [
    {
      "group_id": "G001",
      "cluster_indexes": [
        20,
        28
      ],
      "event_title": "哈萨克斯坦军事演习死亡事件及普京致哀",
      "reason": "Cluster 20记录普京向托卡耶夫致哀军人阵亡，Cluster 28记录里海演习军人死亡调查，两者为同一具体事件的因果关联部分"
    },
    {
      "group_id": "G002",
      "cluster_indexes": [
        1
      ],
      "event_title": "Leihmutter Sorgerecht Streit",
      "reason": "独立法律事件"
    },
    {
      "group_id": "G003",
      "cluster_indexes": [
        2
      ],
      "event_title": "Felssturz an Zugspitze",
      "reason": "独立安全事故"
    },
    {
      "group_id": "G004",
      "cluster_indexes": [
        3
      ],
      "event_title": "Taylor Swift und Taylor Lautner Eltern",
      "reason": "独立名人事件"
    },
    {
      "group_id": "G005",
      "cluster_indexes": [
        4
      ],
      "event_title": "Paris Ermittlungen Street Filming",
      "reason": "独立法律社会事件"
    },
    {
      "group_id": "G006",
      "cluster_indexes": [
        5
      ],
      "event_title": "Frankfurter Dippemess Kindertag",
      "reason": "独立文化活动"
    },
    {
      "group_id": "G007",
      "cluster_indexes": [
        6
      ],
      "event_title": "Denkmäler Eigentümer Stadtmauer",
      "reason": "独立法律历史事件"
    },
    {
      "group_id": "G008",
      "cluster_indexes": [
        7
      ],
      "event_title": "Biontech Gründer Arife Mainz",
      "reason": "独立企业事件"
    },
    {
      "group_id": "G009",
      "cluster_indexes": [
        8
      ],
      "event_title": "Crowne Plaza Frankfurt Schließung",
      "reason": "独立商业事件"
    },
    {
      "group_id": "G010",
      "cluster_indexes": [
        9
      ],
      "event_title": "Mühlen im Test",
      "reason": "独立技术历史事件"
    },
    {
      "group_id": "G011",
      "cluster_indexes": [
        10
      ],
      "event_title": "Škoda Peaq Epiq",
      "reason": "独立产品发布"
    },
    {
      "group_id": "G012",
      "cluster_indexes": [
        11
      ],
      "event_title": "Sartre Japan Besuch",
      "reason": "独立历史报道"
    },
    {
      "group_id": "G013",
      "cluster_indexes": [
        12
      ],
      "event_title": "KI-Experte Auslöschung Menschheit",
      "reason": "独立科技评论"
    },
    {
      "group_id": "G014",
      "cluster_indexes": [
        13
      ],
      "event_title": "Immobilien Frauenanteil Spitze",
      "reason": "独立社会趋势"
    },
    {
      "group_id": "G015",
      "cluster_indexes": [
        14
      ],
      "event_title": "Immobilien Schönheitsreparaturen Komma",
      "reason": "独立法律案例"
    },
    {
      "group_id": "G016",
      "cluster_indexes": [
        15
      ],
      "event_title": "Das wahre Sylt",
      "reason": "独立旅游文化报道"
    },
    {
      "group_id": "G017",
      "cluster_indexes": [
        16
      ],
      "event_title": "Metropolitan Museum Syrien Raubkunst",
      "reason": "独立外交文化事件"
    },
    {
      "group_id": "G018",
      "cluster_indexes": [
        17
      ],
      "event_title": "El Niño Trockenheit Nationen",
      "reason": "独立环境地缘政治事件"
    },
    {
      "group_id": "G019",
      "cluster_indexes": [
        18
      ],
      "event_title": "Russland Schulbücher 10-11 Klasse",
      "reason": "独立教育政策"
    },
    {
      "group_id": "G020",
      "cluster_indexes": [
        19
      ],
      "event_title": "Russland Nachrichten Zusammenfassung",
      "reason": "独立新闻汇总"
    },
    {
      "group_id": "G021",
      "cluster_indexes": [
        21
      ],
      "event_title": "Marja Sacharowa Hitler Kommentar",
      "reason": "独立政治言论事件"
    },
    {
      "group_id": "G022",
      "cluster_indexes": [
        22
      ],
      "event_title": "Le Pen Russland Nuklear Macht",
      "reason": "独立政治采访言论"
    },
    {
      "group_id": "G023",
      "cluster_indexes": [
        23
      ],
      "event_title": "Russland Durchschnittsrente Steigerung",
      "reason": "独立经济政策事件"
    },
    {
      "group_id": "G024",
      "cluster_indexes": [
        24
      ],
      "event_title": "俄罗斯PVO击落无人机",
      "reason": "独立军事防御事件"
    },
    {
      "group_id": "G025",
      "cluster_indexes": [
        25
      ],
      "event_title": "俄情报数据泄露",
      "reason": "独立信息安全事件"
    },
    {
      "group_id": "G026",
      "cluster_indexes": [
        26
      ],
      "event_title": "哈萨克斯坦军事演习死亡调查",
      "reason": "独立事故调查事件"
    },
    {
      "group_id": "G027",
      "cluster_indexes": [
        27
      ],
      "event_title": "俄罗斯熊袭击人类事件",
      "reason": "独立野生动物袭击事件"
    },
    {
      "group_id": "G028",
      "cluster_indexes": [
        29
      ],
      "event_title": "曼哈顿抗议集会",
      "reason": "独立政治抗议事件"
    },
    {
      "group_id": "G029",
      "cluster_indexes": [
        30
      ],
      "event_title": "吕特认同丹麦北约评估",
      "reason": "独立军事外交表态"
    },
    {
      "group_id": "G030",
      "cluster_indexes": [
        25
      ],
      "event_title": "教师节钓鱼网站诈骗",
      "reason": "独立网络安全诈骗事件"
    }
  ]
}
================================================================================

================================================================================
TIME: 2026-09-25T17:02:09.129509+08:00
DATE: 2026-09-25
STAGE: STAGE 1B / ROUND 1 / WINDOW 11
MESSAGE: Global Merge窗口AI输出经过Repair后恢复正常。
DETAILS:
{
  "repair_attempt": 2,
  "groups": [
    {
      "group_id": "G001",
      "cluster_indexes": [
        1
      ],
      "event_title": "Leihmutter Sorgerecht Streit",
      "reason": "代孕母亲监护权法庭纠纷，独立法律事件"
    },
    {
      "group_id": "G002",
      "cluster_indexes": [
        2
      ],
      "event_title": "Felssturz an Zugspitze",
      "reason": "楚格峰岩石滑坡事故，独立安全事故"
    },
    {
      "group_id": "G003",
      "cluster_indexes": [
        3
      ],
      "event_title": "Taylor Swift und Taylor Lautner Eltern",
      "reason": "泰勒与泰勒·劳特纳成为父母，独立名人事件"
    },
    {
      "group_id": "G004",
      "cluster_indexes": [
        4
      ],
      "event_title": "Paris Ermittlungen Street Filming",
      "reason": "巴黎街头未经同意拍摄女性调查，独立法律社会事件"
    },
    {
      "group_id": "G005",
      "cluster_indexes": [
        5
      ],
      "event_title": "Frankfurter Dippemess Kindertag",
      "reason": "法兰克福Dippemess儿童节活动，独立文化活动"
    },
    {
      "group_id": "G006",
      "cluster_indexes": [
        6
      ],
      "event_title": "Denkmäler Eigentümer Stadtmauer",
      "reason": "私人花园中古城墙遗迹所有者话题，独立法律历史事件"
    },
    {
      "group_id": "G007",
      "cluster_indexes": [
        7
      ],
      "event_title": "Biontech Gründer Arife Mainz",
      "reason": "BioNTech创始人在美因茨启动Arife项目，独立企业事件"
    },
    {
      "group_id": "G008",
      "cluster_indexes": [
        8
      ],
      "event_title": "Crowne Plaza Frankfurt Schließung",
      "reason": "法兰克福Crowne Plaza酒店关闭与工会抗争，独立商业事件"
    },
    {
      "group_id": "G009",
      "cluster_indexes": [
        9
      ],
      "event_title": "Mühlen im Test",
      "reason": "风车测试报道，独立技术历史事件"
    },
    {
      "group_id": "G010",
      "cluster_indexes": [
        10
      ],
      "event_title": "Škoda Peaq Epiq",
      "reason": "斯柯达Peaq和Epiq车型报道，独立产品发布"
    },
    {
      "group_id": "G011",
      "cluster_indexes": [
        11
      ],
      "event_title": "Sartre Japan Besuch",
      "reason": "萨特访问日本的历史报道，独立历史报道"
    },
    {
      "group_id": "G012",
      "cluster_indexes": [
        12
      ],
      "event_title": "KI-Experte Auslöschung Menschheit",
      "reason": "AI专家关于人类灭绝的调查结果，独立科技评论"
    },
    {
      "group_id": "G013",
      "cluster_indexes": [
        13
      ],
      "event_title": "Immobilien Frauenanteil Spitze",
      "reason": "房地产高层女性比例下降现象，独立社会趋势"
    },
    {
      "group_id": "G014",
      "cluster_indexes": [
        14
      ],
      "event_title": "Immobilien Schönheitsreparaturen Komma",
      "reason": "租房合同中逗号决定美容维修责任的司法案例，独立法律案例"
    },
    {
      "group_id": "G015",
      "cluster_indexes": [
        15
      ],
      "event_title": "Das wahre Sylt",
      "reason": "锡特尔岛真实面貌报道，独立旅游文化报道"
    },
    {
      "group_id": "G016",
      "cluster_indexes": [
        16
      ],
      "event_title": "Metropolitan Museum Syrien Raubkunst",
      "reason": "大都会博物馆向叙利亚归还古代掠夺文物，独立外交文化事件"
    },
    {
      "group_id": "G017",
      "cluster_indexes": [
        17
      ],
      "event_title": "El Niño Trockenheit Nationen",
      "reason": "厄尔尼诺干旱威胁国家稳定，独立环境地缘政治事件"
    },
    {
      "group_id": "G018",
      "cluster_indexes": [
        18
      ],
      "event_title": "Russland Schulbücher 10-11 Klasse",
      "reason": "俄罗斯10-11年级新国家教科书2027年启用，独立教育政策"
    },
    {
      "group_id": "G019",
      "cluster_indexes": [
        19
      ],
      "event_title": "Russland Nachrichten Zusammenfassung",
      "reason": "俄罗斯新闻汇总，独立新闻汇总"
    },
    {
      "group_id": "G020",
      "cluster_indexes": [
        20,
        28
      ],
      "event_title": "哈萨克斯坦军事演习死亡及普京致哀",
      "reason": "Cluster 20记录普京向托卡耶夫致哀军人阵亡，Cluster 28记录里海演习军人死亡刑事案件，两者为同一具体事件的因果关联部分"
    },
    {
      "group_id": "G021",
      "cluster_indexes": [
        21
      ],
      "event_title": "Marja Sacharowa Hitler Kommentar",
      "reason": "扎哈罗娃评论希特勒历史对照，独立政治言论事件"
    },
    {
      "group_id": "G022",
      "cluster_indexes": [
        22
      ],
      "event_title": "Le Pen Russland Nuklear Macht",
      "reason": "勒庞在Politico采访中提及俄罗斯核大国地位，独立政治采访言论"
    },
    {
      "group_id": "G023",
      "cluster_indexes": [
        23
      ],
      "event_title": "Russland Durchschnittsrente Steigerung",
      "reason": "俄罗斯平均养老金年增长近2000卢布，独立经济政策事件"
    },
    {
      "group_id": "G024",
      "cluster_indexes": [
        24
      ],
      "event_title": "俄罗斯PVO击落无人机",
      "reason": "莫斯科防空系统拦截无人机，独立军事防御事件"
    },
    {
      "group_id": "G025",
      "cluster_indexes": [
        25
      ],
      "event_title": "俄情报数据泄露",
      "reason": "美国向乌克兰提供情报导致危机持续，独立信息安全事件"
    },
    {
      "group_id": "G026",
      "cluster_indexes": [
        26
      ],
      "event_title": "俄罗斯熊袭击人类事件",
      "reason": "楚科奇熊袭击及食人熊识别特征，独立野生动物袭击事件"
    },
    {
      "group_id": "G027",
      "cluster_indexes": [
        27
      ],
      "event_title": "曼哈顿抗议集会",
      "reason": "曼哈顿反内塔尼亚胡抗议集会，独立政治抗议事件"
    },
    {
      "group_id": "G028",
      "cluster_indexes": [
        29
      ],
      "event_title": "吕特认同丹麦北约评估",
      "reason": "吕特认同丹麦情报关于俄罗斯无法袭击北约的评估，独立军事外交表态"
    },
    {
      "group_id": "G029",
      "cluster_indexes": [
        30
      ],
      "event_title": "教师节钓鱼网站诈骗",
      "reason": "骗子向家长发送钓鱼链接，独立网络安全诈骗事件"
    }
  ]
}
================================================================================

================================================================================
TIME: 2026-09-25T17:02:51.517394+08:00
DATE: 2026-09-25
STAGE: STAGE 1B / ROUND 1 / WINDOW 13
MESSAGE: Global Merge AI JSON解析失败，进入Repair。
DETAILS:
{
  "attempt": 1,
  "error": "❌ AI JSON解析失败：2026-09-25 Global Merge Round 1 Window 13 Attempt 1\n\n{\n  \"groups\": [\n    {\n      \"group_id\": \"G001\",\n      \"cluster_indexes\": [7, 20],\n      \"event_title\": \"习近平出席白宫欢迎仪式及中美会谈\",\n      \"reason\": \"两个Cluster均报道2026年9月习近平访美期间与特朗普在白宫举行的欢迎仪式、会谈及相关外交活动，属于同一具体现实事件的不同报道视角。\"\n    },\n    {\n      \"group_id\": \"G002\",\n      \"cluster_indexes\": [5, 6],\n      \"event_title\": \"持续学习对AI阻塞监测器影响的技术安全分析\",\n      \"reason\": \"两个Cluster均报道持续学习（Continual learning）技术可能使现有的流量阻塞监控手段变得几乎无效这一具体技术安全问题，属于同一事件的中文和英文报道。\"\n    },\n    {\n      \"group_id\": \"G003\",\n      \"cluster_indexes\": [9, 13],\n      \"event_title\": \"英国最大AI超级计算机发射延误\",\n      \"reason\": \"Cluster 9明确报道澳大利亚AI黑客事件及英国超级计算机延迟，Cluster 13独立报道英国最大AI超级计算机因供电问题导致发射推迟。两者指向同一具体基础设施事件（英国AI超级计算机的延误问题）。\"\n    },\n    {\n      \"group_id\": \"G004\",\n      \"cluster_indexes\": [14, 22, 27],\n      \"event_title\": \"促进美中关系发展倡议与分析\",\n      \"reason\": \"三个Cluster分别报道促进美中关系发展的相关倡议、正面注入，以及关乎中美关系未来的重要倡议分析，均围绕同一外交议题的具体进展，属于同一正在持续发展的单一现实事件的不同侧面报道。\"\n    },\n    {\n      \"group_id\": \"G005\",\n      \"cluster_indexes\": [1, 18],\n      \"event_title\": \"假期出行保障与旅游法执法检查\",\n      \"reason\": \"Cluster 1报道肖捷率队在新疆开展旅游法执法检查，强调旅游业高质量发展；Cluster 18报道政府全力确保假期平安顺畅出行。两者均属于国庆/中秋假期期间的政府行政保障行动，但考虑到一为法治检查一为出行保障，且地点和行动性质不同，此处选择分开更为稳妥。实际上不应合并，保持独立。\"\n    },\n    {\n      \"group_id\": \"G006\",\n      \"cluster_indexes\": [2, 4],\n      \"event_title\": \"中秋佳节文化专题与资讯汇总\",\n      \"reason\": \"Cluster 2和Cluster 4均包含中秋文化相关内容（人民日报副刊中秋文章 vs 人民日报中秋文化广告），但Cluster 4还包含CDC公共卫生报告和德国新闻，内容性质差异较大，且一个是副刊文化赏析一个是广告/资讯汇总，不属于同一具体事件，保持独立。\"\n    }\n  ]\n}\n\n等等，我需要重新审视并覆盖全部30个Cluster，确保没有遗漏。让我重新整理：\n\n{\n  \"groups\": [\n    {\n      \"group_id\": \"G001\",\n      \"cluster_indexes\": [7, 20],\n      \"event_title\": \"习近平出席白宫欢迎仪式及中美会谈\",\n      \"reason\": \"两个Cluster均报道2026年9月习近平访美期间与特朗普在白宫举行的欢迎仪式、会谈及相关外交活动，属于同一具体现实事件。\"\n    },\n    {\n      \"group_id\": \"G002\",\n      \"cluster_indexes\": [5, 6],\n      \"event_title\": \"持续学习对AI阻塞监测器影响的技术安全分析\",\n      \"reason\": \"两个Cluster均报道持续学习技术可能使现有流量阻塞监控手段失效这一具体技术安全问题。\"\n    },\n    {\n      \"group_id\": \"G003\",\n      \"cluster_indexes\": [8, 13],\n      \"event_title\": \"英国最大AI超级计算机发射延误\",\n      \"reason\": \"Cluster 8和Cluster 13均报道英国最大AI超级计算机因供电问题导致发射推迟的具体事件。\"\n    },\n    {\n      \"group_id\": \"G004\",\n      \"cluster_indexes\": [15, 19, 22, 27],\n      \"event_title\": \"促进美中关系发展倡议与表态\",\n      \"reason\": \"四个Cluster分别报道促进美中关系发展的倡议、正面表态、未来展望分析等，均围绕同一外交互动事件的不同报道侧面。\"\n    },\n    {\n      \"group_id\": \"G005\",\n      \"cluster_indexes\": [1],\n      \"event_title\": \"旅游法执法检查\",\n      \"reason\": \"独立事件，肖捷率队在新疆开展旅游法执法检查。\"\n    },\n    {\n      \"group_id\": \"G006\",\n      \"cluster_indexes\": [2],\n      \"event_title\": \"中秋佳节文化专题\",\n      \"reason\": \"独立事件，人民日报副刊中秋文化赏析系列。\"\n    },\n    {\n      \"group_id\": \"G007\",\n      \"cluster_indexes\": [3],\n      \"event_title\": \"中国对外经济数据统计\",\n      \"reason\": \"独立事件，前8月全国新设经营主体及对外投资存量统计公报。\"\n    },\n    {\n      \"group_id\": \"G008\",\n      \"cluster_indexes\": [4],\n      \"event_title\": \"中秋文化与其他资讯汇总\",\n      \"reason\": \"独立事件，包含中秋广告、CDC丙肝报告及德国新闻的混合资讯。\"\n    },\n    {\n      \"group_id\": \"G009\",\n      \"cluster_indexes\": [10],\n      \"event_title\": \"江苏网络餐饮食品安全监管\",\n      \"reason\": \"独立事件，江苏省加强网络餐饮食品安全监管。\"\n    },\n    {\n      \"group_id\": \"G010\",\n      \"cluster_indexes\": [11],\n      \"event_title\": \"德国BaFin银行监管审慎立场\",\n      \"reason\": \"独立事件，德国联邦金融监管局审慎监管态度。\"\n    },\n    {\n      \"group_id\": \"G011\",\n      \"cluster_indexes\": [12],\n      \"event_title\": \"德国IG Metall工会薪酬谈判\",\n      \"reason\": \"独立事件，德国金属工业工会薪酬谈判及社会讨论。\"\n    },\n    {\n      \"group_id\": \"G012\",\n      \"cluster_indexes\": [14],\n      \"event_title\": \"克里姆林宫对邀请的反应\",\n      \"reason\": \"独立事件，报道克里姆林宫对某邀请既感激又犹豫的复杂立场。\"\n    },\n    {\n      \"group_id\": \"G013\",\n      \"cluster_indexes\": [16],\n      \"event_title\": \"盖茨基金会关于AI缩小全球不平等的观点\",\n      \"reason\": \"独立事件，盖茨基金会发表AI有助于缩小全球不平等的观点。\"\n    },\n    {\n      \"group_id\": \"G014\",\n      \"cluster_indexes\": [17],\n      \"event_title\": \"特朗普与习近平会晤的红色电话2.0机制\",\n      \"reason\": \"独立事件，报道中美通话机制的外交分析。（注：与G001有关联但侧重不同，G001侧重白宫仪式会谈本身，本群侧重红色电话机制分析）\"\n    },\n    {\n      \"group_id\": \"G015\",\n      \"cluster_indexes\": [21],\n      \"event_title\": \"假期出行安全保障\",\n      \"reason\": \"独立事件，中国政府发布假期公众出行安全畅通的权威信息。\"\n    },\n    {\n      \"group_id\": \"G016\",\n      \"cluster_indexes\": [23],\n      \"event_title\": \"澳大利亚新养鸡厂的动物福利争议\",\n      \"reason\": \"独立事件，报道澳大利亚现代化养鸡厂外观及其对动物福利的影响。\"\n    },\n    {\n      \"group_id\": \"G017\",\n      \"cluster_indexes\": [24],\n      \"event_title\": \"记者被禁止参加白宫国宴的媒体准入争议\",\n      \"reason\": \"独立事件，CNN和MS Now记者尽管有法院裁决仍被禁止参加白宫国宴。\"\n    },\n    {\n      \"group_id\": \"G018\",\n      \"cluster_indexes\": [25],\n      \"event_title\": \"Theranos创始人伊丽莎白·霍姆斯转监消息\",\n      \"reason\": \"独立事件，报道霍姆斯明年可能被转至中途宿舍的消息。\"\n    },\n    {\n      \"group_id\": \"G019\",\n      \"cluster_indexes\": [26],\n      \"event_title\": \"超级厄尔尼诺对世界经济的冲击\",\n      \"reason\": \"独立事件，报道超级厄尔尼诺天气现象可能成为世界经济下一个重大冲击。\"\n    },\n    {\n      \"group_id\": \"G020\",\n      \"cluster_indexes\": [28],\n      \"event_title\": \"埃博拉疫情爆发前100天公共卫生记录\",\n      \"reason\": \"独立事件，报道2007-2026年间五次埃博拉疫情爆发前100天的公共卫生记录。\"\n    },\n    {\n      \"group_id\": \"G021\",\n      \"cluster_indexes\": [29],\n      \"event_title\": \"_linux内核之父Linus Torvalds的代码提交状态_\",\n      \"reason\": \"独立事件，报道Linus Torvalds在个人GitHub仓库中的提交状态更新。\"\n    },\n    {\n      \"group_id\": \"G022\",\n      \"clust"
}
================================================================================

================================================================================
TIME: 2026-09-25T17:03:07.049259+08:00
DATE: 2026-09-25
STAGE: STAGE 1B / ROUND 1 / WINDOW 13
MESSAGE: V6.5.3 Global Merge窗口AI输出Coverage异常，进入自动Repair。
DETAILS:
{
  "attempt": 2,
  "duplicate": [
    15,
    16
  ],
  "missing": [],
  "extra": [],
  "malformed": [],
  "groups": [
    {
      "group_id": "G001",
      "cluster_indexes": [
        1
      ],
      "event_title": "旅游法执法检查",
      "reason": "肖捷率队在新疆开展旅游法执法检查，为独立国内政务事件。"
    },
    {
      "group_id": "G002",
      "cluster_indexes": [
        2
      ],
      "event_title": "中秋佳节文化专题",
      "reason": "人民日报副刊推出的中秋系列文化文章赏析，为独立文化专题事件。"
    },
    {
      "group_id": "G003",
      "cluster_indexes": [
        3
      ],
      "event_title": "中国对外经济数据统计",
      "reason": "报道前8月全国新设经营主体及对外投资存量统计，为独立经济数据事件。"
    },
    {
      "group_id": "G004",
      "cluster_indexes": [
        4
      ],
      "event_title": "中秋文化与其他资讯汇总",
      "reason": "包含人民日报中秋广告、CDC丙肝报告及德国新闻的混合资讯，为独立资讯汇总事件。"
    },
    {
      "group_id": "G005",
      "cluster_indexes": [
        5
      ],
      "event_title": "澳大利亚AI安全争议与政治新闻",
      "reason": "报道澳大利亚AI黑客事件及阿尔巴尼斯与希腊总理互动，为独立国际新闻事件。"
    },
    {
      "group_id": "G006",
      "cluster_indexes": [
        6,
        7
      ],
      "event_title": "持续学习对AI阻塞监测器影响的技术分析",
      "reason": "Cluster 6和Cluster 7均报道同一技术安全问题：持续学习技术可能使现有流量阻塞监控手段变得几乎无效，属于同一具体技术事件的中英文报道。"
    },
    {
      "group_id": "G007",
      "cluster_indexes": [
        8
      ],
      "event_title": "2024年AI研究人员态度调查",
      "reason": "报道Katja Grace整理的2024年AI专家对AI进展速度的乐观预期调查，为独立调查事件。"
    },
    {
      "group_id": "G008",
      "cluster_indexes": [
        9
      ],
      "event_title": "英国食品贸易逆差创纪录",
      "reason": "报道英国食品饮料贸易逆差创2000年以来新高，为独立经济事件。"
    },
    {
      "group_id": "G009",
      "cluster_indexes": [
        10
      ],
      "event_title": "英国最大AI超级计算机发射延误",
      "reason": "报道英国最大AI超级计算机因供电问题导致发射推迟，为独立科技事件。"
    },
    {
      "group_id": "G010",
      "cluster_indexes": [
        11
      ],
      "event_title": "Meta发布新型亲和力AI助手Muse",
      "reason": "报道马克·扎克伯格推出的新AI助手Meta Muse，为独立产品发布事件。"
    },
    {
      "group_id": "G011",
      "cluster_indexes": [
        12,
        13
      ],
      "event_title": "习近平出席白宫欢迎仪式及中美会谈",
      "reason": "Cluster 12和Cluster 13均报道2026年9月习近平访美期间与特朗普在白宫举行的欢迎仪式、会谈及相关外交活动，属于同一具体现实事件的不同报道视角。"
    },
    {
      "group_id": "G012",
      "cluster_indexes": [
        14
      ],
      "event_title": "美国借贷成本与房贷利率上升",
      "reason": "报道美国长期借贷成本触及2004年以来高位及房贷利率突破7%，为独立金融经济事件。"
    },
    {
      "group_id": "G013",
      "cluster_indexes": [
        15,
        16
      ],
      "event_title": "电动汽车与汽车市场动态",
      "reason": "Cluster 15和Cluster 16均涉及电动汽车领域，分别报道中国混动汽车在欧盟销量激增及宾利推出首款电动车，但两者属于同产业不同公司的不同具体事件，根据规则不得合并，此处保持独立判断需重新审视。实际上两者虽同属电动车主题但事件主体完全不同，应保持分开。修正：本群仅包含Cluster 15和16作为同主题整理，但按规则应分开。鉴于规则要求，重新分组："
    },
    {
      "group_id": "G013",
      "cluster_indexes": [
        15
      ],
      "event_title": "中国混动汽车在欧盟销量激增",
      "reason": "报道中国混动汽车在欧盟市场销量激增，为独立汽车市场事件。"
    },
    {
      "group_id": "G014",
      "cluster_indexes": [
        16
      ],
      "event_title": "宾利推出首款电动车",
      "reason": "报道宾利品牌推出首款电动汽车，为独立产品发布事件。"
    },
    {
      "group_id": "G015",
      "cluster_indexes": [
        17
      ],
      "event_title": "江苏网络餐饮食品安全监管",
      "reason": "报道江苏省加强网络餐饮食品安全防线，为独立地方监管事件。"
    },
    {
      "group_id": "G016",
      "cluster_indexes": [
        18
      ],
      "event_title": "德国BaFin银行监管审慎立场",
      "reason": "报道德国联邦金融监管局采取的审慎监管态度，为独立金融监管事件。"
    },
    {
      "group_id": "G017",
      "cluster_indexes": [
        19
      ],
      "event_title": "德国IG Metall工会薪酬谈判",
      "reason": "报道德国金属工业工会薪酬谈判及社会讨论，为独立劳资事件。"
    },
    {
      "group_id": "G018",
      "cluster_indexes": [
        20
      ],
      "event_title": "克里姆林宫对邀请的反应",
      "reason": "报道克里姆林宫对某邀请既感激又犹豫的复杂立场，为独立外交事件。"
    },
    {
      "group_id": "G019",
      "cluster_indexes": [
        21
      ],
      "event_title": "盖茨基金会关于AI缩小全球不平等的观点",
      "reason": "报道盖茨基金会发表AI有助于缩小全球不平等的观点，为独立智库观点事件。"
    },
    {
      "group_id": "G020",
      "cluster_indexes": [
        22
      ],
      "event_title": "特朗普与习近平会晤的红色电话2.0机制",
      "reason": "报道中美通话机制的外交分析，虽与G011有关联但侧重机制分析而非仪式本身，为独立分析报道事件。"
    },
    {
      "group_id": "G021",
      "cluster_indexes": [
        23
      ],
      "event_title": "全力确保假期平安顺畅出行",
      "reason": "报道中国政府为保障假期公众出行安全与畅通所发布的权威信息，为独立政务信息发布事件。"
    },
    {
      "group_id": "G022",
      "cluster_indexes": [
        24,
        25
      ],
      "event_title": "促进美中关系发展倡议与分析",
      "reason": "Cluster 24和Cluster 25均报道促进美中关系发展的相关倡议、正面表态及未来展望分析，围绕同一外交互动事件的不同报道侧面，属于同一正在持续发展的单一现实事件。"
    },
    {
      "group_id": "G023",
      "cluster_indexes": [
        26
      ],
      "event_title": "澳大利亚新养鸡厂的动物福利争议",
      "reason": "报道澳大利亚现代化养鸡厂外观及其对动物福利的影响，为独立社会议题事件。"
    },
    {
      "group_id": "G024",
      "cluster_indexes": [
        27
      ],
      "event_title": "记者被禁止参加白宫国宴的媒体准入争议",
      "reason": "报道CNN和MS Now记者尽管有法院裁决仍被禁止参加白宫国宴，为独立媒体法律事件。"
    },
    {
      "group_id": "G025",
      "cluster_indexes": [
        28
      ],
      "event_title": "Theranos创始人伊丽莎白·霍姆斯转监消息",
      "reason": "报道霍姆斯明年可能被转至中途宿舍的消息，为独立司法新闻事件。"
    },
    {
      "group_id": "G026",
      "cluster_indexes": [
        29
      ],
      "event_title": "超级厄尔尼诺对世界经济的冲击",
      "reason": "报道超级厄尔尼诺天气现象可能成为世界经济下一个重大冲击，为独立气候经济事件。"
    },
    {
      "group_id": "G027",
      "cluster_indexes": [
        30
      ],
      "event_title": "埃博拉疫情爆发前100天公共卫生记录",
      "reason": "报道2007-2026年间五次埃博拉疫情爆发前100天的公共卫生记录，为独立公共卫生历史事件。"
    }
  ]
}
================================================================================

================================================================================
TIME: 2026-09-25T17:03:58.889915+08:00
DATE: 2026-09-25
STAGE: STAGE 1B / ROUND 1 / WINDOW 13
MESSAGE: Global Merge窗口AI输出经过Repair后恢复正常。
DETAILS:
{
  "repair_attempt": 2,
  "groups": [
    {
      "group_id": "G001",
      "cluster_indexes": [
        1
      ],
      "event_title": "旅游法执法检查",
      "reason": "肖捷率队在新疆开展旅游法执法检查，为独立国内政务事件。"
    },
    {
      "group_id": "G002",
      "cluster_indexes": [
        2
      ],
      "event_title": "中秋佳节文化专题",
      "reason": "人民日报副刊推出的中秋系列文化文章赏析，为独立文化专题事件。"
    },
    {
      "group_id": "G003",
      "cluster_indexes": [
        3
      ],
      "event_title": "中国对外经济数据统计",
      "reason": "报道前8月全国新设经营主体及对外投资存量统计，为独立经济数据事件。"
    },
    {
      "group_id": "G004",
      "cluster_indexes": [
        4
      ],
      "event_title": "中秋文化与其他资讯汇总",
      "reason": "包含人民日报中秋广告、CDC丙肝报告及德国新闻的混合资讯，为独立资讯汇总事件。"
    },
    {
      "group_id": "G005",
      "cluster_indexes": [
        5
      ],
      "event_title": "澳大利亚AI安全争议与政治新闻",
      "reason": "报道澳大利亚AI黑客事件及阿尔巴尼斯与希腊总理互动，为独立国际新闻事件。"
    },
    {
      "group_id": "G006",
      "cluster_indexes": [
        6,
        7
      ],
      "event_title": "持续学习对AI阻塞监测器影响的技术分析",
      "reason": "Cluster 6和Cluster 7均报道同一技术安全问题：持续学习技术可能使现有流量阻塞监控手段变得几乎无效，属于同一具体技术事件的中英文报道。"
    },
    {
      "group_id": "G007",
      "cluster_indexes": [
        8
      ],
      "event_title": "2024年AI研究人员态度调查",
      "reason": "报道Katja Grace整理的2024年AI专家对AI进展速度的乐观预期调查，为独立调查事件。"
    },
    {
      "group_id": "G008",
      "cluster_indexes": [
        9
      ],
      "event_title": "英国食品贸易逆差创纪录",
      "reason": "报道英国食品饮料贸易逆差创2000年以来新高，为独立经济事件。"
    },
    {
      "group_id": "G009",
      "cluster_indexes": [
        10
      ],
      "event_title": "英国最大AI超级计算机发射延误",
      "reason": "报道英国最大AI超级计算机因供电问题导致发射推迟，为独立科技事件。"
    },
    {
      "group_id": "G010",
      "cluster_indexes": [
        11
      ],
      "event_title": "Meta发布新型亲和力AI助手Muse",
      "reason": "报道马克·扎克伯格推出的新AI助手Meta Muse，为独立产品发布事件。"
    },
    {
      "group_id": "G011",
      "cluster_indexes": [
        12,
        13
      ],
      "event_title": "习近平出席白宫欢迎仪式及中美会谈",
      "reason": "Cluster 12和Cluster 13均报道2026年9月习近平访美期间与特朗普在白宫举行的欢迎仪式、会谈及相关外交活动，属于同一具体现实事件的不同报道视角。"
    },
    {
      "group_id": "G012",
      "cluster_indexes": [
        14
      ],
      "event_title": "美国借贷成本与房贷利率上升",
      "reason": "报道美国长期借贷成本触及2004年以来高位及房贷利率突破7%，为独立金融经济事件。"
    },
    {
      "group_id": "G013",
      "cluster_indexes": [
        15
      ],
      "event_title": "中国混动汽车在欧盟销量激增",
      "reason": "报道中国混动汽车在欧盟市场销量激增，为独立汽车市场事件。"
    },
    {
      "group_id": "G014",
      "cluster_indexes": [
        16
      ],
      "event_title": "宾利推出首款电动车",
      "reason": "报道宾利品牌推出首款电动汽车，为独立产品发布事件。"
    },
    {
      "group_id": "G015",
      "cluster_indexes": [
        17
      ],
      "event_title": "江苏网络餐饮食品安全监管",
      "reason": "报道江苏省加强网络餐饮食品安全防线，为独立地方监管事件。"
    },
    {
      "group_id": "G016",
      "cluster_indexes": [
        18
      ],
      "event_title": "德国BaFin银行监管审慎立场",
      "reason": "报道德国联邦金融监管局采取的审慎监管态度，为独立金融监管事件。"
    },
    {
      "group_id": "G017",
      "cluster_indexes": [
        19
      ],
      "event_title": "德国IG Metall工会薪酬谈判",
      "reason": "报道德国金属工业工会薪酬谈判及社会讨论，为独立劳资事件。"
    },
    {
      "group_id": "G018",
      "cluster_indexes": [
        20
      ],
      "event_title": "克里姆林宫对邀请的反应",
      "reason": "报道克里姆林宫对某邀请既感激又犹豫的复杂立场，为独立外交事件。"
    },
    {
      "group_id": "G019",
      "cluster_indexes": [
        21
      ],
      "event_title": "盖茨基金会关于AI缩小全球不平等的观点",
      "reason": "报道盖茨基金会发表AI有助于缩小全球不平等的观点，为独立智库观点事件。"
    },
    {
      "group_id": "G020",
      "cluster_indexes": [
        22
      ],
      "event_title": "特朗普与习近平会晤的红色电话2.0机制",
      "reason": "报道中美通话机制的外交分析，虽与G011有关联但侧重机制分析而非仪式本身，为独立分析报道事件。"
    },
    {
      "group_id": "G021",
      "cluster_indexes": [
        23
      ],
      "event_title": "全力确保假期平安顺畅出行",
      "reason": "报道中国政府为保障假期公众出行安全与畅通所发布的权威信息，为独立政务信息发布事件。"
    },
    {
      "group_id": "G022",
      "cluster_indexes": [
        24,
        25
      ],
      "event_title": "促进美中关系发展倡议与分析",
      "reason": "Cluster 24和Cluster 25均报道促进美中关系发展的相关倡议、正面表态及未来展望分析，围绕同一外交互动事件的不同报道侧面，属于同一正在持续发展的单一现实事件。"
    },
    {
      "group_id": "G023",
      "cluster_indexes": [
        26
      ],
      "event_title": "澳大利亚新养鸡厂的动物福利争议",
      "reason": "报道澳大利亚现代化养鸡厂外观及其对动物福利的影响，为独立社会议题事件。"
    },
    {
      "group_id": "G024",
      "cluster_indexes": [
        27
      ],
      "event_title": "记者被禁止参加白宫国宴的媒体准入争议",
      "reason": "报道CNN和MS Now记者尽管有法院裁决仍被禁止参加白宫国宴，为独立媒体法律事件。"
    },
    {
      "group_id": "G025",
      "cluster_indexes": [
        28
      ],
      "event_title": "Theranos创始人伊丽莎白·霍姆斯转监消息",
      "reason": "报道霍姆斯明年可能被转至中途宿舍的消息，为独立司法新闻事件。"
    },
    {
      "group_id": "G026",
      "cluster_indexes": [
        29
      ],
      "event_title": "超级厄尔尼诺对世界经济的冲击",
      "reason": "报道超级厄尔尼诺天气现象可能成为世界经济下一个重大冲击，为独立气候经济事件。"
    },
    {
      "group_id": "G027",
      "cluster_indexes": [
        30
      ],
      "event_title": "埃博拉疫情爆发前100天公共卫生记录",
      "reason": "报道2007-2026年间五次埃博拉疫情爆发前100天的公共卫生记录，为独立公共卫生历史事件。"
    }
  ]
}
================================================================================

================================================================================
TIME: 2026-09-25T17:04:59.998517+08:00
DATE: 2026-09-25
STAGE: STAGE 1B / ROUND 2 / WINDOW 3
MESSAGE: V6.5.3 Global Merge窗口AI输出Coverage异常，进入自动Repair。
DETAILS:
{
  "attempt": 1,
  "duplicate": [
    6,
    8,
    9
  ],
  "missing": [],
  "extra": [],
  "malformed": [],
  "groups": [
    {
      "group_id": "G001",
      "cluster_indexes": [
        1
      ],
      "event_title": "统筹推动文化和旅游高质量发展",
      "reason": "独立政策解读，无其他文章合并"
    },
    {
      "group_id": "G002",
      "cluster_indexes": [
        2
      ],
      "event_title": "法治保障国家粮食安全",
      "reason": "独立议题，无其他文章合并"
    },
    {
      "group_id": "G003",
      "cluster_indexes": [
        3
      ],
      "event_title": "记者再走长征路红色山乡报道",
      "reason": "独立新闻报道，无其他文章合并"
    },
    {
      "group_id": "G004",
      "cluster_indexes": [
        4
      ],
      "event_title": "无障碍环境建设法执法检查组会议",
      "reason": "独立立法监督活动，无其他文章合并"
    },
    {
      "group_id": "G005",
      "cluster_indexes": [
        5
      ],
      "event_title": "法治促进旅游业高质量发展",
      "reason": "独立议题，无其他文章合并。虽与Cluster 1同涉旅游，但核心侧重法治保障而非统筹发展政策，属不同具体事件。"
    },
    {
      "group_id": "G006",
      "cluster_indexes": [
        6,
        8,
        9
      ],
      "event_title": "中秋与长征主题文化副刊报道系列",
      "reason": "这三篇文章（79年中秋、秋日豪情、长征路中秋）均属于同一期报纸的文化副刊栏目，围绕中秋节和长征精神主题进行的文学/文化报道。虽然标题不同，但属于同一新闻单元/版面的系列文化内容，并非单一的独立突发新闻事件，但在当前归并标准下，它们各自独立，仅因同属副刊题材且时间相近，考虑到‘不得合并...同主题不同具体事件’的严格性，它们应分开。然而，仔细看内容：Cluster 6是熙宁九年中秋，Cluster 8是秋日豪情，Cluster 9是长征路中秋。这三篇是独立的副刊文章，彼此之间没有直接的因果或同一事件关系。仅因‘副刊’和‘中秋/长征’标签相似。根据规则‘仅主题相同’不得合并。因此需分开。*修正*：重新审视，这三篇完全独立，应分为三个单独Group。"
    },
    {
      "group_id": "G007",
      "cluster_indexes": [
        6
      ],
      "event_title": "熙宁九年的中秋文化报道",
      "reason": "独立文化副刊文章，无其他文章合并"
    },
    {
      "group_id": "G008",
      "cluster_indexes": [
        7
      ],
      "event_title": "借相思寄报国副刊文章",
      "reason": "独立文化副刊文章，无其他文章合并"
    },
    {
      "group_id": "G009",
      "cluster_indexes": [
        8
      ],
      "event_title": "秋日豪情胜春朝副刊文章",
      "reason": "独立文化副刊文章，无其他文章合并"
    },
    {
      "group_id": "G010",
      "cluster_indexes": [
        9
      ],
      "event_title": "长征路上的中秋文化报道",
      "reason": "独立文化副刊文章，无其他文章合并"
    },
    {
      "group_id": "G011",
      "cluster_indexes": [
        10
      ],
      "event_title": "白宫媒体准入限制及法官叫停事件",
      "reason": "报道白宫恢复CNN等媒体准入、保守派媒体替代直播以及特朗普appointed法官阻止媒体禁令的司法行动，为单一具体现实事件"
    },
    {
      "group_id": "G012",
      "cluster_indexes": [
        11
      ],
      "event_title": "反对内塔尼亚胡的抗议及言论冲突",
      "reason": "报道因内塔尼亚胡联合国演讲引发的抗议活动及政治人物对其的批评，为单一具体现实事件"
    },
    {
      "group_id": "G013",
      "cluster_indexes": [
        12
      ],
      "event_title": "伊朗提议停火方案及参议院相关投票",
      "reason": "报道伊朗提出的结束战争计划及美国参议院就该战争授权/结束相关的立法尝试，为单一具体现实事件"
    },
    {
      "group_id": "G014",
      "cluster_indexes": [
        13
      ],
      "event_title": "新泽西州副州长违反职场政策",
      "reason": "关于新泽西州副州长戴尔·考德威尔违反职场政策的独立调查报告"
    },
    {
      "group_id": "G015",
      "cluster_indexes": [
        14
      ],
      "event_title": "阿拉斯加及红州共和党竞选动态",
      "reason": "涉及阿拉斯加州参议员选战中的争议行为及红州共和党候选人与特朗普关系的报道，虽跨地区但围绕同一选举周期内的共和党内部动态，但鉴于阿拉斯加与一般红州并非同一具体事件，且文章编号103-105覆盖不同候选人，此处视为一个广义的‘美国共和党竞选动态’专题更为合适，或者分开。通常‘阿拉斯加选战’和‘其他红州候选人’是不同案件。但Cluster描述将其合并为一个Cluster。既然输入已将其合并为一个Cluster，则保持其完整性，不拆分内部成员，也不与其他Cluster合并。"
    },
    {
      "group_id": "G016",
      "cluster_indexes": [
        15
      ],
      "event_title": "佛罗里达州指控选民欺诈",
      "reason": "佛罗里达州对20人提起选民欺诈指控的独立法律事件"
    },
    {
      "group_id": "G017",
      "cluster_indexes": [
        16
      ],
      "event_title": "Bernadine Bluntly的个人生活与品牌变化",
      "reason": "关于Tradwife品牌代表人物Bernadine Bluntly离婚及其品牌影响的个人专题报道"
    },
    {
      "group_id": "G018",
      "cluster_indexes": [
        17
      ],
      "event_title": "美国东海岸Nor'easter风暴预警",
      "reason": "关于影响美国东海岸的风暴天气预警的独立气象事件"
    },
    {
      "group_id": "G019",
      "cluster_indexes": [
        18
      ],
      "event_title": "美国主教真福品封礼",
      "reason": "关于被誉为'美国主教'的宗教人物被封为真福及出席人数的宗教事件"
    },
    {
      "group_id": "G020",
      "cluster_indexes": [
        19
      ],
      "event_title": "特朗普政府移民驱逐及第三国遣返政策",
      "reason": "报道移民遣返行动中的浪费问题以及政府请求最高法院允许将移民驱逐至第三国的法律行动，为同一政策/法律进程的不同侧面"
    },
    {
      "group_id": "G021",
      "cluster_indexes": [
        20
      ],
      "event_title": "NBA传奇球星Bob Pettit去世",
      "reason": "两篇文章均报道NBA首星MVP得主鲍勃·佩蒂特逝世的消息，为同一具体事件"
    },
    {
      "group_id": "G022",
      "cluster_indexes": [
        21
      ],
      "event_title": "特朗普执政风格评论文章",
      "reason": "一篇关于特朗普执政风格的社论或评论文章"
    },
    {
      "group_id": "G023",
      "cluster_indexes": [
        22
      ],
      "event_title": "Edward Lehner去世",
      "reason": "关于推动公共场所清理宠物粪便法规的Edward Lehner逝世的讣告类报道"
    },
    {
      "group_id": "G024",
      "cluster_indexes": [
        23
      ],
      "event_title": "犹太特许学校获法院批准",
      "reason": "联邦法院批准第一所犹太特许学校的独立教育/法律事件"
    },
    {
      "group_id": "G025",
      "cluster_indexes": [
        24
      ],
      "event_title": "弗吉尼亚州青年牧师性侵案认罪",
      "reason": "弗吉尼亚州一名前青年牧师在性侵案件中宣布不予认罪的独立刑事案件"
    },
    {
      "group_id": "G026",
      "cluster_indexes": [
        25
      ],
      "event_title": "近17万磅生肉因虚假标签召回",
      "reason": "因虚假检验标签导致大规模肉类产品召回的独立食品安全事件"
    },
    {
      "group_id": "G027",
      "cluster_indexes": [
        26
      ],
      "event_title": "斯坦福大学移除AI篡改照片",
      "reason": "斯坦福大学移除一张通过AI将学生种族特征篡改的照片的独立校园/AI伦理事件"
    },
    {
      "group_id": "G028",
      "cluster_indexes": [
        27
      ],
      "event_title": "Runaway goat found his herd",
      "reason": "Article about a specific runaway goat incident."
    },
    {
      "group_id": "G029",
      "cluster_indexes": [
        28
      ],
      "event_title": "California billionaire tax campaign chart",
      "reason": "Article regarding the chart that inspired California's tax campaign for billionaires."
    },
    {
      "group_id": "G030",
      "cluster_indexes": [
        29
      ],
      "event_title": "Controversial multi-cancer blood test",
      "reason": "Article about a controversial blood test screening for 50 cancers."
    },
    {
      "group_id": "G031",
      "cluster_indexes": [
        30
      ],
      "event_title": "Poll on American Dream and schools",
      "reason": "Poll showing good schools and the American Dream feel out of reach."
    }
  ]
}
================================================================================

================================================================================
TIME: 2026-09-25T17:05:18.527605+08:00
DATE: 2026-09-25
STAGE: STAGE 1B / ROUND 2 / WINDOW 3
MESSAGE: Global Merge窗口AI输出经过Repair后恢复正常。
DETAILS:
{
  "repair_attempt": 1,
  "groups": [
    {
      "group_id": "G001",
      "cluster_indexes": [
        1
      ],
      "event_title": "统筹推动文化和旅游高质量发展",
      "reason": "独立政策解读，无其他文章合并"
    },
    {
      "group_id": "G002",
      "cluster_indexes": [
        2
      ],
      "event_title": "法治保障国家粮食安全",
      "reason": "独立议题，无其他文章合并"
    },
    {
      "group_id": "G003",
      "cluster_indexes": [
        3
      ],
      "event_title": "记者再走长征路红色山乡报道",
      "reason": "独立新闻报道，无其他文章合并"
    },
    {
      "group_id": "G004",
      "cluster_indexes": [
        4
      ],
      "event_title": "无障碍环境建设法执法检查组会议",
      "reason": "独立立法监督活动，无其他文章合并"
    },
    {
      "group_id": "G005",
      "cluster_indexes": [
        5
      ],
      "event_title": "法治促进旅游业高质量发展",
      "reason": "独立议题，与Cluster 1虽同涉旅游但侧重点不同，属不同具体事件"
    },
    {
      "group_id": "G006",
      "cluster_indexes": [
        6
      ],
      "event_title": "熙宁九年的中秋文化报道",
      "reason": "独立文化副刊文章，无其他文章合并"
    },
    {
      "group_id": "G007",
      "cluster_indexes": [
        7
      ],
      "event_title": "借相思寄报国副刊文章",
      "reason": "独立文化副刊文章，无其他文章合并"
    },
    {
      "group_id": "G008",
      "cluster_indexes": [
        8
      ],
      "event_title": "秋日豪情胜春朝副刊文章",
      "reason": "独立文化副刊文章，无其他文章合并"
    },
    {
      "group_id": "G009",
      "cluster_indexes": [
        9
      ],
      "event_title": "长征路上的中秋文化报道",
      "reason": "独立文化副刊文章，无其他文章合并"
    },
    {
      "group_id": "G010",
      "cluster_indexes": [
        10
      ],
      "event_title": "白宫媒体准入限制及法官叫停事件",
      "reason": "报道白宫恢复CNN等媒体准入、保守派媒体替代直播以及特朗普appointed法官阻止媒体禁令的司法行动"
    },
    {
      "group_id": "G011",
      "cluster_indexes": [
        11
      ],
      "event_title": "反对内塔尼亚胡的抗议及言论冲突",
      "reason": "报道因内塔尼亚胡联合国演讲引发的抗议活动及政治人物对其的批评"
    },
    {
      "group_id": "G012",
      "cluster_indexes": [
        12
      ],
      "event_title": "伊朗提议停火方案及参议院相关投票",
      "reason": "报道伊朗提出的结束战争计划及美国参议院就该战争授权/结束相关的立法尝试"
    },
    {
      "group_id": "G013",
      "cluster_indexes": [
        13
      ],
      "event_title": "新泽西州副州长违反职场政策",
      "reason": "关于新泽西州副州长戴尔·考德威尔违反职场政策的独立调查报告"
    },
    {
      "group_id": "G014",
      "cluster_indexes": [
        14
      ],
      "event_title": "阿拉斯加及红州共和党竞选动态",
      "reason": "涉及阿拉斯加州参议员选战中的争议行为及红州共和党候选人与特朗普关系的报道"
    },
    {
      "group_id": "G015",
      "cluster_indexes": [
        15
      ],
      "event_title": "佛罗里达州指控选民欺诈",
      "reason": "佛罗里达州对20人提起选民欺诈指控的独立法律事件"
    },
    {
      "group_id": "G016",
      "cluster_indexes": [
        16
      ],
      "event_title": "Bernadine Bluntly的个人生活与品牌变化",
      "reason": "关于Tradwife品牌代表人物Bernadine Bluntly离婚及其品牌影响的个人专题报道"
    },
    {
      "group_id": "G017",
      "cluster_indexes": [
        17
      ],
      "event_title": "美国东海岸Nor'easter风暴预警",
      "reason": "关于影响美国东海岸的风暴天气预警的独立气象事件"
    },
    {
      "group_id": "G018",
      "cluster_indexes": [
        18
      ],
      "event_title": "美国主教真福品封礼",
      "reason": "关于被誉为'美国主教'的宗教人物被封为真福及出席人数的宗教事件"
    },
    {
      "group_id": "G019",
      "cluster_indexes": [
        19
      ],
      "event_title": "特朗普政府移民驱逐及第三国遣返政策",
      "reason": "报道移民遣返行动中的浪费问题以及政府请求最高法院允许将移民驱逐至第三国的法律行动"
    },
    {
      "group_id": "G020",
      "cluster_indexes": [
        20
      ],
      "event_title": "NBA传奇球星Bob Pettit去世",
      "reason": "两篇文章均报道NBA首星MVP得主鲍勃·佩蒂特逝世的消息"
    },
    {
      "group_id": "G021",
      "cluster_indexes": [
        21
      ],
      "event_title": "特朗普执政风格评论文章",
      "reason": "一篇关于特朗普执政风格的社论或评论文章"
    },
    {
      "group_id": "G022",
      "cluster_indexes": [
        22
      ],
      "event_title": "Edward Lehner去世",
      "reason": "关于推动公共场所清理宠物粪便法规的Edward Lehner逝世的讣告类报道"
    },
    {
      "group_id": "G023",
      "cluster_indexes": [
        23
      ],
      "event_title": "犹太特许学校获法院批准",
      "reason": "联邦法院批准第一所犹太特许学校的独立教育/法律事件"
    },
    {
      "group_id": "G024",
      "cluster_indexes": [
        24
      ],
      "event_title": "弗吉尼亚州青年牧师性侵案认罪",
      "reason": "弗吉尼亚州一名前青年牧师在性侵案件中宣布不予认罪的独立刑事案件"
    },
    {
      "group_id": "G025",
      "cluster_indexes": [
        25
      ],
      "event_title": "近17万磅生肉因虚假标签召回",
      "reason": "因虚假检验标签导致大规模肉类产品召回的独立食品安全事件"
    },
    {
      "group_id": "G026",
      "cluster_indexes": [
        26
      ],
      "event_title": "斯坦福大学移除AI篡改照片",
      "reason": "斯坦福大学移除一张通过AI将学生种族特征篡改的照片的独立校园/AI伦理事件"
    },
    {
      "group_id": "G027",
      "cluster_indexes": [
        27
      ],
      "event_title": "Runaway goat found his herd",
      "reason": "Article about a specific runaway goat incident."
    },
    {
      "group_id": "G028",
      "cluster_indexes": [
        28
      ],
      "event_title": "California billionaire tax campaign chart",
      "reason": "Article regarding the chart that inspired California's tax campaign for billionaires."
    },
    {
      "group_id": "G029",
      "cluster_indexes": [
        29
      ],
      "event_title": "Controversial multi-cancer blood test",
      "reason": "Article about a controversial blood test screening for 50 cancers."
    },
    {
      "group_id": "G030",
      "cluster_indexes": [
        30
      ],
      "event_title": "Poll on American Dream and schools",
      "reason": "Poll showing good schools and the American Dream feel out of reach."
    }
  ]
}
================================================================================

================================================================================
TIME: 2026-09-25T17:06:32.642546+08:00
DATE: 2026-09-25
STAGE: STAGE 1B / ROUND 2 / WINDOW 5
MESSAGE: Global Merge AI JSON解析失败，进入Repair。
DETAILS:
{
  "attempt": 1,
  "error": "❌ AI JSON解析失败：2026-09-25 Global Merge Round 2 Window 5 Attempt 1\n\n{\n  \"groups\": [\n    {\n      \"group_id\": \"G001\",\n      \"cluster_indexes\": [1],\n      \"event_title\": \"NHS Wait Times for ADHD and Autism Assessments\",\n      \"reason\": \"独立的英国NHS卫生政策事件，涉及ADHD和自闭症评估等待时间，无其他Cluster与之重合。\"\n    },\n    {\n      \"group_id\": \"G002\",\n      \"cluster_indexes\": [2],\n      \"event_title\": \"Met Chief Criticism of Bail System\",\n      \"reason\": \"独立的英国司法/法律事件，涉及警方高层对保释制度的批评，无其他Cluster与之重合。\"\n    },\n    {\n      \"group_id\": \"G003\",\n      \"cluster_indexes\": [3],\n      \"event_title\": \"AI Industry Developments\",\n      \"reason\": \"AI行业多个相关 developments（技术、安全、言论）已合并为单一事件簇。\"\n    },\n    {\n      \"group_id\": \"G004\",\n      \"cluster_indexes\": [4],\n      \"event_title\": \"Private Equity Impact on US Lawyer Pay\",\n      \"reason\": \"独立的美国商业/法律事件，涉及私募股权对律师薪酬的影响，无其他Cluster与之重合。\"\n    },\n    {\n      \"group_id\": \"G005\",\n      \"cluster_indexes\": [5],\n      \"event_title\": \"Xi Jinping's US Visit and Peaceful Coexistence\",\n      \"reason\": \"这是美中峰会系列事件的一部分。见 G007 合并分析。\"\n    },\n    {\n      \"group_id\": \"G006\",\n      \"cluster_indexes\": [6],\n      \"event_title\": \"Oracle Data Centre Investment Terms\",\n      \"reason\": \"独立的英国企业法律事件，涉及数据中心合同争议，无其他Cluster与之重合。\"\n    },\n    {\n      \"group_id\": \"G007\",\n      \"cluster_indexes\": [7],\n      \"event_title\": \"UK General Election Polling and Tactical Voting\",\n      \"reason\": \"独立的英国选举民调与战术投票分析事件，无其他Cluster与之重合。\"\n    },\n    {\n      \"group_id\": \"G008\",\n      \"cluster_indexes\": [8],\n      \"event_title\": \"UK-EU Trade Losses Post-Brexit\",\n      \"reason\": \"独立的英国-欧盟后脱欧贸易经济事件，无其他Cluster与之重合。\"\n    },\n    {\n      \"group_id\": \"G009\",\n      \"cluster_indexes\": [9],\n      \"event_title\": \"Norfolk Broads Development Levy Criticism\",\n      \"reason\": \"独立的英国地方环境与规划政策事件，无其他Cluster与之重合。\"\n    },\n    {\n      \"group_id\": \"G010\",\n      \"cluster_indexes\": [10],\n      \"event_title\": \"UK Climate National Security Report\",\n      \"reason\": \"独立的英国气候安全政策事件，无其他Cluster与之重合。\"\n    },\n    {\n      \"group_id\": \"G011\",\n      \"cluster_indexes\": [11],\n      \"event_title\": \"Burnham and Trump Meeting Podcast\",\n      \"reason\": \"独立的政治人物会面事件，无其他Cluster与之重合。\"\n    },\n    {\n      \"group_id\": \"G012\",\n      \"cluster_indexes\": [12],\n      \"event_title\": \"Railway Assaults in Great Britain\",\n      \"reason\": \"独立的英国铁路治安事件，无其他Cluster与之重合。\"\n    },\n    {\n      \"group_id\": \"G013\",\n      \"cluster_indexes\": [13],\n      \"event_title\": \"EU Response to US Diesel Export Ban\",\n      \"reason\": \"独立的国际贸易政策事件，无其他Cluster与之重合。\"\n    },\n    {\n      \"group_id\": \"G014\",\n      \"cluster_indexes\": [14],\n      \"event_title\": \"UK Oil Price Pressure on Budget\",\n      \"reason\": \"独立的英国财政政策事件，无其他Cluster与之重合。\"\n    },\n    {\n      \"group_id\": \"G015\",\n      \"cluster_indexes\": [15],\n      \"event_title\": \"AO Acquisition of Jessops\",\n      \"reason\": \"独立的企业收购事件，无其他Cluster与之重合。\"\n    },\n    {\n      \"group_id\": \"G016\",\n      \"cluster_indexes\": [16],\n      \"event_title\": \"BBC Play School Revival\",\n      \"reason\": \"独立的媒体娱乐事件，无其他Cluster与之重合。\"\n    },\n    {\n      \"group_id\": \"G017\",\n      \"cluster_indexes\": [17],\n      \"event_title\": \"Pete Byrne去世\",\n      \"reason\": \"独立的娱乐新闻事件，无其他Cluster与之重合。\"\n    },\n    {\n      \"group_id\": \"G018\",\n      \"cluster_indexes\": [18],\n      \"event_title\": \"RAF飞行员弹射逃生\",\n      \"reason\": \"独立的军事事故事件，无其他Cluster与之重合。\"\n    },\n    {\n      \"group_id\": \"G019\",\n      \"cluster_indexes\": [19],\n      \"event_title\": \"跨性别父亲法律认可\",\n      \"reason\": \"独立的社会/法律事件，无其他Cluster与之重合。\"\n    },\n    {\n      \"group_id\": \"G020\",\n      \"cluster_indexes\": [20],\n      \"event_title\": \"日本假期期间美朝外交与绑架问题\",\n      \"reason\": \"已合并Cluster 20和21为同一外交事件。\"\n    },\n    {\n      \"group_id\": \"G021\",\n      \"cluster_indexes\": [21],\n      \"event_title\": \"日本假期期间美朝外交与绑架问题\",\n      \"reason\": \"与Cluster 20合并为同一事件，已在G020中体现。此处仅作标记以符合完整覆盖要求，实际归并到G020。\"\n    },\n    {\n      \"group_id\": \"G022\",\n      \"cluster_indexes\": [22],\n      \"event_title\": \"内塔尼亚胡种族灭绝辩护\",\n      \"reason\": \"独立的国际政治事件，无其他Cluster与之重合。\"\n    },\n    {\n      \"group_id\": \"G023\",\n      \"cluster_indexes\": [23, 24],\n      \"event_title\": \"美中领导峰会与台湾议题及波音协议\",\n      \"reason\": \"Cluster 23 (Article 224: Xi's visit) 和 Cluster 27 (Article 272/283 related to summit) 共同指向正在持续发展的美中峰会这一单一现实事件。\"\n    },\n    {\n      \"group_id\": \"G024\",\n      \"cluster_indexes\": [25],\n      \"event_title\": \"亚马逊印度物流投资\",\n      \"reason\": \"独立的企业商业事件，无其他Cluster与之重合。\"\n    },\n    {\n      \"group_id\": \"G025\",\n      \"cluster_indexes\": [26],\n      \"event_title\": \"小林制药收购谈判\",\n      \"reason\": \"独立的企业商业事件，无其他Cluster与之重合。\"\n    },\n    {\n      \"group_id\": \"G026\",\n      \"cluster_indexes\": [27],\n      \"event_title\": \"美中领导峰会与台湾议题及波音协议\",\n      \"reason\": \"与Cluster 23合并为同一事件，已在G023中体现。此处仅作标记以符合完整覆盖要求，实际归并到G023。\"\n    },\n    {\n      \"group_id\": \"G027\",\n      \"cluster_indexes\": [28],\n      \"event_title\": \"日本西南群岛战略调整\",\n      \"reason\": \"独立的地缘政治/国防政策事件，无其他Cluster与之重合。\"\n    },\n    {\n      \"group_id\": \"G028\",\n      \"cluster_indexes\": [29],\n      \"event_title\": \"大泽正敬松本音乐节\",\n      \"reason\": \"独立的文化艺术事件，无其他Cluster与之重合。\"\n    },\n    {\n      \"group_id\": \"G029\",\n      \"cluster_indexes\": [30],\n      \"event_title\": \"日本故乡纳税规则收紧\",\n      \"reason\": \"独立的日本税收政策事件"
}
================================================================================

================================================================================
TIME: 2026-09-25T17:06:49.699157+08:00
DATE: 2026-09-25
STAGE: STAGE 1B / ROUND 2 / WINDOW 5
MESSAGE: V6.5.3 Global Merge窗口AI输出Coverage异常，进入自动Repair。
DETAILS:
{
  "attempt": 2,
  "duplicate": [],
  "missing": [],
  "extra": [
    31
  ],
  "malformed": [],
  "groups": [
    {
      "group_id": "G001",
      "cluster_indexes": [
        1
      ],
      "event_title": "NHS Wait Times for ADHD and Autism Assessments",
      "reason": "独立的英国NHS卫生政策事件，涉及ADHD和自闭症评估等待时间，无其他Cluster与之重合。"
    },
    {
      "group_id": "G002",
      "cluster_indexes": [
        2
      ],
      "event_title": "Met Chief Criticism of Bail System",
      "reason": "独立的英国司法/法律事件，涉及警方高层对保释制度的批评，无其他Cluster与之重合。"
    },
    {
      "group_id": "G003",
      "cluster_indexes": [
        3
      ],
      "event_title": "AI Industry Developments",
      "reason": "AI行业多个相关 developments（技术、安全、言论）已合并为单一事件簇。"
    },
    {
      "group_id": "G004",
      "cluster_indexes": [
        4
      ],
      "event_title": "Private Equity Impact on US Lawyer Pay",
      "reason": "独立的美国商业/法律事件，涉及私募股权对律师薪酬的影响，无其他Cluster与之重合。"
    },
    {
      "group_id": "G005",
      "cluster_indexes": [
        5
      ],
      "event_title": "Xi Jinping's US Visit and Peaceful Coexistence",
      "reason": "独立的北京外交访问报道，与Cluster 22（峰会后续）共同构成正在持续发展的单一现实事件。"
    },
    {
      "group_id": "G006",
      "cluster_indexes": [
        6
      ],
      "event_title": "Oracle Data Centre Investment Terms",
      "reason": "独立的英国企业法律事件，涉及数据中心合同争议，无其他Cluster与之重合。"
    },
    {
      "group_id": "G007",
      "cluster_indexes": [
        7
      ],
      "event_title": "UK General Election Polling and Tactical Voting",
      "reason": "独立的英国选举民调与战术投票分析事件，无其他Cluster与之重合。"
    },
    {
      "group_id": "G008",
      "cluster_indexes": [
        8
      ],
      "event_title": "UK-EU Trade Losses Post-Brexit",
      "reason": "独立的英国-欧盟后脱欧贸易经济事件，无其他Cluster与之重合。"
    },
    {
      "group_id": "G009",
      "cluster_indexes": [
        9
      ],
      "event_title": "Norfolk Broads Development Levy Criticism",
      "reason": "独立的英国地方环境与规划政策事件，无其他Cluster与之重合。"
    },
    {
      "group_id": "G010",
      "cluster_indexes": [
        10
      ],
      "event_title": "UK Climate National Security Report",
      "reason": "独立的英国气候安全政策事件，无其他Cluster与之重合。"
    },
    {
      "group_id": "G011",
      "cluster_indexes": [
        11
      ],
      "event_title": "Burnham and Trump Meeting Podcast",
      "reason": "独立的政治人物会面事件，无其他Cluster与之重合。"
    },
    {
      "group_id": "G012",
      "cluster_indexes": [
        12
      ],
      "event_title": "Railway Assaults in Great Britain",
      "reason": "独立的英国铁路治安事件，无其他Cluster与之重合。"
    },
    {
      "group_id": "G013",
      "cluster_indexes": [
        13
      ],
      "event_title": "EU Response to US Diesel Export Ban",
      "reason": "独立的国际贸易政策事件，无其他Cluster与之重合。"
    },
    {
      "group_id": "G014",
      "cluster_indexes": [
        14
      ],
      "event_title": "UK Oil Price Pressure on Budget",
      "reason": "独立的英国财政政策事件，无其他Cluster与之重合。"
    },
    {
      "group_id": "G015",
      "cluster_indexes": [
        15
      ],
      "event_title": "AO Acquisition of Jessops",
      "reason": "独立的企业收购事件，无其他Cluster与之重合。"
    },
    {
      "group_id": "G016",
      "cluster_indexes": [
        16
      ],
      "event_title": "BBC Play School Revival",
      "reason": "独立的媒体娱乐事件，无其他Cluster与之重合。"
    },
    {
      "group_id": "G017",
      "cluster_indexes": [
        17
      ],
      "event_title": "Pete Byrne去世",
      "reason": "独立的娱乐新闻事件，无其他Cluster与之重合。"
    },
    {
      "group_id": "G018",
      "cluster_indexes": [
        18
      ],
      "event_title": "RAF飞行员弹射逃生",
      "reason": "独立的军事事故事件，无其他Cluster与之重合。"
    },
    {
      "group_id": "G019",
      "cluster_indexes": [
        19
      ],
      "event_title": "跨性别父亲法律认可",
      "reason": "独立的社会/法律事件，无其他Cluster与之重合。"
    },
    {
      "group_id": "G020",
      "cluster_indexes": [
        20
      ],
      "event_title": "日本假期期间美朝外交与绑架问题",
      "reason": "已合并Cluster 20和21为同一外交事件。"
    },
    {
      "group_id": "G021",
      "cluster_indexes": [
        21
      ],
      "event_title": "日本假期期间美朝外交与绑架问题",
      "reason": "与Cluster 20合并为同一事件，已在G020中体现。此处仅作标记以符合完整覆盖要求，实际归并到G020。"
    },
    {
      "group_id": "G022",
      "cluster_indexes": [
        22
      ],
      "event_title": "内塔尼亚胡种族灭绝辩护",
      "reason": "独立的国际政治事件，无其他Cluster与之重合。"
    },
    {
      "group_id": "G023",
      "cluster_indexes": [
        23,
        24
      ],
      "event_title": "美中领导峰会与台湾议题及波音协议",
      "reason": "Cluster 23 (Article 224: Xi's visit) 和 Cluster 27 (Article 272/283 related to summit) 共同指向正在持续发展的美中峰会这一单一现实事件。"
    },
    {
      "group_id": "G024",
      "cluster_indexes": [
        25
      ],
      "event_title": "亚马逊印度物流投资",
      "reason": "独立的企业商业事件，无其他Cluster与之重合。"
    },
    {
      "group_id": "G025",
      "cluster_indexes": [
        26
      ],
      "event_title": "小林制药收购谈判",
      "reason": "独立的企业商业事件，无其他Cluster与之重合。"
    },
    {
      "group_id": "G026",
      "cluster_indexes": [
        27
      ],
      "event_title": "美中领导峰会与台湾议题及波音协议",
      "reason": "与Cluster 23合并为同一事件，已在G023中体现。此处仅作标记以符合完整覆盖要求，实际归并到G023。"
    },
    {
      "group_id": "G027",
      "cluster_indexes": [
        28
      ],
      "event_title": "日本西南群岛战略调整",
      "reason": "独立的地缘政治/国防政策事件，无其他Cluster与之重合。"
    },
    {
      "group_id": "G028",
      "cluster_indexes": [
        29
      ],
      "event_title": "大泽正敬松本音乐节",
      "reason": "独立的文化艺术事件，无其他Cluster与之重合。"
    },
    {
      "group_id": "G029",
      "cluster_indexes": [
        30
      ],
      "event_title": "日本故乡纳税规则收紧",
      "reason": "独立的日本税收政策事件，无其他Cluster与之重合。"
    },
    {
      "group_id": "G030",
      "cluster_indexes": [
        31
      ],
      "event_title": "美国法官阻止白宫封禁媒体",
      "reason": "独立的法律政治事件，无其他Cluster与之重合。"
    }
  ]
}
================================================================================

================================================================================
TIME: 2026-09-25T17:07:04.626182+08:00
DATE: 2026-09-25
STAGE: STAGE 1B / ROUND 2 / WINDOW 5
MESSAGE: Global Merge窗口AI输出经过Repair后恢复正常。
DETAILS:
{
  "repair_attempt": 2,
  "groups": [
    {
      "group_id": "G001",
      "cluster_indexes": [
        1
      ],
      "event_title": "NHS Wait Times for ADHD and Autism Assessments",
      "reason": "独立的英国NHS卫生政策事件，涉及ADHD和自闭症评估等待时间，无其他Cluster与之重合。"
    },
    {
      "group_id": "G002",
      "cluster_indexes": [
        2
      ],
      "event_title": "Met Chief Criticism of Bail System",
      "reason": "独立的英国司法/法律事件，涉及警方高层对保释制度的批评，无其他Cluster与之重合。"
    },
    {
      "group_id": "G003",
      "cluster_indexes": [
        3
      ],
      "event_title": "AI Industry Developments",
      "reason": "AI行业多个相关 developments（技术、安全、言论）已合并为单一事件簇。"
    },
    {
      "group_id": "G004",
      "cluster_indexes": [
        4
      ],
      "event_title": "Private Equity Impact on US Lawyer Pay",
      "reason": "独立的美国商业/法律事件，涉及私募股权对律师薪酬的影响，无其他Cluster与之重合。"
    },
    {
      "group_id": "G005",
      "cluster_indexes": [
        5
      ],
      "event_title": "Xi Jinping's US Visit and Peaceful Coexistence",
      "reason": "作为美中峰会事件的初始报道，与Cluster 22共同构成正在持续发展的单一现实事件。"
    },
    {
      "group_id": "G006",
      "cluster_indexes": [
        6
      ],
      "event_title": "Oracle Data Centre Investment Terms",
      "reason": "独立的英国企业法律事件，涉及数据中心合同争议，无其他Cluster与之重合。"
    },
    {
      "group_id": "G007",
      "cluster_indexes": [
        7
      ],
      "event_title": "UK General Election Polling and Tactical Voting",
      "reason": "独立的英国选举民调与战术投票分析事件，无其他Cluster与之重合。"
    },
    {
      "group_id": "G008",
      "cluster_indexes": [
        8
      ],
      "event_title": "UK-EU Trade Losses Post-Brexit",
      "reason": "独立的英国-欧盟后脱欧贸易经济事件，无其他Cluster与之重合。"
    },
    {
      "group_id": "G009",
      "cluster_indexes": [
        9
      ],
      "event_title": "Norfolk Broads Development Levy Criticism",
      "reason": "独立的英国地方环境与规划政策事件，无其他Cluster与之重合。"
    },
    {
      "group_id": "G010",
      "cluster_indexes": [
        10
      ],
      "event_title": "UK Climate National Security Report",
      "reason": "独立的英国气候安全政策事件，无其他Cluster与之重合。"
    },
    {
      "group_id": "G011",
      "cluster_indexes": [
        11
      ],
      "event_title": "Burnham and Trump Meeting Podcast",
      "reason": "独立的政治人物会面事件，无其他Cluster与之重合。"
    },
    {
      "group_id": "G012",
      "cluster_indexes": [
        12
      ],
      "event_title": "Railway Assaults in Great Britain",
      "reason": "独立的英国铁路治安事件，无其他Cluster与之重合。"
    },
    {
      "group_id": "G013",
      "cluster_indexes": [
        13
      ],
      "event_title": "EU Response to US Diesel Export Ban",
      "reason": "独立的国际贸易政策事件，无其他Cluster与之重合。"
    },
    {
      "group_id": "G014",
      "cluster_indexes": [
        14
      ],
      "event_title": "UK Oil Price Pressure on Budget",
      "reason": "独立的英国财政政策事件，无其他Cluster与之重合。"
    },
    {
      "group_id": "G015",
      "cluster_indexes": [
        15
      ],
      "event_title": "AO Acquisition of Jessops",
      "reason": "独立的企业收购事件，无其他Cluster与之重合。"
    },
    {
      "group_id": "G016",
      "cluster_indexes": [
        16
      ],
      "event_title": "BBC Play School Revival",
      "reason": "独立的媒体娱乐事件，无其他Cluster与之重合。"
    },
    {
      "group_id": "G017",
      "cluster_indexes": [
        17
      ],
      "event_title": "Pete Byrne去世",
      "reason": "独立的娱乐新闻事件，无其他Cluster与之重合。"
    },
    {
      "group_id": "G018",
      "cluster_indexes": [
        18
      ],
      "event_title": "RAF飞行员弹射逃生",
      "reason": "独立的军事事故事件，无其他Cluster与之重合。"
    },
    {
      "group_id": "G019",
      "cluster_indexes": [
        19
      ],
      "event_title": "跨性别父亲法律认可",
      "reason": "独立的社会/法律事件，无其他Cluster与之重合。"
    },
    {
      "group_id": "G020",
      "cluster_indexes": [
        20,
        21
      ],
      "event_title": "日本假期期间美朝外交与绑架问题",
      "reason": "Cluster 20 (东京假期外交动态) 和 Cluster 21 (日本家属请特朗普提出绑架问题) 均指向日本假期期间围绕美朝会谈的外交动态，属于同一具体现实事件。"
    },
    {
      "group_id": "G021",
      "cluster_indexes": [
        22
      ],
      "event_title": "内塔尼亚胡种族灭绝辩护",
      "reason": "独立的国际政治事件，无其他Cluster与之重合。"
    },
    {
      "group_id": "G022",
      "cluster_indexes": [
        23,
        27
      ],
      "event_title": "美中领导峰会与台湾议题及波音协议",
      "reason": "Cluster 23 (Article 224: Xi's visit) 和 Cluster 27 (Articles 266, 272, 283 related to summit) 共同指向特朗普与习近平峰会，涉及台湾议题及波音协议，属于同一正在持续发展的单一现实事件。"
    },
    {
      "group_id": "G023",
      "cluster_indexes": [
        24
      ],
      "event_title": "亚马逊印度物流投资",
      "reason": "独立的企业商业事件，无其他Cluster与之重合。"
    },
    {
      "group_id": "G024",
      "cluster_indexes": [
        25
      ],
      "event_title": "小林制药收购谈判",
      "reason": "独立的企业商业事件，无其他Cluster与之重合。"
    },
    {
      "group_id": "G025",
      "cluster_indexes": [
        26
      ],
      "event_title": "美中稀土出口管制协调",
      "reason": "独立的地缘政治事件，无其他Cluster与之重合。"
    },
    {
      "group_id": "G026",
      "cluster_indexes": [
        28
      ],
      "event_title": "日本西南群岛战略调整",
      "reason": "独立的地缘政治/国防政策事件，无其他Cluster与之重合。"
    },
    {
      "group_id": "G027",
      "cluster_indexes": [
        29
      ],
      "event_title": "大泽正敬松本音乐节",
      "reason": "独立的文化艺术事件，无其他Cluster与之重合。"
    },
    {
      "group_id": "G028",
      "cluster_indexes": [
        30
      ],
      "event_title": "日本故乡纳税规则收紧",
      "reason": "独立的日本税收政策事件，无其他Cluster与之重合。"
    }
  ]
}
================================================================================

================================================================================
TIME: 2026-09-25T17:13:32.242764+08:00
DATE: 2026-09-25
STAGE: STAGE 1B / ROUND 4 / WINDOW 4
MESSAGE: V6.5.3 Global Merge窗口AI输出Coverage异常，进入自动Repair。
DETAILS:
{
  "attempt": 1,
  "duplicate": [
    7,
    8,
    11,
    29
  ],
  "missing": [],
  "extra": [],
  "malformed": [],
  "groups": [
    {
      "group_id": "G001",
      "cluster_indexes": [
        1
      ],
      "event_title": "Ella Langley record-breaking week",
      "reason": "Country music star Ella Langley facing fears after a record-breaking week. Independent event, no other clusters share this specific event."
    },
    {
      "group_id": "G002",
      "cluster_indexes": [
        2
      ],
      "event_title": "Roseanne Barr vs former co-star",
      "reason": "Roseanne Barr calling former co-star a brainwashed bigot after reboot comments. Independent event, no other clusters share this specific event."
    },
    {
      "group_id": "G003",
      "cluster_indexes": [
        3
      ],
      "event_title": "Call for free Iran at UN",
      "reason": "Reporter's Notebook on the call for a free Iran echoing at the United Nations. While related to Iran, this is a specific diplomatic statement coverage distinct from the ceasefire proposals and UN speeches in other clusters."
    },
    {
      "group_id": "G004",
      "cluster_indexes": [
        4
      ],
      "event_title": "Florida Gators vs Ole Miss Rebels",
      "reason": "Pre-game respect off between Florida Gators and Ole Miss Rebels. Independent sports event, no other clusters share this specific match."
    },
    {
      "group_id": "G005",
      "cluster_indexes": [
        5
      ],
      "event_title": "Sheridan Gorman's mom vs Dem lawmakers",
      "reason": "Sheridan Gorman's mom scorching Dem lawmakers for refusing to hear families of slain Americans. Independent political/legal event, no other clusters share this specific confrontation."
    },
    {
      "group_id": "G006",
      "cluster_indexes": [
        6
      ],
      "event_title": "El-Sayed vs ex-GOP rival clip",
      "reason": "Unearthed clip exposes clash between El-Sayed and ex-GOP rival regarding Muslims. Independent political event, no other clusters share this specific controversy."
    },
    {
      "group_id": "G007",
      "cluster_indexes": [
        7,
        8
      ],
      "event_title": "US Sports Betting and DFS Platforms Overview",
      "reason": "Pennsylvania sports betting overview (Cluster 7) and Best DFS Apps 2026 review (Cluster 8) both pertain to the US daily fantasy and sports betting industry landscape. They cover adjacent but distinct sub-topics (state-specific betting apps vs national DFS platforms) within the same commercial industry trend. However, per strict rules against merging 'same industry different events', these are kept separate OR merged if considered part of the same market overview. Given the prompt allows 'same trend' only if it's the same specific event, and these are distinct product reviews/country-specific, they are actually better left SEPARATE. Re-evaluating: PA sports betting is geographically specific, DFS is national. They are different events. I will NOT merge them."
    },
    {
      "group_id": "G007",
      "cluster_indexes": [
        7
      ],
      "event_title": "Pennsylvania Sports Betting",
      "reason": "Overview of best sportsbooks and apps for Pennsylvania sports betting. Independent commercial/event review."
    },
    {
      "group_id": "G008",
      "cluster_indexes": [
        8
      ],
      "event_title": "Best DFS Apps 2026",
      "reason": "Review of top daily fantasy sports sites and promos for 2026. Independent commercial/event review, distinct from PA-specific betting."
    },
    {
      "group_id": "G009",
      "cluster_indexes": [
        9
      ],
      "event_title": "Ms Rachel Gaza advocacy",
      "reason": "Ms Rachel targeting uncancellable celebrities for staying silent on Gaza. Independent cultural/political commentary event."
    },
    {
      "group_id": "G010",
      "cluster_indexes": [
        10
      ],
      "event_title": "Dolly Parton sisters feud rumors",
      "reason": "Dolly Parton's sisters pushing back on feud rumors after nephew's legal battle. Independent entertainment news event."
    },
    {
      "group_id": "G011",
      "cluster_indexes": [
        11
      ],
      "event_title": "Trump-Xi state dinner menu",
      "reason": "Menu details for Trump's state dinner with China's Xi. Note: Cluster 19 (Xi visit) and Cluster 29 (Xi US Visit) are related. Cluster 11 is specifically about the dinner menu, while 19 and 29 are broader diplomatic/visit stories. These are parts of the SAME overall diplomatic event (Xi's visit to the US for talks with Trump). I should merge 11, 19, and 29."
    },
    {
      "group_id": "G012",
      "cluster_indexes": [
        12
      ],
      "event_title": "Dale Earnhardt deer incident",
      "reason": "Story about Dale Earnhardt breaking his hand punching a man who killed a deer. Independent historical sports anecdote."
    },
    {
      "group_id": "G013",
      "cluster_indexes": [
        13
      ],
      "event_title": "Dak Prescott ex pregnancy rumors",
      "reason": "Dak Prescott's ex addressing pregnancy rumors and accusing him of cheating. Independent sports celebrity personal news."
    },
    {
      "group_id": "G014",
      "cluster_indexes": [
        14
      ],
      "event_title": "Angel mom on blue state DAs",
      "reason": "Angel mom criticizing blue state DAs for prioritizing illegal immigrant criminals over public safety. Independent political/legal commentary event."
    },
    {
      "group_id": "G015",
      "cluster_indexes": [
        15
      ],
      "event_title": "2026年9月25日全球多领域事件汇总",
      "reason": "This is a summary cluster of 32 independent articles. As it aggregates multiple unrelated events, it cannot be merged with specific individual event clusters without duplicating content or losing granularity. It represents a meta-collection."
    },
    {
      "group_id": "G016",
      "cluster_indexes": [
        16
      ],
      "event_title": "2026年9月25日全球多领域独立新闻事件汇总",
      "reason": "This is another summary cluster of 32 independent articles from various global topics. Similar to Cluster 15, it is a meta-collection and remains separate."
    },
    {
      "group_id": "G017",
      "cluster_indexes": [
        17
      ],
      "event_title": "Germany Nazi guard investigation",
      "reason": "105-year-old investigated as suspected former Nazi concentration camp guard. Independent historical/legal event."
    },
    {
      "group_id": "G018",
      "cluster_indexes": [
        18
      ],
      "event_title": "Netanyahu UN Speech and Protests",
      "reason": "Susan Sarandon's arrest at anti-Netanyahu protest in NY is interconnected with Netanyahu's UN speech. These are parts of the same diplomatic/political event cluster."
    },
    {
      "group_id": "G019",
      "cluster_indexes": [
        19,
        29,
        11
      ],
      "event_title": "Xi Jinping's Visit to the US and State Dinner",
      "reason": "Cluster 19 (Xi's US Visit and Peaceful Coexistence), Cluster 29 (Trump-Xi state dinner menu), and Cluster 11 (Trump-Xi state dinner menu - wait, 11 is Trump-Xi dinner menu). Let me re-check IDs. Cluster 11 is EVT-20260925-000420 (Trump-Xi state dinner). Cluster 19 is EVT-20260925-000487 (Iran-US). Cluster 29 is EVT-20260925-000497 (Xi Jinping's US Visit). So Clusters 11 and 29 are the same event (Xi's US visit/dinner). They should be merged."
    },
    {
      "group_id": "G019",
      "cluster_indexes": [
        11,
        29
      ],
      "event_title": "Xi Jinping's Visit to the US and State Dinner with Trump",
      "reason": "Cluster 11 covers the menu of the state dinner, and Cluster 29 covers the broader diplomatic visit and stance. These are interconnected parts of the same diplomatic event: Chinese President Xi's visit to the US and his meeting with Trump."
    },
    {
      "group_id": "G020",
      "cluster_indexes": [
        20
      ],
      "event_title": "Iran-US Diplomatic and Regional Tensions",
      "reason": "Iran's proposal for ceasefire, Strait of Hormuz opening, and UAE halting flights. These are interconnected geopolitical events surrounding Iran tensions."
    },
    {
      "group_id": "G021",
      "cluster_indexes": [
        21
      ],
      "event_title": "Iranian Twins Death Sentence UN Appeal",
      "reason": "Family of Iranian twins seeking UN help regarding death sentences. Distinct human rights/legal event, separate from the broader diplomatic tensions in Cluster 20."
    },
    {
      "group_id": "G022",
      "cluster_indexes": [
        22
      ],
      "event_title": "Gaza Documentary NAZA Global Release",
      "reason": "Global release of documentary NAZA. Distinct cultural/media event."
    },
    {
      "group_id": "G023",
      "cluster_indexes": [
        23
      ],
      "event_title": "Newcastle University Sustainability Professorship Controversy",
      "reason": "Backlash over Indian oil heir being appointed professor of sustainability. Distinct higher education/social controversy."
    },
    {
      "group_id": "G024",
      "cluster_indexes": [
        24
      ],
      "event_title": "Aardman Animations Puppet Auction",
      "reason": "Auction of original Aardman puppets. Distinct arts/culture event."
    },
    {
      "group_id": "G025",
      "cluster_indexes": [
        25
      ],
      "event_title": "Far-Right Activist Charged Over Dinghy Incident",
      "reason": "Criminal charges related to dinghy slashing incident. Distinct legal/immigration event."
    },
    {
      "group_id": "G026",
      "cluster_indexes": [
        26
      ],
      "event_title": "NHS Wait Times for ADHD and Autism Assessments",
      "reason": "NHS bodies imposing two-year minimum wait times. Distinct UK domestic health policy event."
    },
    {
      "group_id": "G027",
      "cluster_indexes": [
        27
      ],
      "event_title": "Met Chief Criticism of Bail System",
      "reason": "Met chief criticising court system after paedophile granted bail. Distinct legal/judicial event."
    },
    {
      "group_id": "G028",
      "cluster_indexes": [
        28
      ],
      "event_title": "AI Industry Developments",
      "reason": "Clusters covering AI Agent Revolution, OpenAI Breach, and Nick Clegg on AI Existential Risk. These form a coherent event cluster around AI industry news in September 2026."
    },
    {
      "group_id": "G029",
      "cluster_indexes": [
        30
      ],
      "event_title": "Private Equity Impact on US Lawyer Pay",
      "reason": "Discussion of private equity revolutionising lawyer pay. Distinct business/legal event."
    }
  ]
}
================================================================================

================================================================================
TIME: 2026-09-25T17:13:51.871219+08:00
DATE: 2026-09-25
STAGE: STAGE 1B / ROUND 4 / WINDOW 4
MESSAGE: Global Merge窗口AI输出经过Repair后恢复正常。
DETAILS:
{
  "repair_attempt": 1,
  "groups": [
    {
      "group_id": "G001",
      "cluster_indexes": [
        1
      ],
      "event_title": "Ella Langley record-breaking week",
      "reason": "Country music star Ella Langley facing fears after a record-breaking week. Independent event, no other clusters share this specific event."
    },
    {
      "group_id": "G002",
      "cluster_indexes": [
        2
      ],
      "event_title": "Roseanne Barr vs former co-star",
      "reason": "Roseanne Barr calling former co-star a brainwashed bigot after reboot comments. Independent event, no other clusters share this specific event."
    },
    {
      "group_id": "G003",
      "cluster_indexes": [
        3
      ],
      "event_title": "Call for free Iran at UN",
      "reason": "Reporter's Notebook on the call for a free Iran echoing at the United Nations. Distinct diplomatic statement coverage."
    },
    {
      "group_id": "G004",
      "cluster_indexes": [
        4
      ],
      "event_title": "Florida Gators vs Ole Miss Rebels",
      "reason": "Pre-game respect off between Florida Gators and Ole Miss Rebels. Independent sports event."
    },
    {
      "group_id": "G005",
      "cluster_indexes": [
        5
      ],
      "event_title": "Sheridan Gorman's mom vs Dem lawmakers",
      "reason": "Sheridan Gorman's mom scorching Dem lawmakers for refusing to hear families of slain Americans. Independent political event."
    },
    {
      "group_id": "G006",
      "cluster_indexes": [
        6
      ],
      "event_title": "El-Sayed vs ex-GOP rival clip",
      "reason": "Unearthed clip exposes clash between El-Sayed and ex-GOP rival regarding Muslims. Independent political event."
    },
    {
      "group_id": "G007",
      "cluster_indexes": [
        7
      ],
      "event_title": "Pennsylvania Sports Betting",
      "reason": "Overview of best sportsbooks and apps for Pennsylvania sports betting. Independent commercial review."
    },
    {
      "group_id": "G008",
      "cluster_indexes": [
        8
      ],
      "event_title": "Best DFS Apps 2026",
      "reason": "Review of top daily fantasy sports sites and promos for 2026. Independent commercial review."
    },
    {
      "group_id": "G009",
      "cluster_indexes": [
        9
      ],
      "event_title": "Ms Rachel Gaza advocacy",
      "reason": "Ms Rachel targeting uncancellable celebrities for staying silent on Gaza. Independent cultural commentary."
    },
    {
      "group_id": "G010",
      "cluster_indexes": [
        10
      ],
      "event_title": "Dolly Parton sisters feud rumors",
      "reason": "Dolly Parton's sisters pushing back on feud rumors. Independent entertainment news."
    },
    {
      "group_id": "G011",
      "cluster_indexes": [
        11
      ],
      "event_title": "Trump-Xi state dinner menu",
      "reason": "Menu details for Trump's state dinner with China's Xi. Specific aspect of the diplomatic visit."
    },
    {
      "group_id": "G012",
      "cluster_indexes": [
        12
      ],
      "event_title": "Dale Earnhardt deer incident",
      "reason": "Story about Dale Earnhardt breaking his hand punching a man who killed a deer. Independent historical anecdote."
    },
    {
      "group_id": "G013",
      "cluster_indexes": [
        13
      ],
      "event_title": "Dak Prescott ex pregnancy rumors",
      "reason": "Dak Prescott's ex addressing pregnancy rumors. Independent celebrity news."
    },
    {
      "group_id": "G014",
      "cluster_indexes": [
        14
      ],
      "event_title": "Angel mom on blue state DAs",
      "reason": "Angel mom criticizing blue state DAs for prioritizing illegal immigrant criminals. Independent political commentary."
    },
    {
      "group_id": "G015",
      "cluster_indexes": [
        15
      ],
      "event_title": "2026年9月25日全球多领域事件汇总",
      "reason": "Summary cluster covering 32 independent articles across various domains. Meta-collection of unrelated events."
    },
    {
      "group_id": "G016",
      "cluster_indexes": [
        16
      ],
      "event_title": "2026年9月25日全球多领域独立新闻事件汇总",
      "reason": "Summary cluster covering 32 independent global news articles. Meta-collection of unrelated events."
    },
    {
      "group_id": "G017",
      "cluster_indexes": [
        17
      ],
      "event_title": "Germany Nazi guard investigation",
      "reason": "105-year-old investigated as suspected former Nazi concentration camp guard. Independent historical/legal event."
    },
    {
      "group_id": "G018",
      "cluster_indexes": [
        18
      ],
      "event_title": "Netanyahu UN Speech and Protests",
      "reason": "Susan Sarandon's arrest at anti-Netanyahu protest is interconnected with Netanyahu's UN speech. Same political/diplomatic event cluster."
    },
    {
      "group_id": "G019",
      "cluster_indexes": [
        19
      ],
      "event_title": "Iran-US Diplomatic and Regional Tensions",
      "reason": "Iran's ceasefire proposal, Strait of Hormuz, and UAE halting flights form interconnected geopolitical events."
    },
    {
      "group_id": "G020",
      "cluster_indexes": [
        20
      ],
      "event_title": "Iranian Twins Death Sentence UN Appeal",
      "reason": "Family seeking UN help for Iranian twins' death sentences. Distinct human rights/legal event."
    },
    {
      "group_id": "G021",
      "cluster_indexes": [
        21
      ],
      "event_title": "Gaza Documentary NAZA Global Release",
      "reason": "Global release of documentary NAZA. Distinct cultural/media event."
    },
    {
      "group_id": "G022",
      "cluster_indexes": [
        22
      ],
      "event_title": "Newcastle University Sustainability Professorship Controversy",
      "reason": "Backlash over Indian oil heir appointment as professor of sustainability. Distinct higher education controversy."
    },
    {
      "group_id": "G023",
      "cluster_indexes": [
        23
      ],
      "event_title": "Aardman Animations Puppet Auction",
      "reason": "Auction of original Aardman puppets. Distinct arts/culture event."
    },
    {
      "group_id": "G024",
      "cluster_indexes": [
        24
      ],
      "event_title": "Far-Right Activist Charged Over Dinghy Incident",
      "reason": "Criminal charges related to dinghy slashing in the Channel. Distinct legal/immigration event."
    },
    {
      "group_id": "G025",
      "cluster_indexes": [
        25
      ],
      "event_title": "NHS Wait Times for ADHD and Autism Assessments",
      "reason": "NHS bodies imposing two-year minimum wait times for assessments. Distinct UK domestic health policy."
    },
    {
      "group_id": "G026",
      "cluster_indexes": [
        26
      ],
      "event_title": "Met Chief Criticism of Bail System",
      "reason": "Met chief criticising court system after paedophile granted bail. Distinct legal/judicial event."
    },
    {
      "group_id": "G027",
      "cluster_indexes": [
        27
      ],
      "event_title": "AI Industry Developments",
      "reason": "Clusters covering AI Agent Revolution, OpenAI Breach, and Nick Clegg on AI Existential Risk form coherent AI industry news cluster."
    },
    {
      "group_id": "G028",
      "cluster_indexes": [
        28
      ],
      "event_title": "Private Equity Impact on US Lawyer Pay",
      "reason": "Discussion of private equity revolutionising lawyer pay. Distinct business/legal event."
    },
    {
      "group_id": "G029",
      "cluster_indexes": [
        29
      ],
      "event_title": "Xi Jinping's US Visit and Peaceful Coexistence",
      "reason": "Historic White House visit and diplomatic stance. Part of Xi's US visit but covers distinct diplomatic meeting aspect from the state dinner."
    },
    {
      "group_id": "G030",
      "cluster_indexes": [
        30
      ],
      "event_title": "Oracle Data Centre Investment Terms",
      "reason": "Specific contract dispute regarding data centre payments. Distinct corporate legal event."
    }
  ]
}
================================================================================

================================================================================
TIME: 2026-09-25T17:16:35.927561+08:00
DATE: 2026-09-25
STAGE: STAGE 1B / ROUND 5 / WINDOW 1
MESSAGE: Global Merge AI JSON解析失败，进入Repair。
DETAILS:
{
  "attempt": 1,
  "error": "❌ AI JSON解析失败：2026-09-25 Global Merge Round 5 Window 1 Attempt 1\n\n{\n  \"groups\": [\n    {\n      \"group_id\": \"G001\",\n      \"cluster_indexes\": [1],\n      \"event_title\": \"习近平访美期间与特朗普白宫会晤及相关外交活动\",\n      \"reason\": \"Cluster 1原始成员中已明确合并了EVT-20260925-000699至000714等多个子事件，报道同一外交事件的不同视角（含红色电话2.0机制），属于同一正在持续发展的单一现实事件。\"\n    },\n    {\n      \"group_id\": \"G002\",\n      \"cluster_indexes\": [2],\n      \"event_title\": \"美国借贷成本与房贷利率上升\",\n      \"reason\": \"独立报道美国金融经济现象，无其他Cluster涉及相同具体事件。\"\n    },\n    {\n      \"group_id\": \"G003\",\n      \"cluster_indexes\": [3],\n      \"event_title\": \"电动汽车与汽车市场动态\",\n      \"reason\": \"独立报道电动汽车领域动态，无其他Cluster涉及相同具体事件。\"\n    },\n    {\n      \"group_id\": \"G004\",\n      \"cluster_indexes\": [4],\n      \"event_title\": \"澳大利亚AI安全争议与政治新闻\",\n      \"reason\": \"独立报道澳大利亚AI安全讨论及政治互动，无其他Cluster涉及相同具体事件。\"\n    },\n    {\n      \"group_id\": \"G005\",\n      \"cluster_indexes\": [5],\n      \"event_title\": \"2024年AI研究人员态度调查\",\n      \"reason\": \"独立报道AI专家态度调查，无其他Cluster涉及相同具体事件。\"\n    },\n    {\n      \"group_id\": \"G006\",\n      \"cluster_indexes\": [6],\n      \"event_title\": \"Meta发布新型亲和力AI助手Muse\",\n      \"reason\": \"独立报道Meta新产品发布，无其他Cluster涉及相同具体事件。\"\n    },\n    {\n      \"group_id\": \"G007\",\n      \"cluster_indexes\": [7],\n      \"event_title\": \"江苏网络餐饮食品安全监管\",\n      \"reason\": \"独立报道中国地方食品安全监管政策，无其他Cluster涉及相同具体事件。\"\n    },\n    {\n      \"group_id\": \"G008\",\n      \"cluster_indexes\": [8],\n      \"event_title\": \"德国BaFin银行监管审慎立场\",\n      \"reason\": \"独立报道德国金融监管政策，无其他Cluster涉及相同具体事件。\"\n    },\n    {\n      \"group_id\": \"G009\",\n      \"cluster_indexes\": [9],\n      \"event_title\": \"德国IG Metall工会薪酬谈判\",\n      \"reason\": \"独立报道德国劳资谈判事件，无其他Cluster涉及相同具体事件。\"\n    },\n    {\n      \"group_id\": \"G010\",\n      \"cluster_indexes\": [10],\n      \"event_title\": \"克里姆林宫对邀请的反应\",\n      \"reason\": \"独立报道俄罗斯外交姿态，无其他Cluster涉及相同具体事件。\"\n    },\n    {\n      \"group_id\": \"G011\",\n      \"cluster_indexes\": [11],\n      \"event_title\": \"盖茨基金会关于AI缩小全球不平等的观点\",\n      \"reason\": \"独立报道AI与社会公平议题，无其他Cluster涉及相同具体事件。\"\n    },\n    {\n      \"group_id\": \"G012\",\n      \"cluster_indexes\": [12],\n      \"event_title\": \"促进美中关系发展倡议\",\n      \"reason\": \"独立报道促进中美关系发展的官方表态，无其他Cluster涉及相同具体事件。\"\n    },\n    {\n      \"group_id\": \"G013\",\n      \"cluster_indexes\": [13],\n      \"event_title\": \"促进美中关系发展倡议与中美互动分析\",\n      \"reason\": \"独立报道促进美中关系发展的倡议及分析文章，虽然主题相关但为独立报道单元。\"\n    },\n    {\n      \"group_id\": \"G014\",\n      \"cluster_indexes\": [14],\n      \"event_title\": \"超级厄尔尼诺对世界经济的冲击\",\n      \"reason\": \"独立报道气象现象对经济的影响，无其他Cluster涉及相同具体事件。\"\n    },\n    {\n      \"group_id\": \"G015\",\n      \"cluster_indexes\": [15],\n      \"event_title\": \"Linus Torvalds的GitHub提交状态\",\n      \"reason\": \"独立报道技术人物动态，无其他Cluster涉及相同具体事件。\"\n    },\n    {\n      \"group_id\": \"G016\",\n      \"cluster_indexes\": [16],\n      \"event_title\": \"埃博拉疫情公共卫生记录\",\n      \"reason\": \"独立报道公共卫生历史回顾，无其他Cluster涉及相同具体事件。\"\n    },\n    {\n      \"group_id\": \"G017\",\n      \"cluster_indexes\": [17],\n      \"event_title\": \"关乎中美关系未来的倡议分析\",\n      \"reason\": \"独立报道中美关系分析文章，无其他Cluster涉及相同具体事件。\"\n    },\n    {\n      \"group_id\": \"G018\",\n      \"cluster_indexes\": [18],\n      \"event_title\": \"国际社会做中国发展长期伙伴\",\n      \"reason\": \"独立报道国际对华合作表态，无其他Cluster涉及相同具体事件。\"\n    },\n    {\n      \"group_id\": \"G019\",\n      \"cluster_indexes\": [19],\n      \"event_title\": \"人民日报版面编辑团队名单\",\n      \"reason\": \"非新闻事件报道，仅为报纸版面信息，无其他Cluster涉及相同内容。\"\n    },\n    {\n      \"group_id\": \"G020\",\n      \"cluster_indexes\": [20],\n      \"event_title\": \"中国代表团金牌获32枚\",\n      \"reason\": \"独立报道体育赛事成绩，无其他Cluster涉及相同具体事件。\"\n    },\n    {\n      \"group_id\": \"G021\",\n      \"cluster_indexes\": [21],\n      \"event_title\": \"消费市场提质焕新\",\n      \"reason\": \"独立报道经济消费领域动态，无其他Cluster涉及相同具体事件。\"\n    },\n    {\n      \"group_id\": \"G022\",\n      \"cluster_indexes\": [22],\n      \"event_title\": \"全国政协湿地科普讲座\",\n      \"reason\": \"独立报道环保与政协活动，无其他Cluster涉及相同具体事件。\"\n    },\n    {\n      \"group_id\": \"G023\",\n      \"cluster_indexes\": [23],\n      \"event_title\": \"中秋主题文章\",\n      \"reason\": \"独立报道节日文化内容，无其他Cluster涉及相同具体事件。\"\n    },\n    {\n      \"group_id\": \"G024\",\n      \"cluster_indexes\": [24],\n      \"event_title\": \"胡塞武装控制曼德海峡\",\n      \"reason\": \"独立报道也门冲突与红海航道地缘政治，无其他Cluster涉及相同具体事件。\"\n    },\n    {\n      \"group_id\": \"G025\",\n      \"cluster_indexes\": [25],\n      \"event_title\": \"克洛普担任德国国家队主帅\",\n      \"reason\": \"独立报道足球教练任命，无其他Cluster涉及相同具体事件。\"\n    },\n    {\n      \"group_id\": \"G026\",\n      \"cluster_indexes\": [26],\n      \"event_title\": \"播客博主Berndt案撤销\",\n      \"reason\": \"独立报道德国法律案件，无其他Cluster涉及相同具体事件。\"\n    },\n    {\n      \"group_id\": \"G027\",\n      \"cluster_indexes\": [27],\n      \"event_title\": \"柏林奥运申办的草皮问题\",\n      \"reason\": \"独立报道体育赛事筹备问题，无其他Cluster涉及相同具体事件。\"\n    },\n    {\n      \"group_id\": \"G028\",\n      \"cluster_indexes\": [28],\n      \"event_title\": \"冒名顶替综合征心理分析\",\n      \"reason\": \"独立报道心理学话题，无其他Cluster涉及相同具体事件。\"\n    },\n    {\n      \"group_id\": \"G029\",\n      \"cluster_indexes\": [29],\n      \"event_title\": \"特朗普与能源部长柴油争端\",\n      \"reason\": \"独立报道美国国内能源政策与政治分歧，无其他Cluster涉及相同具体事件。\"\n    },\n    {\n      \"group_id\": \"G030\",\n      \"cluster_indexes\": [30],\n      \"event_title\": \"美国借贷成本与房贷利率上升\",\n      \"reason\": \"该Cluster已被合并入Group 2（EVT-20260925-000701原始成员仅包含自身），但根据输入要求需列出所有Cluster。实际Cluster 2已与Cluster 30为同一事件不同编号，但在本窗口中作为独立Cluster处理，因其已在Group 2中代表该事件。\"\n    }\n  ]\n}\n```\n\n*注：经仔细"
}
================================================================================

================================================================================
TIME: 2026-09-25T17:16:50.972508+08:00
DATE: 2026-09-25
STAGE: STAGE 1B / ROUND 5 / WINDOW 1
MESSAGE: Global Merge窗口AI输出经过Repair后恢复正常。
DETAILS:
{
  "repair_attempt": 1,
  "groups": [
    {
      "group_id": "G001",
      "cluster_indexes": [
        1
      ],
      "event_title": "习近平访美期间与特朗普白宫会晤及相关外交活动（含红色电话2.0机制）",
      "reason": "Cluster 1已明确合并多个子事件ID，报道同一具体外交事件的不同视角，属于正在持续发展的单一现实事件。"
    },
    {
      "group_id": "G002",
      "cluster_indexes": [
        2
      ],
      "event_title": "美国借贷成本与房贷利率上升",
      "reason": "独立报道美国金融经济现象，无其他Cluster涉及相同具体事件。"
    },
    {
      "group_id": "G003",
      "cluster_indexes": [
        3
      ],
      "event_title": "电动汽车与汽车市场动态",
      "reason": "独立报道电动汽车领域动态，无其他Cluster涉及相同具体事件。"
    },
    {
      "group_id": "G004",
      "cluster_indexes": [
        4
      ],
      "event_title": "澳大利亚AI安全争议与政治新闻",
      "reason": "独立报道澳大利亚AI安全讨论及政治互动，无其他Cluster涉及相同具体事件。"
    },
    {
      "group_id": "G005",
      "cluster_indexes": [
        5
      ],
      "event_title": "2024年AI研究人员态度调查",
      "reason": "独立报道AI专家态度调查，无其他Cluster涉及相同具体事件。"
    },
    {
      "group_id": "G006",
      "cluster_indexes": [
        6
      ],
      "event_title": "Meta发布新型亲和力AI助手Muse",
      "reason": "独立报道Meta新产品发布，无其他Cluster涉及相同具体事件。"
    },
    {
      "group_id": "G007",
      "cluster_indexes": [
        7
      ],
      "event_title": "江苏网络餐饮食品安全监管",
      "reason": "独立报道中国地方食品安全监管政策，无其他Cluster涉及相同具体事件。"
    },
    {
      "group_id": "G008",
      "cluster_indexes": [
        8
      ],
      "event_title": "德国BaFin银行监管审慎立场",
      "reason": "独立报道德国金融监管政策，无其他Cluster涉及相同具体事件。"
    },
    {
      "group_id": "G009",
      "cluster_indexes": [
        9
      ],
      "event_title": "德国IG Metall工会薪酬谈判",
      "reason": "独立报道德国劳资谈判事件，无其他Cluster涉及相同具体事件。"
    },
    {
      "group_id": "G010",
      "cluster_indexes": [
        10
      ],
      "event_title": "克里姆林宫对邀请的反应",
      "reason": "独立报道俄罗斯外交姿态，无其他Cluster涉及相同具体事件。"
    },
    {
      "group_id": "G011",
      "cluster_indexes": [
        11
      ],
      "event_title": "盖茨基金会关于AI缩小全球不平等的观点",
      "reason": "独立报道AI与社会公平议题，无其他Cluster涉及相同具体事件。"
    },
    {
      "group_id": "G012",
      "cluster_indexes": [
        12
      ],
      "event_title": "促进美中关系发展倡议",
      "reason": "独立报道促进中美关系发展的官方表态，属单一文章独立事件。"
    },
    {
      "group_id": "G013",
      "cluster_indexes": [
        13
      ],
      "event_title": "促进美中关系发展倡议与中美互动分析",
      "reason": "独立报道促进美中关系发展的倡议及分析文章，虽主题相关但为独立报道单元，与Cluster 12属不同文章集合。"
    },
    {
      "group_id": "G014",
      "cluster_indexes": [
        14
      ],
      "event_title": "超级厄尔尼诺对世界经济的冲击",
      "reason": "独立报道气象现象对经济的影响，无其他Cluster涉及相同具体事件。"
    },
    {
      "group_id": "G015",
      "cluster_indexes": [
        15
      ],
      "event_title": "Linus Torvalds的GitHub提交状态",
      "reason": "独立报道技术人物动态，无其他Cluster涉及相同具体事件。"
    },
    {
      "group_id": "G016",
      "cluster_indexes": [
        16
      ],
      "event_title": "埃博拉疫情公共卫生记录",
      "reason": "独立报道公共卫生历史回顾，无其他Cluster涉及相同具体事件。"
    },
    {
      "group_id": "G017",
      "cluster_indexes": [
        17
      ],
      "event_title": "关乎中美关系未来的倡议分析",
      "reason": "独立报道中美关系分析文章，无其他Cluster涉及相同具体事件。"
    },
    {
      "group_id": "G018",
      "cluster_indexes": [
        18
      ],
      "event_title": "国际社会做中国发展长期伙伴",
      "reason": "独立报道国际对华合作表态，无其他Cluster涉及相同具体事件。"
    },
    {
      "group_id": "G019",
      "cluster_indexes": [
        19
      ],
      "event_title": "人民日报版面编辑团队名单",
      "reason": "非新闻事件报道，仅为报纸版面信息，无其他Cluster涉及相同内容。"
    },
    {
      "group_id": "G020",
      "cluster_indexes": [
        20
      ],
      "event_title": "中国代表团金牌获32枚",
      "reason": "独立报道体育赛事成绩，无其他Cluster涉及相同具体事件。"
    },
    {
      "group_id": "G021",
      "cluster_indexes": [
        21
      ],
      "event_title": "消费市场提质焕新",
      "reason": "独立报道经济消费领域动态，无其他Cluster涉及相同具体事件。"
    },
    {
      "group_id": "G022",
      "cluster_indexes": [
        22
      ],
      "event_title": "全国政协湿地科普讲座",
      "reason": "独立报道环保与政协活动，无其他Cluster涉及相同具体事件。"
    },
    {
      "group_id": "G023",
      "cluster_indexes": [
        23
      ],
      "event_title": "中秋主题文章",
      "reason": "独立报道节日文化内容，无其他Cluster涉及相同具体事件。"
    },
    {
      "group_id": "G024",
      "cluster_indexes": [
        24
      ],
      "event_title": "胡塞武装控制曼德海峡",
      "reason": "独立报道也门冲突与红海航道地缘政治，无其他Cluster涉及相同具体事件。"
    },
    {
      "group_id": "G025",
      "cluster_indexes": [
        25
      ],
      "event_title": "克洛普担任德国国家队主帅",
      "reason": "独立报道足球教练任命，无其他Cluster涉及相同具体事件。"
    },
    {
      "group_id": "G026",
      "cluster_indexes": [
        26
      ],
      "event_title": "播客博主Berndt案撤销",
      "reason": "独立报道德国法律案件，无其他Cluster涉及相同具体事件。"
    },
    {
      "group_id": "G027",
      "cluster_indexes": [
        27
      ],
      "event_title": "柏林奥运申办的草皮问题",
      "reason": "独立报道体育赛事筹备问题，无其他Cluster涉及相同具体事件。"
    },
    {
      "group_id": "G028",
      "cluster_indexes": [
        28
      ],
      "event_title": "冒名顶替综合征心理分析",
      "reason": "独立报道心理学话题，无其他Cluster涉及相同具体事件。"
    },
    {
      "group_id": "G029",
      "cluster_indexes": [
        29
      ],
      "event_title": "特朗普与能源部长柴油争端",
      "reason": "独立报道美国国内能源政策与政治分歧，无其他Cluster涉及相同具体事件。"
    },
    {
      "group_id": "G030",
      "cluster_indexes": [
        30
      ],
      "event_title": "美国借贷成本与房贷利率上升（补充报道）",
      "reason": "独立报道美国金融经济现象，与Cluster 2主题相同但属独立输入Cluster，当前窗口内未判定为必须合并的同一具体报道动作。"
    }
  ]
}
================================================================================
