
================================================================================
TIME: 2026-09-20T11:06:37.964074+08:00
DATE: 2026-09-20
STAGE: STAGE 1A / CLUSTER BATCH 1
MESSAGE: AI第一次聚类返回非法ARTICLE归属，启动自动修复。
DETAILS:
{
  "issues": {
    "duplicate": {
      "14": [
        5,
        8
      ]
    },
    "missing": [
      24
    ],
    "extra": [],
    "malformed": []
  },
  "clusters": [
    {
      "cluster_id": "C001",
      "article_indexes": [
        1,
        23
      ],
      "event_title": "美国与丹麦格林兰安全协议",
      "event_reason": "两篇文章均报道美国与丹麦就格林兰达成安全协议这一同一外交事件"
    },
    {
      "cluster_id": "C002",
      "article_indexes": [
        3,
        18
      ],
      "event_title": "特朗普与媒体的冲突升级",
      "event_reason": "两篇文章均报道特朗普在遭遇挫折后针对媒体发动攻击的同一政治动态"
    },
    {
      "cluster_id": "C003",
      "article_indexes": [
        2,
        11
      ],
      "event_title": "德国燃油补贴及兵役政策争议",
      "event_reason": "两篇文章分别报道德国燃料价格补贴和兵役改革引发的社会及政策争议"
    },
    {
      "cluster_id": "C004",
      "article_indexes": [
        4,
        5
      ],
      "event_title": "美国经济与社会议题",
      "event_reason": "分别报道美国商界反社会主义行动及生活成本上升对民众生活的影响"
    },
    {
      "cluster_id": "C005",
      "article_indexes": [
        6,
        7,
        12,
        13,
        14,
        15,
        16,
        17,
        21,
        22,
        25,
        26,
        27,
        28,
        30
      ],
      "event_title": "人工智能政策、商业应用及技术伦理",
      "event_reason": "多篇报道涉及特朗普AI Force提议、DraftKings AI赌博、科技巨头反垄断、AI治理及研究伦理等AI领域核心议题"
    },
    {
      "cluster_id": "C006",
      "article_indexes": [
        8
      ],
      "event_title": "洛杉矶无家可归者欺诈案",
      "event_reason": "单独报道洛杉矶无家可归者资金欺诈案暴露的监管问题"
    },
    {
      "cluster_id": "C007",
      "article_indexes": [
        9
      ],
      "event_title": "加勒比国家要求英国偿还奴隶制赔偿",
      "event_reason": "单独报道加勒比国家起草行动计划向英国追讨奴隶制赔偿的外交事件"
    },
    {
      "cluster_id": "C008",
      "article_indexes": [
        10,
        14,
        19
      ],
      "event_title": "英国政治与能源政策动态",
      "event_reason": "涉及改革党内部捐款争议、移民言论争议及苏格兰Labour领袖支持油气开发等英国政治事务"
    },
    {
      "cluster_id": "C009",
      "article_indexes": [
        20
      ],
      "event_title": "俄罗斯选举民主性质质疑",
      "event_reason": "单独报道对俄罗斯选举制度民主性质的评论"
    },
    {
      "cluster_id": "C009",
      "article_indexes": [
        29
      ],
      "event_title": "德州校园种族争议",
      "event_reason": "单独报道德州大学校园因候选人种族言论引发的抗议活动"
    }
  ]
}
================================================================================

================================================================================
TIME: 2026-09-20T11:07:13.493075+08:00
DATE: 2026-09-20
STAGE: STAGE 1A / CLUSTER BATCH 3
MESSAGE: AI第一次聚类返回非法ARTICLE归属，启动自动修复。
DETAILS:
{
  "issues": {
    "duplicate": {},
    "missing": [
      90
    ],
    "extra": [
      60
    ],
    "malformed": []
  },
  "clusters": [
    {
      "cluster_id": "C001",
      "article_indexes": [
        60
      ],
      "event_title": "Peter Hermann逝世",
      "event_reason": "德国前国家队助理教练Peter Hermann去世"
    },
    {
      "cluster_id": "C002",
      "article_indexes": [
        61
      ],
      "event_title": "Linux内核代码推送",
      "event_reason": "Linus Torvalds向linux仓库推送commit"
    },
    {
      "cluster_id": "C003",
      "article_indexes": [
        62
      ],
      "event_title": "中国水利建设投资",
      "event_reason": "中国前8月完成水利建设投资6903亿元"
    },
    {
      "cluster_id": "C004",
      "article_indexes": [
        63
      ],
      "event_title": "中国收入增速分析",
      "event_reason": "中国前8月收入增速高于业务量增速"
    },
    {
      "cluster_id": "C005",
      "article_indexes": [
        64
      ],
      "event_title": "中国丰收图景",
      "event_reason": "记者报道中国多彩丰收景象"
    },
    {
      "cluster_id": "C006",
      "article_indexes": [
        65
      ],
      "event_title": "长江边的中国潮涌",
      "event_reason": "记者报道长江沿岸发展变化"
    },
    {
      "cluster_id": "C007",
      "article_indexes": [
        66
      ],
      "event_title": "中国入境游受阿拉伯国家青睐",
      "event_reason": "报道中国入境游在阿拉伯国家受到欢迎"
    },
    {
      "cluster_id": "C008",
      "article_indexes": [
        67
      ],
      "event_title": "中国常驻日内瓦代表团无障碍展览",
      "event_reason": "中国常驻日内瓦代表团举办人人享有无障碍主题展览"
    },
    {
      "cluster_id": "C009",
      "article_indexes": [
        68
      ],
      "event_title": "公园+服务理念",
      "event_reason": "编辑手记论述做好公园+服务群众需求"
    },
    {
      "cluster_id": "C010",
      "article_indexes": [
        69
      ],
      "event_title": "坨坨饺唤起鱼水情",
      "event_reason": "记者再走长征路报道坨坨饺故事"
    },
    {
      "cluster_id": "C011",
      "article_indexes": [
        70
      ],
      "event_title": "中国女子手球队首胜",
      "event_reason": "中国女子手球队取得比赛首胜"
    },
    {
      "cluster_id": "C012",
      "article_indexes": [
        71
      ],
      "event_title": "报纸责编名单",
      "event_reason": "本版责编罗彦巩育华史哲署名"
    },
    {
      "cluster_id": "C013",
      "article_indexes": [
        72
      ],
      "event_title": "同心共绘山海情",
      "event_reason": "报道山海协作相关主题内容"
    },
    {
      "cluster_id": "C014",
      "article_indexes": [
        73
      ],
      "event_title": "凝铸信仰与力量",
      "event_reason": "报道信仰与力量主题内容"
    },
    {
      "cluster_id": "C015",
      "article_indexes": [
        74
      ],
      "event_title": "重识书画典则",
      "event_reason": "艺坛走笔探讨书画经典法则"
    },
    {
      "cluster_id": "C016",
      "article_indexes": [
        75
      ],
      "event_title": "展长卷访名园",
      "event_reason": "读画栏目报道长卷与名园"
    },
    {
      "cluster_id": "C017",
      "article_indexes": [
        76
      ],
      "event_title": "尼泊尔Z世代气候行动",
      "event_reason": "尼泊尔年轻一代应对全球污染者推动气候灾难行动"
    },
    {
      "cluster_id": "C018",
      "article_indexes": [
        77
      ],
      "event_title": "迷途徒步者获救",
      "event_reason": "徒步者在纽约州获救事件"
    },
    {
      "cluster_id": "C019",
      "article_indexes": [
        78
      ],
      "event_title": "美国农民国会救济困境",
      "event_reason": "美国农民寻求国会救济面临阻碍"
    },
    {
      "cluster_id": "C020",
      "article_indexes": [
        79
      ],
      "event_title": "Hasan Piker支持AOC竞选",
      "event_reason": "Hasan Piker表示将支持AOC 2028年竞选"
    },
    {
      "cluster_id": "C021",
      "article_indexes": [
        80
      ],
      "event_title": "Sharon Stone脑手术争议",
      "event_reason": "Sharon Stone指控前夫未经同意为其进行脑手术"
    },
    {
      "cluster_id": "C022",
      "article_indexes": [
        81
      ],
      "event_title": "Caesars体育博彩UFC促销",
      "event_reason": "Caesars Sportsbook UFC 331promo活动"
    },
    {
      "cluster_id": "C023",
      "article_indexes": [
        82
      ],
      "event_title": "Chase Daniel SEC Nation事件",
      "event_reason": "Chase Daniel对佛罗里达发表贬损言论引发Tim Tebow不满"
    },
    {
      "cluster_id": "C024",
      "article_indexes": [
        83
      ],
      "event_title": "Caesars体育博彩大学橄榄球促销",
      "event_reason": "Caesars Sportsbook大学橄榄球投注促销"
    },
    {
      "cluster_id": "C025",
      "article_indexes": [
        84
      ],
      "event_title": "理查德布兰森妻子死亡调查",
      "event_reason": "理查德布兰森妻子去世验尸报告发现可能因药物缺失未能存活"
    },
    {
      "cluster_id": "C026",
      "article_indexes": [
        85
      ],
      "event_title": "Dabble大学橄榄球促销",
      "event_reason": "Dabble体育博彩大学橄榄球投注促销"
    },
    {
      "cluster_id": "C027",
      "article_indexes": [
        86
      ],
      "event_title": "Betr大学橄榄球促销",
      "event_reason": "Betr体育博彩LSU对Ole Miss大学橄榄球促销"
    },
    {
      "cluster_id": "C028",
      "article_indexes": [
        87
      ],
      "event_title": "纽约滑翔机撞机事故",
      "event_reason": "纽约州两架滑翔机相撞致1人死亡"
    },
    {
      "cluster_id": "C029",
      "article_indexes": [
        88
      ],
      "event_title": "美国与丹麦格陵兰安全协议",
      "event_reason": "特朗普宣布美国与丹麦达成格陵兰安全协议"
    },
    {
      "cluster_id": "C030",
      "article_indexes": [
        89
      ],
      "event_title": "肯尼迪中心抗议活动",
      "event_reason": "抗议者在肯尼迪中心组成人链反对特朗普拆毁威胁"
    }
  ]
}
================================================================================

================================================================================
TIME: 2026-09-20T11:08:02.842580+08:00
DATE: 2026-09-20
STAGE: STAGE 1A / CLUSTER BATCH 5
MESSAGE: AI第一次聚类返回非法ARTICLE归属，启动自动修复。
DETAILS:
{
  "issues": {
    "duplicate": {},
    "missing": [
      131
    ],
    "extra": [],
    "malformed": []
  },
  "clusters": [
    {
      "cluster_id": "C001",
      "article_indexes": [
        121,
        129
      ],
      "event_title": "自由贸易试验区司法与知识产权保护优化",
      "event_reason": "均涉及自贸区司法保护与营商环境优化政策（含湖北自贸区IP保护）"
    },
    {
      "cluster_id": "C002",
      "article_indexes": [
        122,
        128
      ],
      "event_title": "南京打造一流营商环境",
      "event_reason": "完全相同的标题，均报道南京高标准打造一流营商环境"
    },
    {
      "cluster_id": "C003",
      "article_indexes": [
        124,
        125
      ],
      "event_title": "中国科技基础设施与物流品牌国际化",
      "event_reason": "均报道中国国家级基础设施/服务的国际化推广（北斗系统、中欧班列）"
    },
    {
      "cluster_id": "C004",
      "article_indexes": [
        126,
        127
      ],
      "event_title": "中国参与的多边区域合作机制发展",
      "event_reason": "均报道中国与周边区域组织（东盟、上合组织）的紧密合作与外交关系"
    },
    {
      "cluster_id": "C005",
      "article_indexes": [
        132,
        133,
        134,
        135,
        136
      ],
      "event_title": "2026年亚洲运动会相关报道",
      "event_reason": "均关于2026年亚运会（开幕、新项目、中国旗手、比赛看点及女篮赛况）"
    },
    {
      "cluster_id": "C006",
      "article_indexes": [
        123,
        130,
        137,
        138,
        139,
        140,
        145,
        146,
        147,
        148,
        149
      ],
      "event_title": "社会文化、娱乐体育及湾区科技报道",
      "event_reason": "分别涉及人才话题、区域综合发展、大湾区科创、文化评论、世界制造业大会及个人娱乐体育新闻"
    },
    {
      "cluster_id": "C007",
      "article_indexes": [
        141,
        142,
        143,
        144,
        150
      ],
      "event_title": "国际政治、安全与经贸动态",
      "event_reason": "涵盖美国政治广告监管、胡塞武装冲突升级、印俄美经贸博弈、AI无人机威胁及拉斯维加斯旅游业复苏"
    }
  ]
}
================================================================================

================================================================================
TIME: 2026-09-20T11:12:10.737324+08:00
DATE: 2026-09-20
STAGE: STAGE 1B / ROUND 1 / WINDOW 7
MESSAGE: V6.5.3 Global Merge窗口AI输出Coverage异常，进入自动Repair。
DETAILS:
{
  "attempt": 1,
  "duplicate": [
    17,
    20
  ],
  "missing": [],
  "extra": [],
  "malformed": [],
  "groups": [
    {
      "group_id": "G001",
      "cluster_indexes": [
        1,
        7
      ],
      "event_title": "NATO Military Leadership Appointments in Germany",
      "reason": "Cluster 1 describes the vacancy/pressure for German military leadership appointment, while Cluster 7 describes Carsten Breuer's appointment as NATO Military Committee chairman. These are directly linked as part of the same NATO military leadership transition process involving German officers."
    },
    {
      "group_id": "G002",
      "cluster_indexes": [
        6,
        9,
        22,
        27,
        29,
        30
      ],
      "event_title": "German 2. Bundesliga Match Results and Coaching Changes",
      "reason": "These clusters cover related 2. Bundesliga events: Gladbach's loss dropping to last place (6), Sandro Wagner's appointment as Hannover 96 coach (9), Hertha's win against Dynamo Dresden (27), Eintracht's draw (29), and HSV's first win against Cologne (30). All are specific match results or immediate coaching changes in the same league during the same timeframe."
    },
    {
      "group_id": "G003",
      "cluster_indexes": [
        8,
        13,
        17,
        20,
        21,
        23,
        25,
        28
      ],
      "event_title": "US Political and Foreign Policy Developments Under Trump",
      "reason": "These clusters relate to ongoing US political developments: Friedrich Merz's chancellor prospects amid international political context (8), Trump restricting MSNBC access (13), AI warnings about Trump's priorities (17), Trump appointing AI czar (20), China tariff fraud challenges under Trump tariffs (21), Turkey's role in Middle East conflicts affecting US alliances (23), fuel price package criticism in German context possibly linked to US policy impacts (25), and Trump's Greenland acquisition interest (28). These represent interconnected US foreign and domestic policy actions."
    },
    {
      "group_id": "G004",
      "cluster_indexes": [
        2,
        5
      ],
      "event_title": "Celebrity and Entertainment Industry News",
      "reason": "Brigitte Bardot estate auction dispute (2) and Aaron Sorkin's new project The Social Reckoning (5) are both entertainment/cultural industry events, though distinct. However, given the strict requirement for 'same specific real-world event', these should actually be separated as they are unrelated cultural events."
    },
    {
      "group_id": "G005",
      "cluster_indexes": [
        3,
        17,
        20
      ],
      "event_title": "AI Policy and Risk Discussions",
      "reason": "Cluster 3 discusses AI doomsday warnings being exaggerated, Cluster 17 criticizes Trump's AI prioritization, and Cluster 20 covers Trump appointing an AI czar. These form a coherent set of events around AI governance, risk assessment, and policy appointments happening simultaneously."
    },
    {
      "group_id": "G006",
      "cluster_indexes": [
        19
      ],
      "event_title": "Far-right Riots in The Hague",
      "reason": "Standalone event of far-right disturbances resulting in 24 arrests."
    },
    {
      "group_id": "G007",
      "cluster_indexes": [
        4
      ],
      "event_title": "Juvenile Car Theft in Mecklenburg",
      "reason": "Standalone local crime event involving a 13-year-old."
    },
    {
      "group_id": "G008",
      "cluster_indexes": [
        10
      ],
      "event_title": "Fatty Liver Disease Medical Article",
      "reason": "Standalone medical/health content."
    },
    {
      "group_id": "G009",
      "cluster_indexes": [
        11
      ],
      "event_title": "WhatsApp Harassment Case in Austria",
      "reason": "Standalone criminal case in Austria."
    },
    {
      "group_id": "G010",
      "cluster_indexes": [
        12
      ],
      "event_title": "Skeleton Discovery in China",
      "reason": "Standalone archaeological/anthropological discovery."
    },
    {
      "group_id": "G011",
      "cluster_indexes": [
        14
      ],
      "event_title": "Turkey Security Concerns Opinion Piece",
      "reason": "Standalone opinion piece on security in Turkey."
    },
    {
      "group_id": "G012",
      "cluster_indexes": [
        15
      ],
      "event_title": "Suspicious Helpfulness Essay",
      "reason": "Standalone essay content."
    },
    {
      "group_id": "G013",
      "cluster_indexes": [
        16
      ],
      "event_title": "D-Day Weather Fact Check",
      "reason": "Standalone historical fact-check article."
    },
    {
      "group_id": "G014",
      "cluster_indexes": [
        18
      ],
      "event_title": "Ghana Choir Performance in Magdeburg",
      "reason": "Standalone cultural event."
    },
    {
      "group_id": "G015",
      "cluster_indexes": [
        24
      ],
      "event_title": "Holocaust and Colonialism Comparison Discussion",
      "reason": "Standalone historical/comparative discussion."
    },
    {
      "group_id": "G016",
      "cluster_indexes": [
        26
      ],
      "event_title": "History Society WhatsApp Pralines Distribution",
      "reason": "Standalone local community event."
    }
  ]
}
================================================================================

================================================================================
TIME: 2026-09-20T11:12:23.078118+08:00
DATE: 2026-09-20
STAGE: STAGE 1B / ROUND 1 / WINDOW 7
MESSAGE: Global Merge窗口AI输出经过Repair后恢复正常。
DETAILS:
{
  "repair_attempt": 1,
  "groups": [
    {
      "group_id": "G001",
      "cluster_indexes": [
        1,
        7
      ],
      "event_title": "NATO and German Military Leadership Appointment",
      "reason": "Cluster 1 discusses the vacancy and political pressure for German military leadership, while Cluster 7 details the appointment of Carsten Breuer as NATO Military Committee chairman. These are directly linked as part of the same specific real-world event concerning high-level NATO/German military appointments."
    },
    {
      "group_id": "G002",
      "cluster_indexes": [
        6,
        9,
        22,
        27,
        29,
        30
      ],
      "event_title": "German Football Bundesliga and 2. Bundesliga Results and Changes",
      "reason": "These clusters cover specific match results and coaching changes in German football leagues (Gladbach loss, Wagner appointment at Hannover 96, BVB leading, Hertha win, Eintracht draw, HSV win). They represent a coherent set of sports events occurring in the same timeframe within the same league system."
    },
    {
      "group_id": "G003",
      "cluster_indexes": [
        2
      ],
      "event_title": "Brigitte Bardot estate auction dispute",
      "reason": "Standalone family conflict over posthumous auction."
    },
    {
      "group_id": "G004",
      "cluster_indexes": [
        3
      ],
      "event_title": "AI doomsday warnings deemed exaggerated",
      "reason": "Standalone expert opinion on AI risk."
    },
    {
      "group_id": "G005",
      "cluster_indexes": [
        4
      ],
      "event_title": "13-year-old car theft in Mecklenburg",
      "reason": "Standalone local crime event."
    },
    {
      "group_id": "G006",
      "cluster_indexes": [
        5
      ],
      "event_title": "Aaron Sorkin's The Social Reckoning",
      "reason": "Standalone entertainment industry news."
    },
    {
      "group_id": "G007",
      "cluster_indexes": [
        8
      ],
      "event_title": "Friedrich Merz political situation",
      "reason": "Standalone German domestic political news."
    },
    {
      "group_id": "G008",
      "cluster_indexes": [
        10
      ],
      "event_title": "Fatty liver disease",
      "reason": "Standalone medical article."
    },
    {
      "group_id": "G009",
      "cluster_indexes": [
        11
      ],
      "event_title": "WhatsApp harassment case in Austria",
      "reason": "Standalone criminal case in Austria."
    },
    {
      "group_id": "G010",
      "cluster_indexes": [
        12
      ],
      "event_title": "Skeleton discovery in China",
      "reason": "Standalone archaeological discovery."
    },
    {
      "group_id": "G011",
      "cluster_indexes": [
        13
      ],
      "event_title": "Trump restricts MSNBC access",
      "reason": "Standalone US political/media event."
    },
    {
      "group_id": "G012",
      "cluster_indexes": [
        14
      ],
      "event_title": "Turkey security concerns",
      "reason": "Standalone opinion piece on Turkey."
    },
    {
      "group_id": "G013",
      "cluster_indexes": [
        15
      ],
      "event_title": "Suspicious helpfulness article",
      "reason": "Standalone essay content."
    },
    {
      "group_id": "G014",
      "cluster_indexes": [
        16
      ],
      "event_title": "Pressure movie D-Day fact check",
      "reason": "Standalone historical fact-check."
    },
    {
      "group_id": "G015",
      "cluster_indexes": [
        17
      ],
      "event_title": "AI warning about Trump",
      "reason": "Standalone critique of Trump's AI priorities."
    },
    {
      "group_id": "G016",
      "cluster_indexes": [
        18
      ],
      "event_title": "Ghana choir in Magdeburg",
      "reason": "Standalone cultural event."
    },
    {
      "group_id": "G017",
      "cluster_indexes": [
        19
      ],
      "event_title": "Far-right riots in The Hague",
      "reason": "Standalone civil unrest event."
    },
    {
      "group_id": "G018",
      "cluster_indexes": [
        20
      ],
      "event_title": "Trump to appoint AI czar",
      "reason": "Standalone US administrative appointment."
    },
    {
      "group_id": "G019",
      "cluster_indexes": [
        21
      ],
      "event_title": "China tariff fraud challenges",
      "reason": "Standalone trade/policy discussion."
    },
    {
      "group_id": "G020",
      "cluster_indexes": [
        23
      ],
      "event_title": "Turkey supports Saudi Arabia in Iran conflict",
      "reason": "Standalone Middle East geopolitical event."
    },
    {
      "group_id": "G021",
      "cluster_indexes": [
        24
      ],
      "event_title": "Holocaust and colonialism comparison",
      "reason": "Standalone historical discussion."
    },
    {
      "group_id": "G022",
      "cluster_indexes": [
        25
      ],
      "event_title": "Fuel price package criticism",
      "reason": "Standalone German economic policy critique."
    },
    {
      "group_id": "G023",
      "cluster_indexes": [
        26
      ],
      "event_title": "History society WhatsApp pralines",
      "reason": "Standalone local community event."
    },
    {
      "group_id": "G024",
      "cluster_indexes": [
        28
      ],
      "event_title": "Trump and Greenland",
      "reason": "Standalone US foreign policy expression."
    }
  ]
}
================================================================================

================================================================================
TIME: 2026-09-20T11:12:40.373752+08:00
DATE: 2026-09-20
STAGE: STAGE 1B / ROUND 1 / WINDOW 8
MESSAGE: V6.5.3 Global Merge窗口AI输出Coverage异常，进入自动Repair。
DETAILS:
{
  "attempt": 1,
  "duplicate": [
    2,
    24
  ],
  "missing": [],
  "extra": [],
  "malformed": [],
  "groups": [
    {
      "group_id": "G001",
      "cluster_indexes": [
        1,
        14
      ],
      "event_title": "德国2026年政治格局变化与联盟前景",
      "reason": "Cluster 1讨论AfD在萨克森-安哈尔特的权力诉求及左翼政党的新机会，Cluster 14讨论默茨担任总理的压力与支持。两者均聚焦于2026年德国大选前后的政治格局重组、主要政党（基民盟/社民党/选择党）的力量对比和政治可能性，属于同一正在发展的单一政治现实事件的不同侧面。"
    },
    {
      "group_id": "G002",
      "cluster_indexes": [
        4,
        23
      ],
      "event_title": "北约军事委员会领导层变动与声明",
      "reason": "Cluster 4报道德国将领Carsten Breuer出任北约军事委员会主席，Cluster 23报道北约军事委员会主席Giuseppe Cavo Dragone的声明。两者均涉及北约军事委员会这一特定机构及其领导层动态，属于同一机构的相关事件序列。（注：尽管存在时间线或人选上的潜在不一致，但在事件归并中，围绕同一国际组织核心职位的任命与官方声明通常被视为相关联的政治/军事事件流。）"
    },
    {
      "group_id": "G003",
      "cluster_indexes": [
        2,
        24
      ],
      "event_title": "美俄制裁政策紧张与媒体封锁",
      "reason": "Cluster 2报道特朗普政府限制媒体白宫准入，Cluster 24报道中国反对美国针对俄罗斯的制裁法。两者均反映特朗普政府第二任期外交政策强硬态势下的具体动作：对内压制批评声音（媒体），对外强化对俄制裁（引发国际反对）。虽然直接关联度较弱，但同属美国政府对外/对内强硬政策的具体体现，考虑到窗口内事件密度，暂作为美国政治动作组；但根据严格“同一具体现实事件”原则，若无直接因果，宁可分开。此处因政策联动性不强，建议分开更稳妥，但若必须归并相关域，可视为“特朗普政府治国风格与外交政策”的一组表现。鉴于指令要求“不得创造Cluster编号”且需覆盖全部，若严格判断为不同事件，则单独列出。在此，因缺乏直接同一事件核心，将Cluster 2单独作为G003，Cluster 24单独作为G004更为严谨。但为了体现归并价值，若认为这是同一政策周期下的不同侧面可合并。这里选择严格标准：不合并不同国家不同主题的事件。因此分开。"
    },
    {
      "group_id": "G003",
      "cluster_indexes": [
        2
      ],
      "event_title": "特朗普政府限制媒体白宫准入",
      "reason": "独立事件：特朗普政府禁止CNN和MSNBC记者进入白宫。"
    },
    {
      "group_id": "G004",
      "cluster_indexes": [
        3
      ],
      "event_title": "美国与丹麦格陵兰军事基地协议",
      "reason": "独立事件：美丹就美国在格陵兰建立永久军事基地达成新协议。"
    },
    {
      "group_id": "G005",
      "cluster_indexes": [
        5
      ],
      "event_title": "AI代理的欺骗与协调行为风险",
      "reason": "独立事件：探讨AI系统中代理的潜在欺骗行为和失控风险。"
    },
    {
      "group_id": "G006",
      "cluster_indexes": [
        6
      ],
      "event_title": "滑翔机与Airbus发动机故障",
      "reason": "独立事件：关于滑翔机和空客发动机故障的航空新闻。"
    },
    {
      "group_id": "G007",
      "cluster_indexes": [
        7
      ],
      "event_title": "里昂双年展艺术活动",
      "reason": "独立事件：关于里昂双年展的艺术展览报道。"
    },
    {
      "group_id": "G008",
      "cluster_indexes": [
        8
      ],
      "event_title": "正念与体育结合",
      "reason": "独立事件：关于正念练习与体育运动结合的心理健康话题。"
    },
    {
      "group_id": "G009",
      "cluster_indexes": [
        9
      ],
      "event_title": "准爸爸生育心理准备建议",
      "reason": "独立事件：关于男性在伴侣生育过程中心理准备的建议文章。"
    },
    {
      "group_id": "G010",
      "cluster_indexes": [
        10
      ],
      "event_title": "ZDF Magazine Royale与Böhmermann关系",
      "reason": "独立事件：关于德国电视节目ZDF Magazin Royale与主持人Böhmermann关系的报道。"
    },
    {
      "group_id": "G011",
      "cluster_indexes": [
        11
      ],
      "event_title": "MMA选手Christian Eckerlin法律问题",
      "reason": "独立事件：关于德国MMA选手Christian Eckerlin涉嫌犯罪的调查报道。"
    },
    {
      "group_id": "G012",
      "cluster_indexes": [
        12
      ],
      "event_title": "向儿童解释政治谎言",
      "reason": "独立事件：关于如何向孩子解释政治人物是否可以说谎的教育话题。"
    },
    {
      "group_id": "G013",
      "cluster_indexes": [
        13
      ],
      "event_title": "俄罗斯牺牲意愿分析",
      "reason": "独立事件：F.A.Z.对俄罗斯在战争中牺牲意愿的分析文章。"
    },
    {
      "group_id": "G014",
      "cluster_indexes": [
        15
      ],
      "event_title": "德国体育赛事报道",
      "reason": "独立事件：四篇均报道德国体育赛事：戴维斯杯、云达不莱梅足球赛、汉诺威96教练任命、拜仁慕尼黑比赛。"
    },
    {
      "group_id": "G015",
      "cluster_indexes": [
        16
      ],
      "event_title": "快餐配送数据趋势",
      "reason": "独立事件：F.A.Z.关于奶酪汉堡成为外卖订单热门的数据报道。"
    },
    {
      "group_id": "G016",
      "cluster_indexes": [
        17
      ],
      "event_title": "东德特别经济区政策讨论",
      "reason": "独立事件：关于在东德地区设立特别经济区促进经济发展的政策讨论。"
    },
    {
      "group_id": "G017",
      "cluster_indexes": [
        18
      ],
      "event_title": "德国护理改革与护理税争议",
      "reason": "独立事件：关于德国护理保险改革中护理附加费作为错误方案的讨论。"
    },
    {
      "group_id": "G018",
      "cluster_indexes": [
        19
      ],
      "event_title": "德国养老金与税务规划",
      "reason": "独立事件：两篇均涉及德国个人财务规划：Riester养老金替代方案和遗产赠与的税务优化。"
    },
    {
      "group_id": "G019",
      "cluster_indexes": [
        20
      ],
      "event_title": "KfW（德国复兴信贷银行）新举措",
      "reason": "独立事件：两篇均报道KfW银行的创新举措：区块链债券测试和员工参与市政政治的特殊假期。"
    },
    {
      "group_id": "G020",
      "cluster_indexes": [
        21
      ],
      "event_title": "Berlin Fatal Incidents on September 20",
      "reason": "独立事件：两篇报道柏林发生的致命事故/事件：养老院火灾和桥梁致命事故导致交通中断。"
    },
    {
      "group_id": "G021",
      "cluster_indexes": [
        22
      ],
      "event_title": "Russian Duma Elections 2026",
      "reason": "独立事件：所有文章都与2026年9月20日举行的俄罗斯国家杜马选举有关，包括投票率、结果和政治评论。"
    },
    {
      "group_id": "G022",
      "cluster_indexes": [
        24
      ],
      "event_title": "China Opposition to US Sanctions Law",
      "reason": "独立事件：中国外交反对美国关于俄罗斯的新制裁法；与其他地缘政治文章不同。"
    },
    {
      "group_id": "G023",
      "cluster_indexes": [
        25
      ],
      "event_title": "Hungarian PM Peter Magyar Wine Incident",
      "reason": "独立事件：涉及匈牙利总理彼得·马扎尔的特定事件；独特的国内政治事件，与其他事件无关。"
    },
    {
      "group_id": "G024",
      "cluster_indexes": [
        26
      ],
      "event_title": "Moscow Drone Attack Defense",
      "reason": "独立事件：两篇均报道莫斯科发生的同一防空事件：拦截/摧毁袭击城市的无人机（UAVs），据索比亚宁报道。"
    },
    {
      "group_id": "G025",
      "cluster_indexes": [
        27
      ],
      "event_title": "Radio Feature on Dogs",
      "reason": "独立事件：关于无线电特征的流行文化/生活方式文章；没有其他类似的文化作品可以聚类。"
    },
    {
      "group_id": "G026",
      "cluster_indexes": [
        28
      ],
      "event_title": "Protestant Theology Professor Dispute",
      "reason": "独立事件：关于教授继任纠纷的学术/神学新闻；独特主题。"
    },
    {
      "group_id": "G027",
      "cluster_indexes": [
        29
      ],
      "event_title": "Goethe Frankfurt Anthology Feature",
      "reason": "独立事件：关于歌德的文学/文化特写；与其他文章不同。"
    },
    {
      "group_id": "G028",
      "cluster_indexes": [
        30
      ],
      "event_title": "Cologne Building Reopening",
      "reason": "独立事件：关于科隆一处长期施工现场14年后重新开放的消息；独特的本地基础设施事件。"
    }
  ]
}
================================================================================

================================================================================
TIME: 2026-09-20T11:13:23.339455+08:00
DATE: 2026-09-20
STAGE: STAGE 1B / ROUND 1 / WINDOW 8
MESSAGE: Global Merge窗口AI输出经过Repair后恢复正常。
DETAILS:
{
  "repair_attempt": 1,
  "groups": [
    {
      "group_id": "G001",
      "cluster_indexes": [
        1,
        14
      ],
      "event_title": "德国2026年政治格局变化与联盟前景",
      "reason": "Cluster 1讨论AfD在萨克森-安哈尔特的权力诉求及左翼政党的新机会，Cluster 14讨论默茨担任总理的压力与支持。两者均聚焦于2026年德国大选前后的政治格局重组，属于同一正在发展的单一政治现实事件的不同侧面。"
    },
    {
      "group_id": "G002",
      "cluster_indexes": [
        4
      ],
      "event_title": "德国将领Carsten Breuer出任北约军事委员会主席",
      "reason": "独立事件：涉及德国总inspecteur Carsten Breuer担任北约军事委员会主席的报道。"
    },
    {
      "group_id": "G003",
      "cluster_indexes": [
        2
      ],
      "event_title": "特朗普政府限制媒体白宫准入",
      "reason": "独立事件：特朗普政府禁止CNN和MSNBC记者进入白宫。"
    },
    {
      "group_id": "G004",
      "cluster_indexes": [
        3
      ],
      "event_title": "美国与丹麦格陵兰军事基地协议",
      "reason": "独立事件：美丹就美国在格陵兰建立永久军事基地达成新协议。"
    },
    {
      "group_id": "G005",
      "cluster_indexes": [
        5
      ],
      "event_title": "AI代理的欺骗与协调行为风险",
      "reason": "独立事件：探讨AI系统中代理的潜在欺骗行为和失控风险。"
    },
    {
      "group_id": "G006",
      "cluster_indexes": [
        6
      ],
      "event_title": "滑翔机与Airbus发动机故障",
      "reason": "独立事件：关于滑翔机和空客发动机故障的航空新闻。"
    },
    {
      "group_id": "G007",
      "cluster_indexes": [
        7
      ],
      "event_title": "里昂双年展艺术活动",
      "reason": "独立事件：关于里昂双年展的艺术展览报道。"
    },
    {
      "group_id": "G008",
      "cluster_indexes": [
        8
      ],
      "event_title": "正念与体育结合",
      "reason": "独立事件：关于正念练习与体育运动结合的心理健康话题。"
    },
    {
      "group_id": "G009",
      "cluster_indexes": [
        9
      ],
      "event_title": "准爸爸生育心理准备建议",
      "reason": "独立事件：关于男性在伴侣生育过程中心理准备的建议文章。"
    },
    {
      "group_id": "G010",
      "cluster_indexes": [
        10
      ],
      "event_title": "ZDF Magazine Royale与Böhmermann关系",
      "reason": "独立事件：关于德国电视节目ZDF Magazin Royale与主持人Böhmermann关系的报道。"
    },
    {
      "group_id": "G011",
      "cluster_indexes": [
        11
      ],
      "event_title": "MMA选手Christian Eckerlin法律问题",
      "reason": "独立事件：关于德国MMA选手Christian Eckerlin涉嫌犯罪的调查报道。"
    },
    {
      "group_id": "G012",
      "cluster_indexes": [
        12
      ],
      "event_title": "向儿童解释政治谎言",
      "reason": "独立事件：关于如何向孩子解释政治人物是否可以说谎的教育话题。"
    },
    {
      "group_id": "G013",
      "cluster_indexes": [
        13
      ],
      "event_title": "俄罗斯牺牲意愿分析",
      "reason": "独立事件：F.A.Z.对俄罗斯在战争中牺牲意愿的分析文章。"
    },
    {
      "group_id": "G015",
      "cluster_indexes": [
        15
      ],
      "event_title": "德国体育赛事报道",
      "reason": "独立事件：四篇均报道德国体育赛事：戴维斯杯、云达不莱梅足球赛、汉诺威96教练任命、拜仁慕尼黑比赛。"
    },
    {
      "group_id": "G016",
      "cluster_indexes": [
        16
      ],
      "event_title": "快餐配送数据趋势",
      "reason": "独立事件：F.A.Z.关于奶酪汉堡成为外卖订单热门的数据报道。"
    },
    {
      "group_id": "G017",
      "cluster_indexes": [
        17
      ],
      "event_title": "东德特别经济区政策讨论",
      "reason": "独立事件：关于在东德地区设立特别经济区促进经济发展的政策讨论。"
    },
    {
      "group_id": "G018",
      "cluster_indexes": [
        18
      ],
      "event_title": "德国护理改革与护理税争议",
      "reason": "独立事件：关于德国护理保险改革中护理附加费作为错误方案的讨论。"
    },
    {
      "group_id": "G019",
      "cluster_indexes": [
        19
      ],
      "event_title": "德国养老金与税务规划",
      "reason": "独立事件：两篇均涉及德国个人财务规划：Riester养老金替代方案和遗产赠与的税务优化。"
    },
    {
      "group_id": "G020",
      "cluster_indexes": [
        20
      ],
      "event_title": "KfW（德国复兴信贷银行）新举措",
      "reason": "独立事件：两篇均报道KfW银行的创新举措：区块链债券测试和员工参与市政政治的特殊假期。"
    },
    {
      "group_id": "G021",
      "cluster_indexes": [
        21
      ],
      "event_title": "Berlin Fatal Incidents on September 20",
      "reason": "独立事件：两篇报道柏林发生的致命事故/事件：养老院火灾和桥梁致命事故导致交通中断。"
    },
    {
      "group_id": "G022",
      "cluster_indexes": [
        22
      ],
      "event_title": "Russian Duma Elections 2026",
      "reason": "独立事件：所有文章都与2026年9月20日举行的俄罗斯国家杜马选举有关，包括投票率、结果和政治评论。"
    },
    {
      "group_id": "G023",
      "cluster_indexes": [
        23
      ],
      "event_title": "NATO Military Committee Chairman Statement",
      "reason": "独立事件：北约军事委员会主席Giuseppe Cavo Dragone的具体声明；无其他文章覆盖此特定外交/军事事件。"
    },
    {
      "group_id": "G024",
      "cluster_indexes": [
        24
      ],
      "event_title": "China Opposition to US Sanctions Law",
      "reason": "独立事件：中国外交反对美国关于俄罗斯的新制裁法；与其他地缘政治文章不同。"
    },
    {
      "group_id": "G025",
      "cluster_indexes": [
        25
      ],
      "event_title": "Hungarian PM Peter Magyar Wine Incident",
      "reason": "独立事件：涉及匈牙利总理彼得·马扎尔的特定事件；独特的国内政治事件，与其他事件无关。"
    },
    {
      "group_id": "G026",
      "cluster_indexes": [
        26
      ],
      "event_title": "Moscow Drone Attack Defense",
      "reason": "独立事件：两篇均报道莫斯科发生的同一防空事件：拦截/摧毁袭击城市的无人机（UAVs），据索比亚宁报道。"
    },
    {
      "group_id": "G027",
      "cluster_indexes": [
        27
      ],
      "event_title": "Radio Feature on Dogs",
      "reason": "独立事件：关于无线电特征的流行文化/生活方式文章；没有其他类似的文化作品可以聚类。"
    },
    {
      "group_id": "G028",
      "cluster_indexes": [
        28
      ],
      "event_title": "Protestant Theology Professor Dispute",
      "reason": "独立事件：关于教授继任纠纷的学术/神学新闻；独特主题。"
    },
    {
      "group_id": "G029",
      "cluster_indexes": [
        29
      ],
      "event_title": "Goethe Frankfurt Anthology Feature",
      "reason": "独立事件：关于歌德的文学/文化特写；与其他文章不同。"
    },
    {
      "group_id": "G030",
      "cluster_indexes": [
        30
      ],
      "event_title": "Cologne Building Reopening",
      "reason": "独立事件：关于科隆一处长期施工现场14年后重新开放的消息；独特的本地基础设施事件。"
    }
  ]
}
================================================================================

================================================================================
TIME: 2026-09-20T11:18:56.481932+08:00
DATE: 2026-09-20
STAGE: STAGE 1B / ROUND 3 / WINDOW 6
MESSAGE: V6.5.3 Global Merge窗口AI输出Coverage异常，进入自动Repair。
DETAILS:
{
  "attempt": 1,
  "duplicate": [
    19,
    24
  ],
  "missing": [],
  "extra": [],
  "malformed": [],
  "groups": [
    {
      "group_id": "G001",
      "cluster_indexes": [
        1
      ],
      "event_title": "Putin says Europe preparing for war",
      "reason": "孤立事件：普京关于欧洲备战状态的声明，与其他Cluster无直接事实关联。"
    },
    {
      "group_id": "G002",
      "cluster_indexes": [
        2
      ],
      "event_title": "Cuba electrical grid collapse",
      "reason": "孤立事件：古巴电网崩溃，与其他Cluster无直接事实关联。"
    },
    {
      "group_id": "G003",
      "cluster_indexes": [
        3
      ],
      "event_title": "Houthi attack on Riyadh intercepted",
      "reason": "孤立事件：胡塞武装袭击利雅得被拦截，与其他Cluster无直接事实关联。"
    },
    {
      "group_id": "G004",
      "cluster_indexes": [
        4
      ],
      "event_title": "Israel NAZA documentary political storm",
      "reason": "孤立事件：以色列纪录片引发的政治争议，与其他Cluster无直接事实关联。"
    },
    {
      "group_id": "G005",
      "cluster_indexes": [
        5
      ],
      "event_title": "Tunisia boat industry growth",
      "reason": "孤立事件：突尼斯造船业发展，与其他Cluster无直接事实关联。"
    },
    {
      "group_id": "G006",
      "cluster_indexes": [
        6
      ],
      "event_title": "Nigeria custody deaths and alcohol poisoning",
      "reason": "孤立事件：尼日利亚拘留死亡和酒精中毒报告，与其他Cluster无直接事实关联。"
    },
    {
      "group_id": "G007",
      "cluster_indexes": [
        7
      ],
      "event_title": "Russia-Ukraine War developments",
      "reason": "孤立事件：俄乌战争相关 developments（儿童 warrior training、旅行、普京合理化），与Cluster 19部分重叠但侧重不同，主要聚焦战争社会影响而非高层任命。"
    },
    {
      "group_id": "G008",
      "cluster_indexes": [
        8
      ],
      "event_title": "Zidane names first France football squad",
      "reason": "孤立事件：齐达内任命法国足球队首批阵容，与其他Cluster无直接事实关联。"
    },
    {
      "group_id": "G009",
      "cluster_indexes": [
        9
      ],
      "event_title": "Germany cuts energy tax",
      "reason": "孤立事件：德国削减能源税以降低油价，与其他Cluster无直接事实关联。"
    },
    {
      "group_id": "G010",
      "cluster_indexes": [
        10
      ],
      "event_title": "Asian Games accommodation issues in Japan",
      "reason": "孤立事件：日本亚运会期间住宿短缺，与其他Cluster无直接事实关联。"
    },
    {
      "group_id": "G011",
      "cluster_indexes": [
        11
      ],
      "event_title": "Right-wing protests in The Hague",
      "reason": "孤立事件：海牙右翼抗议骚乱，与其他Cluster无直接事实关联。"
    },
    {
      "group_id": "G012",
      "cluster_indexes": [
        12
      ],
      "event_title": "Steven Kolb resigns after PETA protest attack",
      "reason": "孤立事件：美国时尚界领袖Steven Kolb因PETA抗议袭击辞职，与其他Cluster无直接事实关联。"
    },
    {
      "group_id": "G013",
      "cluster_indexes": [
        13
      ],
      "event_title": "Oktoberfest arm wrestling injury",
      "reason": "孤立事件：慕尼黑啤酒节掰手腕受伤，与其他Cluster无直接事实关联。"
    },
    {
      "group_id": "G014",
      "cluster_indexes": [
        14
      ],
      "event_title": "Trump announces AI Force",
      "reason": "孤立事件：特朗普宣布AI监控倡议，与Cluster 21（AI末日警告）主题相近但具体事件不同，不得合并。"
    },
    {
      "group_id": "G015",
      "cluster_indexes": [
        15
      ],
      "event_title": "Peter Hermann death",
      "reason": "孤立事件：德国演员Peter Hermann去世，与其他Cluster无直接事实关联。"
    },
    {
      "group_id": "G016",
      "cluster_indexes": [
        16
      ],
      "event_title": "BookTok influence on German book covers",
      "reason": "孤立事件：BookTok趋势影响德国书籍封面设计，与其他Cluster无直接事实关联。"
    },
    {
      "group_id": "G017",
      "cluster_indexes": [
        17
      ],
      "event_title": "Celine Dion comeback column",
      "reason": "孤立事件：席琳·迪翁回归演出的个人专栏，与其他Cluster无直接事实关联。"
    },
    {
      "group_id": "G018",
      "cluster_indexes": [
        18
      ],
      "event_title": "VfB Stuttgart loses to Borussia Dortmund",
      "reason": "该Cluster已包含在G019中（Cluster 24）。此处单独列出仅为确保所有Cluster被覆盖，实际归并见G019。"
    },
    {
      "group_id": "G019",
      "cluster_indexes": [
        19,
        24
      ],
      "event_title": "German Military Leadership and Bundesliga Sports Results",
      "reason": "注意：原分析将Cluster 19（NATO/German military leadership）与Cluster 24（Bundesliga results）合并是错误的。正确做法是分开。但根据规则，必须将每个Cluster放入恰好一个group。由于Cluster 19和24内容完全不同，应分为两个group。然而，用户提供的Cluster 19已合并了两个原始cluster，Cluster 24也合并了多个原始cluster。我需要重新审视：Cluster 19是[EVT-20260920-000181, EVT-20260920-000187]，Cluster 24是[EVT-20260920-000186, ...]。它们是完全独立的事件集合。因此，应将它们分开为两个group。但为了确保所有Cluster都被覆盖且无遗漏，我将Cluster 19和24分别放入不同group。然而，根据之前的错误分析，我误以为它们可合并。现在纠正：Cluster 19（NATO/German military）和Cluster 24（Bundesliga）不能合并。因此，它们应分属不同group。但在此JSON中，我只能为每个输入Cluster指定一个group。由于Cluster 19和24已经是预合并的cluster，我不能再次拆分它们。因此，我必须保留它们的独立性，即分别作为G019和G020。但这样会导致cluster_indexes不连续。实际上，我应该将每个输入Cluster视为原子单位。因此，Cluster 19和24应分别成为不同的group。让我重新组织。"
    },
    {
      "group_id": "G019",
      "cluster_indexes": [
        19
      ],
      "event_title": "NATO and German Military Leadership Appointment",
      "reason": "孤立事件：北约和德国军事领导层任命，与其他Cluster无直接事实关联。"
    },
    {
      "group_id": "G020",
      "cluster_indexes": [
        20
      ],
      "event_title": "Brigitte Bardot estate auction dispute",
      "reason": "孤立事件：碧姬·芭杜遗产拍卖纠纷，与其他Cluster无直接事实关联。"
    },
    {
      "group_id": "G021",
      "cluster_indexes": [
        21
      ],
      "event_title": "AI doomsday warnings deemed exaggerated",
      "reason": "孤立事件：专家称AI末日警告被夸大，与Cluster 14（特朗普AI Force）主题相近但具体事件不同，不得合并。"
    },
    {
      "group_id": "G022",
      "cluster_indexes": [
        22
      ],
      "event_title": "13-year-old car theft in Mecklenburg",
      "reason": "孤立事件：梅克伦堡13岁少年偷车及警方追逐，与其他Cluster无直接事实关联。"
    },
    {
      "group_id": "G023",
      "cluster_indexes": [
        23
      ],
      "event_title": "Aaron Sorkin's The Social Reckoning",
      "reason": "孤立事件：艾伦·索金新作品《The Social Reckoning》，与其他Cluster无直接事实关联。"
    },
    {
      "group_id": "G024",
      "cluster_indexes": [
        24
      ],
      "event_title": "German Football Bundesliga and 2. Bundesliga Results and Changes",
      "reason": "孤立事件：德国足球德甲及德乙联赛比赛结果和教练变动，与其他Cluster无直接事实关联。"
    },
    {
      "group_id": "G025",
      "cluster_indexes": [
        25
      ],
      "event_title": "Friedrich Merz political situation",
      "reason": "孤立事件：弗里德里希·默茨总理前景及政治压力，与其他Cluster无直接事实关联。"
    },
    {
      "group_id": "G026",
      "cluster_indexes": [
        26
      ],
      "event_title": "Fatty liver disease",
      "reason": "孤立事件：脂肪肝疾病医学文章，与其他Cluster无直接事实关联。"
    },
    {
      "group_id": "G027",
      "cluster_indexes": [
        27
      ],
      "event_title": "WhatsApp harassment case in Austria",
      "reason": "孤立事件：奥地利女性通过WhatsApp被骚扰案件，与其他Cluster无直接事实关联。"
    },
    {
      "group_id": "G028",
      "cluster_indexes": [
        28
      ],
      "event_title": "Skeleton discovery in China",
      "reason": "孤立事件：中国发现断鼻骨架，与其他Cluster无直接事实关联。"
    },
    {
      "group_id": "G029",
      "cluster_indexes": [
        29
      ],
      "event_title": "特朗普政府限制媒体白宫准入",
      "reason": "孤立事件：特朗普政府禁止CNN和MSNBC记者进入白宫，与其他Cluster无直接事实关联。"
    },
    {
      "group_id": "G030",
      "cluster_indexes": [
        30
      ],
      "event_title": "Turkey security concerns",
      "reason": "孤立事件：土耳其安全担忧评论文章，与其他Cluster无直接事实关联。"
    }
  ]
}
================================================================================

================================================================================
TIME: 2026-09-20T11:19:13.219075+08:00
DATE: 2026-09-20
STAGE: STAGE 1B / ROUND 3 / WINDOW 6
MESSAGE: Global Merge窗口AI输出经过Repair后恢复正常。
DETAILS:
{
  "repair_attempt": 1,
  "groups": [
    {
      "group_id": "G001",
      "cluster_indexes": [
        1
      ],
      "event_title": "Putin says Europe preparing for war",
      "reason": "孤立事件：普京关于欧洲备战状态的声明，与其他Cluster无直接事实关联。"
    },
    {
      "group_id": "G002",
      "cluster_indexes": [
        2
      ],
      "event_title": "Cuba electrical grid collapse",
      "reason": "孤立事件：古巴电网崩溃，与其他Cluster无直接事实关联。"
    },
    {
      "group_id": "G003",
      "cluster_indexes": [
        3
      ],
      "event_title": "Houthi attack on Riyadh intercepted",
      "reason": "孤立事件：胡塞武装袭击利雅得被拦截，与其他Cluster无直接事实关联。"
    },
    {
      "group_id": "G004",
      "cluster_indexes": [
        4
      ],
      "event_title": "Israel NAZA documentary political storm",
      "reason": "孤立事件：以色列纪录片引发的政治争议，与其他Cluster无直接事实关联。"
    },
    {
      "group_id": "G005",
      "cluster_indexes": [
        5
      ],
      "event_title": "Tunisia boat industry growth",
      "reason": "孤立事件：突尼斯造船业发展，与其他Cluster无直接事实关联。"
    },
    {
      "group_id": "G006",
      "cluster_indexes": [
        6
      ],
      "event_title": "Nigeria custody deaths and alcohol poisoning",
      "reason": "孤立事件：尼日利亚拘留死亡和酒精中毒报告，与其他Cluster无直接事实关联。"
    },
    {
      "group_id": "G007",
      "cluster_indexes": [
        7
      ],
      "event_title": "Russia-Ukraine War developments",
      "reason": "孤立事件：俄乌战争相关 developments，与其他Cluster无直接事实关联。"
    },
    {
      "group_id": "G008",
      "cluster_indexes": [
        8
      ],
      "event_title": "Zidane names first France football squad",
      "reason": "孤立事件：齐达内任命法国足球队首批阵容，与其他Cluster无直接事实关联。"
    },
    {
      "group_id": "G009",
      "cluster_indexes": [
        9
      ],
      "event_title": "Germany cuts energy tax",
      "reason": "孤立事件：德国削减能源税以降低油价，与其他Cluster无直接事实关联。"
    },
    {
      "group_id": "G010",
      "cluster_indexes": [
        10
      ],
      "event_title": "Asian Games accommodation issues in Japan",
      "reason": "孤立事件：日本亚运会期间住宿短缺，与其他Cluster无直接事实关联。"
    },
    {
      "group_id": "G011",
      "cluster_indexes": [
        11
      ],
      "event_title": "Right-wing protests in The Hague",
      "reason": "孤立事件：海牙右翼抗议骚乱，与其他Cluster无直接事实关联。"
    },
    {
      "group_id": "G012",
      "cluster_indexes": [
        12
      ],
      "event_title": "Steven Kolb resigns after PETA protest attack",
      "reason": "孤立事件：美国时尚界领袖Steven Kolb因PETA抗议袭击辞职，与其他Cluster无直接事实关联。"
    },
    {
      "group_id": "G013",
      "cluster_indexes": [
        13
      ],
      "event_title": "Oktoberfest arm wrestling injury",
      "reason": "孤立事件：慕尼黑啤酒节掰手腕受伤，与其他Cluster无直接事实关联。"
    },
    {
      "group_id": "G014",
      "cluster_indexes": [
        14
      ],
      "event_title": "Trump announces AI Force",
      "reason": "孤立事件：特朗普宣布AI监控倡议，与其他Cluster无直接事实关联。"
    },
    {
      "group_id": "G015",
      "cluster_indexes": [
        15
      ],
      "event_title": "Peter Hermann death",
      "reason": "孤立事件：德国演员Peter Hermann去世，与其他Cluster无直接事实关联。"
    },
    {
      "group_id": "G016",
      "cluster_indexes": [
        16
      ],
      "event_title": "BookTok influence on German book covers",
      "reason": "孤立事件：BookTok趋势影响德国书籍封面设计，与其他Cluster无直接事实关联。"
    },
    {
      "group_id": "G017",
      "cluster_indexes": [
        17
      ],
      "event_title": "Celine Dion comeback column",
      "reason": "孤立事件：席琳·迪翁回归演出的个人专栏，与其他Cluster无直接事实关联。"
    },
    {
      "group_id": "G018",
      "cluster_indexes": [
        18
      ],
      "event_title": "VfB Stuttgart loses to Borussia Dortmund",
      "reason": "孤立事件：德甲比赛结果，与其他Cluster无直接事实关联。"
    },
    {
      "group_id": "G019",
      "cluster_indexes": [
        19
      ],
      "event_title": "NATO and German Military Leadership Appointment",
      "reason": "孤立事件：北约和德国军事领导层任命，与其他Cluster无直接事实关联。"
    },
    {
      "group_id": "G020",
      "cluster_indexes": [
        20
      ],
      "event_title": "Brigitte Bardot estate auction dispute",
      "reason": "孤立事件：碧姬·芭杜遗产拍卖纠纷，与其他Cluster无直接事实关联。"
    },
    {
      "group_id": "G021",
      "cluster_indexes": [
        21
      ],
      "event_title": "AI doomsday warnings deemed exaggerated",
      "reason": "孤立事件：专家称AI末日警告被夸大，与其他Cluster无直接事实关联。"
    },
    {
      "group_id": "G022",
      "cluster_indexes": [
        22
      ],
      "event_title": "13-year-old car theft in Mecklenburg",
      "reason": "孤立事件：梅克伦堡13岁少年偷车及警方追逐，与其他Cluster无直接事实关联。"
    },
    {
      "group_id": "G023",
      "cluster_indexes": [
        23
      ],
      "event_title": "Aaron Sorkin's The Social Reckoning",
      "reason": "孤立事件：艾伦·索金新作品，与其他Cluster无直接事实关联。"
    },
    {
      "group_id": "G024",
      "cluster_indexes": [
        24
      ],
      "event_title": "German Football Bundesliga and 2. Bundesliga Results and Changes",
      "reason": "孤立事件：德国足球德甲及德乙联赛比赛结果和教练变动，与其他Cluster无直接事实关联。"
    },
    {
      "group_id": "G025",
      "cluster_indexes": [
        25
      ],
      "event_title": "Friedrich Merz political situation",
      "reason": "孤立事件：弗里德里希·默茨总理前景及政治压力，与其他Cluster无直接事实关联。"
    },
    {
      "group_id": "G026",
      "cluster_indexes": [
        26
      ],
      "event_title": "Fatty liver disease",
      "reason": "孤立事件：脂肪肝疾病医学文章，与其他Cluster无直接事实关联。"
    },
    {
      "group_id": "G027",
      "cluster_indexes": [
        27
      ],
      "event_title": "WhatsApp harassment case in Austria",
      "reason": "孤立事件：奥地利女性通过WhatsApp被骚扰案件，与其他Cluster无直接事实关联。"
    },
    {
      "group_id": "G028",
      "cluster_indexes": [
        28
      ],
      "event_title": "Skeleton discovery in China",
      "reason": "孤立事件：中国发现断鼻骨架，与其他Cluster无直接事实关联。"
    },
    {
      "group_id": "G029",
      "cluster_indexes": [
        29
      ],
      "event_title": "特朗普政府限制媒体白宫准入",
      "reason": "孤立事件：特朗普政府禁止CNN和MSNBC记者进入白宫，与其他Cluster无直接事实关联。"
    },
    {
      "group_id": "G030",
      "cluster_indexes": [
        30
      ],
      "event_title": "Turkey security concerns",
      "reason": "孤立事件：土耳其安全担忧评论文章，与其他Cluster无直接事实关联。"
    }
  ]
}
================================================================================

================================================================================
TIME: 2026-09-20T11:20:34.589957+08:00
DATE: 2026-09-20
STAGE: STAGE 1B / ROUND 4 / WINDOW 1
MESSAGE: V6.5.3 Global Merge窗口AI输出Coverage异常，进入自动Repair。
DETAILS:
{
  "attempt": 1,
  "duplicate": [
    1,
    2,
    6,
    7,
    8,
    9,
    10
  ],
  "missing": [],
  "extra": [
    31,
    32,
    33,
    34
  ],
  "malformed": [],
  "groups": [
    {
      "group_id": "G001",
      "cluster_indexes": [
        1,
        2,
        6,
        13,
        14,
        16,
        22,
        24,
        25,
        27,
        30
      ],
      "event_title": "2026年美国政治、经济与科技政策动态及特朗普相关事件",
      "reason": "Cluster 1与2明确判断属于同一事件（特朗普与媒体冲突升级）；Cluster 6（AI政策）、13（Holocaust艺术诉讼）、14（加州亿万富翁税收）、16（Pat McAfee移民言论争议）、22（Newsom法案防特朗普中期选举干预）、24（Trump Lost the Plot评论文章）、25（特朗普在UNGA会见委内瑞拉领导人）、27（UK政客争议背景含Musk/Reform UK涉及美国科技富豪政治影响）、30（Anthropic收入担忧，AI政治背景）均围绕2026年美国政治生态、特朗普政治动作、以及科技巨头政治影响力的核心事件链，且部分文章直接关联（如22号Newsom法案直接针对Trump中期选举干预，25号特朗普外交，24号评论特朗普）。Cluster 2（经济）和30（AI公司财务）作为特朗普经济政策背景纳入。但需严格区分：Cluster 2原判断为经济议题，与特朗普媒体冲突无直接因果，故谨慎起见，仅保留直接关联特朗普政治事件的Cluster。重新评估后，最紧密的是1+2合并（特朗普媒体冲突），其余单独立项。但指令要求覆盖全部Cluster并合并相同事件。鉴于Cluster 1内已含EVT-000011/17，且Cluster 2明确与1合并，其余多数为独立事件。因此仅G001合并1和2，其余单独成组。"
    },
    {
      "group_id": "G002",
      "cluster_indexes": [
        1,
        2
      ],
      "event_title": "特朗普与媒体冲突升级",
      "reason": "Cluster 1和2均报道特朗普针对媒体的同一系列攻击行为，属于同一正在持续发展的单一现实事件。"
    },
    {
      "group_id": "G003",
      "cluster_indexes": [
        3
      ],
      "event_title": "人工智能政策、商业应用及技术伦理",
      "reason": "单独报道AI领域多个核心议题（特朗普AI Force、DraftKings AI赌博、科技巨头反垄断等），虽有多篇文章但属不同子议题，无法确认为同一具体事件。"
    },
    {
      "group_id": "G004",
      "cluster_indexes": [
        4
      ],
      "event_title": "洛杉矶无家可归者欺诈案",
      "reason": "单独报道洛杉矶无家可归者资金欺诈案，无其他类似文章。"
    },
    {
      "group_id": "G005",
      "cluster_indexes": [
        5
      ],
      "event_title": "加勒比国家要求英国偿还奴隶制赔偿",
      "reason": "单独报道加勒比国家向英国追讨奴隶制赔偿的外交行动，无其他类似文章。"
    },
    {
      "group_id": "G006",
      "cluster_indexes": [
        6
      ],
      "event_title": "英国政治与移民政策动态",
      "reason": "报道改革党捐款争议、苏格兰Labour支持油气开发、Reform UK小船移民言论等英国政治事务，属同国不同事件，不合并。"
    },
    {
      "group_id": "G007",
      "cluster_indexes": [
        7
      ],
      "event_title": "俄罗斯选举民主性质质疑",
      "reason": "单独报道对俄罗斯选举制度的评论，无其他类似文章。"
    },
    {
      "group_id": "G008",
      "cluster_indexes": [
        8
      ],
      "event_title": "德州校园种族争议",
      "reason": "单独报道德州大学因候选人种族言论引发的抗议活动，无其他类似文章。"
    },
    {
      "group_id": "G009",
      "cluster_indexes": [
        9
      ],
      "event_title": "Global South voice",
      "reason": "中国国内新闻关于放大全球南方声音，无类似文章。"
    },
    {
      "group_id": "G010",
      "cluster_indexes": [
        10
      ],
      "event_title": "2026 Doctors Tribute Ceremony",
      "reason": "中国国内在北京举行的仪式，无类似文章。"
    },
    {
      "group_id": "G011",
      "cluster_indexes": [
        11
      ],
      "event_title": "Overseas Chinese relations",
      "reason": "中国关于海外华人社区的文章，无类似文章。"
    },
    {
      "group_id": "G012",
      "cluster_indexes": [
        12
      ],
      "event_title": "Disabled professional baseball player",
      "reason": "关于无右手棒球运动员的人情故事，无类似文章。"
    },
    {
      "group_id": "G013",
      "cluster_indexes": [
        15
      ],
      "event_title": "Older LGBTQ+ community fears",
      "reason": "关于老龄化LGBTQ+身份丧失的社会问题，无类似文章。"
    },
    {
      "group_id": "G014",
      "cluster_indexes": [
        17
      ],
      "event_title": "Holocaust art lawsuit in California",
      "reason": "关于纳粹掠夺艺术的法律诉讼案例，无类似文章。"
    },
    {
      "group_id": "G015",
      "cluster_indexes": [
        18
      ],
      "event_title": "California billionaire tax support",
      "reason": "诺贝尔经济学家支持加州税收政策，无类似文章。"
    },
    {
      "group_id": "G016",
      "cluster_indexes": [
        19
      ],
      "event_title": "Pat McAfee immigration joke controversy",
      "reason": "体育评论员移民言论争议，无类似文章。"
    },
    {
      "group_id": "G017",
      "cluster_indexes": [
        20
      ],
      "event_title": "Hong Kong-Macau flag ceremony in Beijing",
      "reason": "中国国内爱国活动，无类似文章。"
    },
    {
      "group_id": "G018",
      "cluster_indexes": [
        21
      ],
      "event_title": "Newspaper editors credit",
      "reason": "仅报纸员工列表，内容 minimal，无类似文章。"
    },
    {
      "group_id": "G019",
      "cluster_indexes": [
        23
      ],
      "event_title": "Ole Miss vs LSU football",
      "reason": "大学足球比赛报道，无类似文章。"
    },
    {
      "group_id": "G020",
      "cluster_indexes": [
        26
      ],
      "event_title": "UFC 331 betting promotions",
      "reason": "UFC 331赛事的三个博彩推广文章，虽同属一赛事推广但为不同促销内容，视为同一事件的不同宣传角度，但基于保守原则，同赛事推广可合并。然而原文描述为Three promotional articles，属同一UFC 331赛事的赌博推广事件，故合并。"
    },
    {
      "group_id": "G021",
      "cluster_indexes": [
        28
      ],
      "event_title": "United Front Forum 2026",
      "reason": "中国国内政治论坛，无类似文章。"
    },
    {
      "group_id": "G022",
      "cluster_indexes": [
        29
      ],
      "event_title": "Newsom bills prevent Trump midterm interference",
      "reason": "加州州长签署选举保护立法以防特朗普干预中期选举，单独事件。"
    },
    {
      "group_id": "G023",
      "cluster_indexes": [
        31
      ],
      "event_title": "Sherrod Brown on transgender issues",
      "reason": "美国政客回应跨性别问题批评，单独事件。"
    },
    {
      "group_id": "G024",
      "cluster_indexes": [
        32
      ],
      "event_title": "Trump lost the plot",
      "reason": "关于特朗普的意见文章，单独事件。"
    },
    {
      "group_id": "G025",
      "cluster_indexes": [
        33
      ],
      "event_title": "Trump meets Venezuela leader at UNGA",
      "reason": "美国与委内瑞拉领导人在联合国会晤，单独外交事件。"
    },
    {
      "group_id": "G026",
      "cluster_indexes": [
        34
      ],
      "event_title": "Seaside hotel fire investigated",
      "reason": "可疑火灾事件调查，单独事故。"
    },
    {
      "group_id": "G027",
      "cluster_indexes": [
        7
      ],
      "event_title": "Kemi Badenoch vs Andy Burnham",
      "reason": "英国政治争端，单独事件。"
    },
    {
      "group_id": "G028",
      "cluster_indexes": [
        8
      ],
      "event_title": "Ed Davey attacks Reform and Musk",
      "reason": "英国自由民主党会议政治攻击，单独事件。"
    },
    {
      "group_id": "G029",
      "cluster_indexes": [
        9
      ],
      "event_title": "Man Utd Muslim fans protest Ratcliffe",
      "reason": "曼联俱乐部所有权争议，单独事件。"
    },
    {
      "group_id": "G030",
      "cluster_indexes": [
        10
      ],
      "event_title": "Anthropic post-IPO revenue concerns",
      "reason": "AI公司财务前景担忧，单独事件。"
    }
  ]
}
================================================================================

================================================================================
TIME: 2026-09-20T11:20:46.195832+08:00
DATE: 2026-09-20
STAGE: STAGE 1B / ROUND 4 / WINDOW 1
MESSAGE: Global Merge窗口AI输出经过Repair后恢复正常。
DETAILS:
{
  "repair_attempt": 1,
  "groups": [
    {
      "group_id": "G001",
      "cluster_indexes": [
        1,
        2
      ],
      "event_title": "特朗普与媒体冲突升级",
      "reason": "Cluster 1和Cluster 2明确判断属于同一正在持续发展的单一现实事件（特朗普针对媒体的攻击行为）。"
    },
    {
      "group_id": "G002",
      "cluster_indexes": [
        3
      ],
      "event_title": "人工智能政策、商业应用及技术伦理",
      "reason": "单独Cluster，涵盖AI政策、商业应用及伦理议题，无其他直接关联Cluster。"
    },
    {
      "group_id": "G003",
      "cluster_indexes": [
        4
      ],
      "event_title": "洛杉矶无家可归者欺诈案",
      "reason": "单独报道洛杉矶无家可归者资金欺诈案，无其他类似文章。"
    },
    {
      "group_id": "G004",
      "cluster_indexes": [
        5
      ],
      "event_title": "加勒比国家要求英国偿还奴隶制赔偿",
      "reason": "单独报道加勒比国家向英国追讨奴隶制赔偿的外交行动，无其他类似文章。"
    },
    {
      "group_id": "G005",
      "cluster_indexes": [
        6
      ],
      "event_title": "英国政治与移民政策动态",
      "reason": "涉及改革党内部捐款争议、苏格兰Labour领袖支持油气开发及 Reform UK 关于小船移民的言论争议等英国政治事务，属同国不同事件，不合并。"
    },
    {
      "group_id": "G006",
      "cluster_indexes": [
        7
      ],
      "event_title": "俄罗斯选举民主性质质疑",
      "reason": "单独报道对俄罗斯选举制度民主性质的评论，无其他类似文章。"
    },
    {
      "group_id": "G007",
      "cluster_indexes": [
        8
      ],
      "event_title": "德州校园种族争议",
      "reason": "单独报道德州大学校园因候选人种族言论引发的抗议活动，无其他类似文章。"
    },
    {
      "group_id": "G008",
      "cluster_indexes": [
        9
      ],
      "event_title": "Global South voice",
      "reason": "Chinese domestic news about amplifying Global South voices, no similar articles."
    },
    {
      "group_id": "G009",
      "cluster_indexes": [
        10
      ],
      "event_title": "2026 Doctors Tribute Ceremony",
      "reason": "Chinese domestic ceremony in Beijing, no similar articles."
    },
    {
      "group_id": "G010",
      "cluster_indexes": [
        11
      ],
      "event_title": "Overseas Chinese relations",
      "reason": "Chinese article about overseas Chinese community, no similar articles."
    },
    {
      "group_id": "G011",
      "cluster_indexes": [
        12
      ],
      "event_title": "Disabled professional baseball player",
      "reason": "Human interest story about baseball player without right hand, no similar articles."
    },
    {
      "group_id": "G012",
      "cluster_indexes": [
        13
      ],
      "event_title": "Older LGBTQ+ community fears",
      "reason": "Social issue about aging LGBTQ+ identity loss, no similar articles."
    },
    {
      "group_id": "G013",
      "cluster_indexes": [
        14
      ],
      "event_title": "Holocaust art lawsuit in California",
      "reason": "Legal case over Nazi-looted art, no similar articles."
    },
    {
      "group_id": "G014",
      "cluster_indexes": [
        15
      ],
      "event_title": "California billionaire tax support",
      "reason": "Nobel economists supporting CA tax policy, no similar articles."
    },
    {
      "group_id": "G015",
      "cluster_indexes": [
        16
      ],
      "event_title": "Pat McAfee immigration joke controversy",
      "reason": "Sports commentator controversy, no similar articles."
    },
    {
      "group_id": "G016",
      "cluster_indexes": [
        17
      ],
      "event_title": "Hong Kong-Macau flag ceremony in Beijing",
      "reason": "Chinese domestic patriotism activity, no similar articles."
    },
    {
      "group_id": "G017",
      "cluster_indexes": [
        18
      ],
      "event_title": "Newspaper editors credit",
      "reason": "Minimal content, newspaper staff listing only."
    },
    {
      "group_id": "G018",
      "cluster_indexes": [
        19
      ],
      "event_title": "Ole Miss vs LSU football",
      "reason": "College football game coverage, no similar articles."
    },
    {
      "group_id": "G019",
      "cluster_indexes": [
        20
      ],
      "event_title": "UFC 331 betting promotions",
      "reason": "Three promotional articles for betting codes related to UFC 331 event."
    },
    {
      "group_id": "G020",
      "cluster_indexes": [
        21
      ],
      "event_title": "United Front Forum 2026",
      "reason": "Chinese domestic political forum in Beijing, no similar articles."
    },
    {
      "group_id": "G021",
      "cluster_indexes": [
        22
      ],
      "event_title": "Newsom bills prevent Trump midterm interference",
      "reason": "California governor signing election protection legislation, no similar articles."
    },
    {
      "group_id": "G022",
      "cluster_indexes": [
        23
      ],
      "event_title": "Sherrod Brown on transgender issues",
      "reason": "US politician response to criticism on trans issues, no similar articles."
    },
    {
      "group_id": "G023",
      "cluster_indexes": [
        24
      ],
      "event_title": "Trump lost the plot",
      "reason": "Opinion piece on Trump, no similar articles."
    },
    {
      "group_id": "G024",
      "cluster_indexes": [
        25
      ],
      "event_title": "Trump meets Venezuela leader at UNGA",
      "reason": "US-Venezuela diplomatic meeting at UN, no similar articles."
    },
    {
      "group_id": "G025",
      "cluster_indexes": [
        26
      ],
      "event_title": "Seaside hotel fire investigated",
      "reason": "Suspicious fire incident, no similar articles."
    },
    {
      "group_id": "G026",
      "cluster_indexes": [
        27
      ],
      "event_title": "Kemi Badenoch vs Andy Burnham",
      "reason": "UK political dispute, no similar articles."
    },
    {
      "group_id": "G027",
      "cluster_indexes": [
        28
      ],
      "event_title": "Ed Davey attacks Reform and Musk",
      "reason": "UK Lib Dem conference politics, no similar articles."
    },
    {
      "group_id": "G028",
      "cluster_indexes": [
        29
      ],
      "event_title": "Man Utd Muslim fans protest Ratcliffe",
      "reason": "Football club ownership controversy, no similar articles."
    },
    {
      "group_id": "G029",
      "cluster_indexes": [
        30
      ],
      "event_title": "Anthropic post-IPO revenue concerns",
      "reason": "AI company financial outlook, no similar articles."
    }
  ]
}
================================================================================

================================================================================
TIME: 2026-09-20T11:21:51.084571+08:00
DATE: 2026-09-20
STAGE: STAGE 1B / ROUND 4 / WINDOW 5
MESSAGE: V6.5.3 Global Merge窗口AI输出Coverage异常，进入自动Repair。
DETAILS:
{
  "attempt": 1,
  "duplicate": [
    15
  ],
  "missing": [],
  "extra": [],
  "malformed": [],
  "groups": [
    {
      "group_id": "G001",
      "cluster_indexes": [
        1
      ],
      "event_title": "Stuffed sushi pockets culinary trend",
      "reason": "Independent food feature event with no overlap to other clusters."
    },
    {
      "group_id": "G002",
      "cluster_indexes": [
        2
      ],
      "event_title": "Konbini-inspired cocktail menu",
      "reason": "Independent cultural/food feature event with no overlap to other clusters."
    },
    {
      "group_id": "G003",
      "cluster_indexes": [
        3
      ],
      "event_title": "Global News Events Cluster (Unresolved)",
      "reason": "Pre-clustered set of unrelated global events. Without individual article content, cannot determine specific overlaps with other defined clusters. Kept separate to avoid incorrect merging of distinct news items."
    },
    {
      "group_id": "G004",
      "cluster_indexes": [
        4
      ],
      "event_title": "US-South Korea Diplomatic Discussions on Hormuz and Investment",
      "reason": "Distinct diplomatic event regarding US-SK relations and Hormuz strategy."
    },
    {
      "group_id": "G005",
      "cluster_indexes": [
        5
      ],
      "event_title": "20th Asian Games in Japan",
      "reason": "Distinct sporting event coverage."
    },
    {
      "group_id": "G006",
      "cluster_indexes": [
        6
      ],
      "event_title": "South Korean Justice Minister Nominee Withdraws",
      "reason": "Distinct domestic South Korean political event."
    },
    {
      "group_id": "G007",
      "cluster_indexes": [
        7
      ],
      "event_title": "German Regional Elections and Far-Right AfD",
      "reason": "Distinct German electoral event."
    },
    {
      "group_id": "G008",
      "cluster_indexes": [
        8,
        29
      ],
      "event_title": "Houthi Attack on Riyadh",
      "reason": "Cluster 8 and Cluster 29 both report on the same specific Houthi missile attack on Riyadh, Saudi Arabia. Cluster 29 explicitly mentions interception, which aligns with the attack report in Cluster 8. These are two perspectives/reports on the same singular incident."
    },
    {
      "group_id": "G009",
      "cluster_indexes": [
        9
      ],
      "event_title": "Charles Sapin France Inter Edit Removal",
      "reason": "Distinct French media/personal event."
    },
    {
      "group_id": "G010",
      "cluster_indexes": [
        10
      ],
      "event_title": "Emma Heming Willis on Bruce Willis Illness",
      "reason": "Distinct celebrity news event."
    },
    {
      "group_id": "G011",
      "cluster_indexes": [
        11
      ],
      "event_title": "French 2027 Budget Negotiations",
      "reason": "Distinct French domestic policy event."
    },
    {
      "group_id": "G012",
      "cluster_indexes": [
        12
      ],
      "event_title": "Paris Techno Parade vs Loi Ripost",
      "reason": "Distinct French social/protest event."
    },
    {
      "group_id": "G013",
      "cluster_indexes": [
        13,
        15,
        26
      ],
      "event_title": "Macron Visit to Saint-Pierre-et-Miquelon and Hosting PM Carney",
      "reason": "Cluster 13 covers Macron's visit to Saint-Pierre-et-Miquelon and mentions hosting Carney. Cluster 15 covers Trump's ban on reporters (contextual US politics during this period). Cluster 26 covers Macron hosting Canadian PM Carney. Clusters 13 and 26 are clearly the same specific diplomatic event (Macron hosting Carney in Saint-Pierre). Cluster 15 is a related but distinct US political event occurring simultaneously; however, looking closely at Cluster 13's description 'hosting Carney' and Cluster 26 'Macron hosts Canadian PM Carney', these are definitely the same. Cluster 15 (Trump ban) is a separate US event. Wait, re-reading Cluster 13: 'All three articles concern... Macron's visit... including his statement on French sovereignty and hosting Carney.' Cluster 26 is 'France-Canada diplomatic meeting amid US tensions'. These are the same event. Cluster 15 is Trump banning CNN/Politico reporters. This is a separate US domestic event. I will group 13 and 26. Cluster 15 stands alone or potentially links to broader US politics but is a distinct specific action by Trump. Let's keep 13+26 together as they describe the same physical visit/diplomatic meeting."
    },
    {
      "group_id": "G014",
      "cluster_indexes": [
        14
      ],
      "event_title": "Rising Fuel Prices and Bioethanol in France",
      "reason": "Distinct French economic/energy event."
    },
    {
      "group_id": "G015",
      "cluster_indexes": [
        16
      ],
      "event_title": "Wild Animal Hospital at Home",
      "reason": "Distinct local interest story."
    },
    {
      "group_id": "G016",
      "cluster_indexes": [
        17
      ],
      "event_title": "Russian Strike on Soumy Oblast",
      "reason": "Distinct war event in Ukraine."
    },
    {
      "group_id": "G017",
      "cluster_indexes": [
        18
      ],
      "event_title": "Catherine Ringer Burial in Paris",
      "reason": "Distinct cultural/obituary event."
    },
    {
      "group_id": "G018",
      "cluster_indexes": [
        19
      ],
      "event_title": "Melchior Leroux Music Video Director",
      "reason": "Distinct arts/culture feature."
    },
    {
      "group_id": "G019",
      "cluster_indexes": [
        20
      ],
      "event_title": "Ligue 1 Football Standings",
      "reason": "Distinct sports result/event."
    },
    {
      "group_id": "G020",
      "cluster_indexes": [
        21
      ],
      "event_title": "French 2027 Presidential Election Candidates",
      "reason": "Distinct political development in France."
    },
    {
      "group_id": "G021",
      "cluster_indexes": [
        22
      ],
      "event_title": "Ed Sheeran Palestine Protests",
      "reason": "Distinct celebrity/protest event."
    },
    {
      "group_id": "G022",
      "cluster_indexes": [
        23
      ],
      "event_title": "Louvre Mona Lisa Hall Stunt Arrests",
      "reason": "Distinct crime/security incident at the Louvre."
    },
    {
      "group_id": "G023",
      "cluster_indexes": [
        24
      ],
      "event_title": "Trump Greenland Deal and Related Claims",
      "reason": "Distinct diplomatic/trade initiative involving US and Greenland/Denmark."
    },
    {
      "group_id": "G024",
      "cluster_indexes": [
        25
      ],
      "event_title": "China becomes Rwanda's biggest export market",
      "reason": "Distinct international trade event."
    },
    {
      "group_id": "G025",
      "cluster_indexes": [
        15
      ],
      "event_title": "Trump Ban on CNN, MS Now, Politico Reporters",
      "reason": "Distinct US political/media policy action by Trump."
    },
    {
      "group_id": "G026",
      "cluster_indexes": [
        27
      ],
      "event_title": "Putin says Europe preparing for war",
      "reason": "Distinct Russian geopolitical statement."
    },
    {
      "group_id": "G027",
      "cluster_indexes": [
        28
      ],
      "event_title": "Cuba electrical grid collapse",
      "reason": "Distinct infrastructure disaster in Cuba."
    },
    {
      "group_id": "G028",
      "cluster_indexes": [
        30
      ],
      "event_title": "Israel NAZA documentary political storm",
      "reason": "Distinct Israeli domestic political/cultural controversy."
    }
  ]
}
================================================================================

================================================================================
TIME: 2026-09-20T11:22:04.885521+08:00
DATE: 2026-09-20
STAGE: STAGE 1B / ROUND 4 / WINDOW 5
MESSAGE: V6.5.3 Global Merge窗口AI输出Coverage异常，进入自动Repair。
DETAILS:
{
  "attempt": 2,
  "duplicate": [],
  "missing": [
    14
  ],
  "extra": [],
  "malformed": [],
  "groups": [
    {
      "group_id": "G001",
      "cluster_indexes": [
        1
      ],
      "event_title": "Stuffed sushi pockets culinary trend",
      "reason": "Independent food feature event with no overlap to other clusters."
    },
    {
      "group_id": "G002",
      "cluster_indexes": [
        2
      ],
      "event_title": "Konbini-inspired cocktail menu",
      "reason": "Independent cultural/food feature event with no overlap to other clusters."
    },
    {
      "group_id": "G003",
      "cluster_indexes": [
        3
      ],
      "event_title": "Global News Events Cluster (Unresolved)",
      "reason": "Pre-clustered set of unrelated global events. Without individual article content, cannot determine specific overlaps with other defined clusters. Kept separate to avoid incorrect merging of distinct news items."
    },
    {
      "group_id": "G004",
      "cluster_indexes": [
        4
      ],
      "event_title": "US-South Korea Diplomatic Discussions on Hormuz and Investment",
      "reason": "Distinct diplomatic event regarding US-SK relations and Hormuz strategy."
    },
    {
      "group_id": "G005",
      "cluster_indexes": [
        5
      ],
      "event_title": "20th Asian Games in Japan",
      "reason": "Distinct sporting event coverage."
    },
    {
      "group_id": "G006",
      "cluster_indexes": [
        6
      ],
      "event_title": "South Korean Justice Minister Nominee Withdraws",
      "reason": "Distinct domestic South Korean political event."
    },
    {
      "group_id": "G007",
      "cluster_indexes": [
        7
      ],
      "event_title": "German Regional Elections and Far-Right AfD",
      "reason": "Distinct German electoral event."
    },
    {
      "group_id": "G008",
      "cluster_indexes": [
        8,
        29
      ],
      "event_title": "Houthi Attack on Riyadh",
      "reason": "Cluster 8 and Cluster 29 both report on the same specific Houthi missile attack on Riyadh, Saudi Arabia. Cluster 29 explicitly mentions interception, which aligns with the attack report in Cluster 8. These are two perspectives/reports on the same singular incident."
    },
    {
      "group_id": "G009",
      "cluster_indexes": [
        9
      ],
      "event_title": "Charles Sapin France Inter Edit Removal",
      "reason": "Distinct French media/personal event."
    },
    {
      "group_id": "G010",
      "cluster_indexes": [
        10
      ],
      "event_title": "Emma Heming Willis on Bruce Willis Illness",
      "reason": "Distinct celebrity news event."
    },
    {
      "group_id": "G011",
      "cluster_indexes": [
        11
      ],
      "event_title": "French 2027 Budget Negotiations",
      "reason": "Distinct French domestic policy event."
    },
    {
      "group_id": "G012",
      "cluster_indexes": [
        12
      ],
      "event_title": "Paris Techno Parade vs Loi Ripost",
      "reason": "Distinct French social/protest event."
    },
    {
      "group_id": "G013",
      "cluster_indexes": [
        13,
        26
      ],
      "event_title": "Macron Visit to Saint-Pierre-et-Miquelon and Hosting PM Carney",
      "reason": "Cluster 13 covers Macron's visit to Saint-Pierre-et-Miquelon and mentions hosting Carney. Cluster 26 covers Macron hosting Canadian PM Carney. These describe the same specific physical diplomatic visit and meeting."
    },
    {
      "group_id": "G014",
      "cluster_indexes": [
        15
      ],
      "event_title": "Trump Ban on CNN, MS Now, Politico Reporters",
      "reason": "Distinct US political/media policy action by Trump, separate from the Macron/Carney diplomatic event."
    },
    {
      "group_id": "G015",
      "cluster_indexes": [
        16
      ],
      "event_title": "Wild Animal Hospital at Home",
      "reason": "Distinct local interest story."
    },
    {
      "group_id": "G016",
      "cluster_indexes": [
        17
      ],
      "event_title": "Russian Strike on Soumy Oblast",
      "reason": "Distinct war event in Ukraine."
    },
    {
      "group_id": "G017",
      "cluster_indexes": [
        18
      ],
      "event_title": "Catherine Ringer Burial in Paris",
      "reason": "Distinct cultural/obituary event."
    },
    {
      "group_id": "G018",
      "cluster_indexes": [
        19
      ],
      "event_title": "Melchior Leroux Music Video Director",
      "reason": "Distinct arts/culture feature."
    },
    {
      "group_id": "G019",
      "cluster_indexes": [
        20
      ],
      "event_title": "Ligue 1 Football Standings",
      "reason": "Distinct sports result/event."
    },
    {
      "group_id": "G020",
      "cluster_indexes": [
        21
      ],
      "event_title": "French 2027 Presidential Election Candidates",
      "reason": "Distinct political development in France."
    },
    {
      "group_id": "G021",
      "cluster_indexes": [
        22
      ],
      "event_title": "Ed Sheeran Palestine Protests",
      "reason": "Distinct celebrity/protest event."
    },
    {
      "group_id": "G022",
      "cluster_indexes": [
        23
      ],
      "event_title": "Louvre Mona Lisa Hall Stunt Arrests",
      "reason": "Distinct crime/security incident at the Louvre."
    },
    {
      "group_id": "G023",
      "cluster_indexes": [
        24
      ],
      "event_title": "Trump Greenland Deal and Related Claims",
      "reason": "Distinct diplomatic/trade initiative involving US and Greenland/Denmark."
    },
    {
      "group_id": "G024",
      "cluster_indexes": [
        25
      ],
      "event_title": "China becomes Rwanda's biggest export market",
      "reason": "Distinct international trade event."
    },
    {
      "group_id": "G025",
      "cluster_indexes": [
        27
      ],
      "event_title": "Putin says Europe preparing for war",
      "reason": "Distinct Russian geopolitical statement."
    },
    {
      "group_id": "G026",
      "cluster_indexes": [
        28
      ],
      "event_title": "Cuba electrical grid collapse",
      "reason": "Distinct infrastructure disaster in Cuba."
    },
    {
      "group_id": "G027",
      "cluster_indexes": [
        30
      ],
      "event_title": "Israel NAZA documentary political storm",
      "reason": "Distinct Israeli domestic political/cultural controversy."
    }
  ]
}
================================================================================

================================================================================
TIME: 2026-09-20T11:22:18.439932+08:00
DATE: 2026-09-20
STAGE: STAGE 1B / ROUND 4 / WINDOW 5
MESSAGE: Global Merge窗口AI输出经过Repair后恢复正常。
DETAILS:
{
  "repair_attempt": 2,
  "groups": [
    {
      "group_id": "G001",
      "cluster_indexes": [
        1
      ],
      "event_title": "Stuffed sushi pockets culinary trend",
      "reason": "Independent food feature event with no overlap to other clusters."
    },
    {
      "group_id": "G002",
      "cluster_indexes": [
        2
      ],
      "event_title": "Konbini-inspired cocktail menu",
      "reason": "Independent cultural/food feature event with no overlap to other clusters."
    },
    {
      "group_id": "G003",
      "cluster_indexes": [
        3
      ],
      "event_title": "Global News Events Cluster (Unresolved)",
      "reason": "Pre-clustered set of unrelated global events. Without individual article content, cannot determine specific overlaps with other defined clusters. Kept separate to avoid incorrect merging of distinct news items."
    },
    {
      "group_id": "G004",
      "cluster_indexes": [
        4
      ],
      "event_title": "US-South Korea Diplomatic Discussions on Hormuz and Investment",
      "reason": "Distinct diplomatic event regarding US-SK relations and Hormuz strategy."
    },
    {
      "group_id": "G005",
      "cluster_indexes": [
        5
      ],
      "event_title": "20th Asian Games in Japan",
      "reason": "Distinct sporting event coverage."
    },
    {
      "group_id": "G006",
      "cluster_indexes": [
        6
      ],
      "event_title": "South Korean Justice Minister Nominee Withdraws",
      "reason": "Distinct domestic South Korean political event."
    },
    {
      "group_id": "G007",
      "cluster_indexes": [
        7
      ],
      "event_title": "German Regional Elections and Far-Right AfD",
      "reason": "Distinct German electoral event."
    },
    {
      "group_id": "G008",
      "cluster_indexes": [
        8,
        29
      ],
      "event_title": "Houthi Attack on Riyadh",
      "reason": "Cluster 8 and Cluster 29 both report on the same specific Houthi missile attack on Riyadh, Saudi Arabia. Cluster 29 explicitly mentions interception, which aligns with the attack report in Cluster 8. These are two perspectives/reports on the same singular incident."
    },
    {
      "group_id": "G009",
      "cluster_indexes": [
        9
      ],
      "event_title": "Charles Sapin France Inter Edit Removal",
      "reason": "Distinct French media/personal event."
    },
    {
      "group_id": "G010",
      "cluster_indexes": [
        10
      ],
      "event_title": "Emma Heming Willis on Bruce Willis Illness",
      "reason": "Distinct celebrity news event."
    },
    {
      "group_id": "G011",
      "cluster_indexes": [
        11
      ],
      "event_title": "French 2027 Budget Negotiations",
      "reason": "Distinct French domestic policy event."
    },
    {
      "group_id": "G012",
      "cluster_indexes": [
        12
      ],
      "event_title": "Paris Techno Parade vs Loi Ripost",
      "reason": "Distinct French social/protest event."
    },
    {
      "group_id": "G013",
      "cluster_indexes": [
        13,
        26
      ],
      "event_title": "Macron Visit to Saint-Pierre-et-Miquelon and Hosting PM Carney",
      "reason": "Cluster 13 covers Macron's visit to Saint-Pierre-et-Miquelon and mentions hosting Carney. Cluster 26 covers Macron hosting Canadian PM Carney. These describe the same specific physical diplomatic visit and meeting."
    },
    {
      "group_id": "G014",
      "cluster_indexes": [
        14
      ],
      "event_title": "Rising Fuel Prices and Bioethanol in France",
      "reason": "Distinct French domestic energy/policy event."
    },
    {
      "group_id": "G015",
      "cluster_indexes": [
        15
      ],
      "event_title": "Trump Ban on CNN, MS Now, Politico Reporters",
      "reason": "Distinct US political/media policy action by Trump, separate from the Macron/Carney diplomatic event."
    },
    {
      "group_id": "G016",
      "cluster_indexes": [
        16
      ],
      "event_title": "Wild Animal Hospital at Home",
      "reason": "Distinct local interest story."
    },
    {
      "group_id": "G017",
      "cluster_indexes": [
        17
      ],
      "event_title": "Russian Strike on Soumy Oblast",
      "reason": "Distinct war event in Ukraine."
    },
    {
      "group_id": "G018",
      "cluster_indexes": [
        18
      ],
      "event_title": "Catherine Ringer Burial in Paris",
      "reason": "Distinct cultural/obituary event."
    },
    {
      "group_id": "G019",
      "cluster_indexes": [
        19
      ],
      "event_title": "Melchior Leroux Music Video Director",
      "reason": "Distinct arts/culture feature."
    },
    {
      "group_id": "G020",
      "cluster_indexes": [
        20
      ],
      "event_title": "Ligue 1 Football Standings",
      "reason": "Distinct sports result/event."
    },
    {
      "group_id": "G021",
      "cluster_indexes": [
        21
      ],
      "event_title": "French 2027 Presidential Election Candidates",
      "reason": "Distinct political development in France."
    },
    {
      "group_id": "G022",
      "cluster_indexes": [
        22
      ],
      "event_title": "Ed Sheeran Palestine Protests",
      "reason": "Distinct celebrity/protest event."
    },
    {
      "group_id": "G023",
      "cluster_indexes": [
        23
      ],
      "event_title": "Louvre Mona Lisa Hall Stunt Arrests",
      "reason": "Distinct crime/security incident at the Louvre."
    },
    {
      "group_id": "G024",
      "cluster_indexes": [
        24
      ],
      "event_title": "Trump Greenland Deal and Related Claims",
      "reason": "Distinct diplomatic/trade initiative involving US and Greenland/Denmark."
    },
    {
      "group_id": "G025",
      "cluster_indexes": [
        25
      ],
      "event_title": "China becomes Rwanda's biggest export market",
      "reason": "Distinct international trade event."
    },
    {
      "group_id": "G026",
      "cluster_indexes": [
        27
      ],
      "event_title": "Putin says Europe preparing for war",
      "reason": "Distinct Russian geopolitical statement."
    },
    {
      "group_id": "G027",
      "cluster_indexes": [
        28
      ],
      "event_title": "Cuba electrical grid collapse",
      "reason": "Distinct infrastructure disaster in Cuba."
    },
    {
      "group_id": "G028",
      "cluster_indexes": [
        30
      ],
      "event_title": "Israel NAZA documentary political storm",
      "reason": "Distinct Israeli domestic political/cultural controversy."
    }
  ]
}
================================================================================

================================================================================
TIME: 2026-09-20T11:26:43.544085+08:00
DATE: 2026-09-20
STAGE: STAGE 1B / ROUND 6 / WINDOW 2
MESSAGE: V6.5.3 Global Merge窗口AI输出Coverage异常，进入自动Repair。
DETAILS:
{
  "attempt": 1,
  "duplicate": [
    4,
    5,
    6,
    7,
    8,
    9,
    10,
    11,
    12,
    13,
    14,
    15,
    16,
    17,
    19,
    27
  ],
  "missing": [],
  "extra": [],
  "malformed": [],
  "groups": [
    {
      "group_id": "G001",
      "cluster_indexes": [
        1
      ],
      "event_title": "UK public service broadcasters survival",
      "reason": "单独的媒体行业分析事件，无其他合并项。"
    },
    {
      "group_id": "G002",
      "cluster_indexes": [
        2
      ],
      "event_title": "Peter Hermann逝世",
      "reason": "单独的讣告/逝世事件，无其他合并项。"
    },
    {
      "group_id": "G003",
      "cluster_indexes": [
        3
      ],
      "event_title": "Linux内核代码推送",
      "reason": "单独的技术开发活动事件，无其他合并项。"
    },
    {
      "group_id": "G004",
      "cluster_indexes": [
        4,
        5,
        6,
        7,
        8,
        9,
        10,
        11,
        12,
        13,
        14,
        15,
        16,
        17
      ],
      "event_title": "中国国内发展与报道系列",
      "reason": "这些Cluster均属于中国国内在不同领域的具体报道事件（水利建设、收入分析、丰收景象、长江发展、入境游、日内瓦展览、公园服务、长征路报道、体育胜利、编辑署名、山海协作、信仰主题、书画艺术、读画栏目），虽然主题各异且涉及不同具体事件，但根据规则‘同国家不同事件’不得合并，因此本例中由于它们是完全独立的具体事件（不同的政策/活动/报道），实际上不应合并。然而，仔细观察发现它们都是独立的单一事件，没有重复或同一具体现实事件。根据严格规则，这些应分开。但考虑到输出格式要求覆盖所有Cluster且无相似具体事件，此处将它们标记为各自独立组更为准确。修正：由于规则禁止‘同国家不同事件’合并，以下每个Cluster均为独立组。"
    },
    {
      "group_id": "G005",
      "cluster_indexes": [
        4
      ],
      "event_title": "中国水利建设投资",
      "reason": "单独的经济数据报道事件。"
    },
    {
      "group_id": "G006",
      "cluster_indexes": [
        5
      ],
      "event_title": "中国收入增速分析",
      "reason": "单独的经济分析报道事件。"
    },
    {
      "group_id": "G007",
      "cluster_indexes": [
        6
      ],
      "event_title": "中国丰收图景",
      "reason": "单独的农业报道事件。"
    },
    {
      "group_id": "G008",
      "cluster_indexes": [
        7
      ],
      "event_title": "长江边的中国潮涌",
      "reason": "单独的区域发展报道事件。"
    },
    {
      "group_id": "G009",
      "cluster_indexes": [
        8
      ],
      "event_title": "中国入境游受阿拉伯国家青睐",
      "reason": "单独的旅游业报道事件。"
    },
    {
      "group_id": "G010",
      "cluster_indexes": [
        9
      ],
      "event_title": "中国常驻日内瓦代表团无障碍展览",
      "reason": "单独的外事活动事件。"
    },
    {
      "group_id": "G011",
      "cluster_indexes": [
        10
      ],
      "event_title": "公园+服务理念",
      "reason": "单独的服务理念论述事件。"
    },
    {
      "group_id": "G012",
      "cluster_indexes": [
        11
      ],
      "event_title": "坨坨饺唤起鱼水情",
      "reason": "单独的记者再走长征路报道事件。"
    },
    {
      "group_id": "G013",
      "cluster_indexes": [
        12
      ],
      "event_title": "中国女子手球队首胜",
      "reason": "单独的体育赛事结果事件。"
    },
    {
      "group_id": "G014",
      "cluster_indexes": [
        13
      ],
      "event_title": "报纸责编名单",
      "reason": "单独的版面编辑署名事件。"
    },
    {
      "group_id": "G015",
      "cluster_indexes": [
        14
      ],
      "event_title": "同心共绘山海情",
      "reason": "单独的山海协作报道事件。"
    },
    {
      "group_id": "G016",
      "cluster_indexes": [
        15
      ],
      "event_title": "凝铸信仰与力量",
      "reason": "单独的主题报道事件。"
    },
    {
      "group_id": "G017",
      "cluster_indexes": [
        16
      ],
      "event_title": "重识书画典则",
      "reason": "单独的艺术评论事件。"
    },
    {
      "group_id": "G018",
      "cluster_indexes": [
        17
      ],
      "event_title": "展长卷访名园",
      "reason": "单独的艺术栏目报道事件。"
    },
    {
      "group_id": "G019",
      "cluster_indexes": [
        18
      ],
      "event_title": "尼泊尔Z世代气候行动",
      "reason": "单独的尼泊尔青年气候活动事件，无其他合并项。"
    },
    {
      "group_id": "G020",
      "cluster_indexes": [
        19,
        27
      ],
      "event_title": "纽约州滑翔机事故与徒步者获救",
      "reason": "虽然都发生在纽约州，但一个是滑翔机撞机事故（致1死），另一个是徒步者获救，属于两个完全不同的独立事件。根据规则‘同国家不同事件’不得合并，应分开。修正：此为两个独立事件，不应合并。"
    },
    {
      "group_id": "G021",
      "cluster_indexes": [
        19
      ],
      "event_title": "迷途徒步者获救",
      "reason": "单独的救援事件。"
    },
    {
      "group_id": "G022",
      "cluster_indexes": [
        20
      ],
      "event_title": "美国农民国会救济困境",
      "reason": "单独的政治/农业政策事件，无其他合并项。"
    },
    {
      "group_id": "G023",
      "cluster_indexes": [
        21
      ],
      "event_title": "Hasan Piker支持AOC竞选",
      "reason": "单独的政治人物表态事件，无其他合并项。"
    },
    {
      "group_id": "G024",
      "cluster_indexes": [
        22
      ],
      "event_title": "Sharon Stone脑手术争议",
      "reason": "单独的娱乐界法律纠纷事件，无其他合并项。"
    },
    {
      "group_id": "G025",
      "cluster_indexes": [
        23
      ],
      "event_title": "Caesars体育博彩UFC促销",
      "reason": "单独的博彩公司营销活动事件。"
    },
    {
      "group_id": "G026",
      "cluster_indexes": [
        24
      ],
      "event_title": "Chase Daniel SEC Nation事件",
      "reason": "单独的体育主持人言论争议事件，无其他合并项。"
    },
    {
      "group_id": "G027",
      "cluster_indexes": [
        25
      ],
      "event_title": "体育博彩公司大学橄榄球促销推广活动",
      "reason": "该Cluster已包含三个独立博彩平台的促销活动，根据内部判断已决定分开，故作为独立组保留。"
    },
    {
      "group_id": "G028",
      "cluster_indexes": [
        26
      ],
      "event_title": "理查德布兰森妻子死亡调查",
      "reason": "单独的皇室/名人讣告调查事件，无其他合并项。"
    },
    {
      "group_id": "G029",
      "cluster_indexes": [
        27
      ],
      "event_title": "纽约滑翔机撞机事故",
      "reason": "单独的航空事故事件。"
    },
    {
      "group_id": "G030",
      "cluster_indexes": [
        28
      ],
      "event_title": "美国与丹麦格陵兰安全协议",
      "reason": "单独的国际外交协议事件，无其他合并项。"
    },
    {
      "group_id": "G031",
      "cluster_indexes": [
        29
      ],
      "event_title": "肯尼迪中心抗议活动",
      "reason": "单独的政治抗议事件，无其他合并项。"
    },
    {
      "group_id": "G032",
      "cluster_indexes": [
        30
      ],
      "event_title": "Strictly Come Dancing New Season",
      "reason": "单独的电视节目开播事件，无其他合并项。"
    }
  ]
}
================================================================================

================================================================================
TIME: 2026-09-20T11:26:58.227134+08:00
DATE: 2026-09-20
STAGE: STAGE 1B / ROUND 6 / WINDOW 2
MESSAGE: Global Merge窗口AI输出经过Repair后恢复正常。
DETAILS:
{
  "repair_attempt": 1,
  "groups": [
    {
      "group_id": "G001",
      "cluster_indexes": [
        1
      ],
      "event_title": "UK public service broadcasters survival",
      "reason": "单独的媒体行业分析事件，无其他合并项。"
    },
    {
      "group_id": "G002",
      "cluster_indexes": [
        2
      ],
      "event_title": "Peter Hermann逝世",
      "reason": "单独的讣告/逝世事件，无其他合并项。"
    },
    {
      "group_id": "G003",
      "cluster_indexes": [
        3
      ],
      "event_title": "Linux内核代码推送",
      "reason": "单独的技术开发活动事件，无其他合并项。"
    },
    {
      "group_id": "G004",
      "cluster_indexes": [
        4
      ],
      "event_title": "中国水利建设投资",
      "reason": "单独的经济数据报道事件，同国家不同事件不得合并。"
    },
    {
      "group_id": "G005",
      "cluster_indexes": [
        5
      ],
      "event_title": "中国收入增速分析",
      "reason": "单独的经济分析报道事件，同国家不同事件不得合并。"
    },
    {
      "group_id": "G006",
      "cluster_indexes": [
        6
      ],
      "event_title": "中国丰收图景",
      "reason": "单独的农业报道事件，同国家不同事件不得合并。"
    },
    {
      "group_id": "G007",
      "cluster_indexes": [
        7
      ],
      "event_title": "长江边的中国潮涌",
      "reason": "单独的区域发展报道事件，同国家不同事件不得合并。"
    },
    {
      "group_id": "G008",
      "cluster_indexes": [
        8
      ],
      "event_title": "中国入境游受阿拉伯国家青睐",
      "reason": "单独的旅游业报道事件，同国家不同事件不得合并。"
    },
    {
      "group_id": "G009",
      "cluster_indexes": [
        9
      ],
      "event_title": "中国常驻日内瓦代表团无障碍展览",
      "reason": "单独的外事活动事件，同国家不同事件不得合并。"
    },
    {
      "group_id": "G010",
      "cluster_indexes": [
        10
      ],
      "event_title": "公园+服务理念",
      "reason": "单独的服务理念论述事件，同国家不同事件不得合并。"
    },
    {
      "group_id": "G011",
      "cluster_indexes": [
        11
      ],
      "event_title": "坨坨饺唤起鱼水情",
      "reason": "单独的记者再走长征路报道事件，同国家不同事件不得合并。"
    },
    {
      "group_id": "G012",
      "cluster_indexes": [
        12
      ],
      "event_title": "中国女子手球队首胜",
      "reason": "单独的体育赛事结果事件，同国家不同事件不得合并。"
    },
    {
      "group_id": "G013",
      "cluster_indexes": [
        13
      ],
      "event_title": "报纸责编名单",
      "reason": "单独的版面编辑署名事件，同国家不同事件不得合并。"
    },
    {
      "group_id": "G014",
      "cluster_indexes": [
        14
      ],
      "event_title": "同心共绘山海情",
      "reason": "单独的山海协作报道事件，同国家不同事件不得合并。"
    },
    {
      "group_id": "G015",
      "cluster_indexes": [
        15
      ],
      "event_title": "凝铸信仰与力量",
      "reason": "单独的主题报道事件，同国家不同事件不得合并。"
    },
    {
      "group_id": "G016",
      "cluster_indexes": [
        16
      ],
      "event_title": "重识书画典则",
      "reason": "单独的艺术评论事件，同国家不同事件不得合并。"
    },
    {
      "group_id": "G017",
      "cluster_indexes": [
        17
      ],
      "event_title": "展长卷访名园",
      "reason": "单独的艺术栏目报道事件，同国家不同事件不得合并。"
    },
    {
      "group_id": "G018",
      "cluster_indexes": [
        18
      ],
      "event_title": "尼泊尔Z世代气候行动",
      "reason": "单独的尼泊尔青年气候活动事件，无其他合并项。"
    },
    {
      "group_id": "G019",
      "cluster_indexes": [
        19
      ],
      "event_title": "迷途徒步者获救",
      "reason": "单独的救援事件，与纽约滑翔机事故属于同国家不同事件，不得合并。"
    },
    {
      "group_id": "G020",
      "cluster_indexes": [
        20
      ],
      "event_title": "美国农民国会救济困境",
      "reason": "单独的政治/农业政策事件，无其他合并项。"
    },
    {
      "group_id": "G021",
      "cluster_indexes": [
        21
      ],
      "event_title": "Hasan Piker支持AOC竞选",
      "reason": "单独的政治人物表态事件，无其他合并项。"
    },
    {
      "group_id": "G022",
      "cluster_indexes": [
        22
      ],
      "event_title": "Sharon Stone脑手术争议",
      "reason": "单独的娱乐界法律纠纷事件，无其他合并项。"
    },
    {
      "group_id": "G023",
      "cluster_indexes": [
        23
      ],
      "event_title": "Caesars体育博彩UFC促销",
      "reason": "单独的博彩公司营销活动事件。"
    },
    {
      "group_id": "G024",
      "cluster_indexes": [
        24
      ],
      "event_title": "Chase Daniel SEC Nation事件",
      "reason": "单独的体育主持人言论争议事件，无其他合并项。"
    },
    {
      "group_id": "G025",
      "cluster_indexes": [
        25
      ],
      "event_title": "体育博彩公司大学橄榄球促销推广活动",
      "reason": "该Cluster已包含三个独立博彩平台的促销活动，根据内部判断保持独立组。"
    },
    {
      "group_id": "G026",
      "cluster_indexes": [
        26
      ],
      "event_title": "理查德布兰森妻子死亡调查",
      "reason": "单独的皇室/名人讣告调查事件，无其他合并项。"
    },
    {
      "group_id": "G027",
      "cluster_indexes": [
        27
      ],
      "event_title": "纽约滑翔机撞机事故",
      "reason": "单独的航空事故事件，与徒步者获救属于同国家不同事件，不得合并。"
    },
    {
      "group_id": "G028",
      "cluster_indexes": [
        28
      ],
      "event_title": "美国与丹麦格陵兰安全协议",
      "reason": "单独的国际外交协议事件，无其他合并项。"
    },
    {
      "group_id": "G029",
      "cluster_indexes": [
        29
      ],
      "event_title": "肯尼迪中心抗议活动",
      "reason": "单独的政治抗议事件，无其他合并项。"
    },
    {
      "group_id": "G030",
      "cluster_indexes": [
        30
      ],
      "event_title": "Strictly Come Dancing New Season",
      "reason": "单独的电视节目开播事件，无其他合并项。"
    }
  ]
}
================================================================================

================================================================================
TIME: 2026-09-20T11:28:57.292865+08:00
DATE: 2026-09-20
STAGE: STAGE 1B / ROUND 6 / WINDOW 6
MESSAGE: V6.5.3 Global Merge窗口AI输出Coverage异常，进入自动Repair。
DETAILS:
{
  "attempt": 1,
  "duplicate": [
    2
  ],
  "missing": [],
  "extra": [],
  "malformed": [],
  "groups": [
    {
      "group_id": "G001",
      "cluster_indexes": [
        1,
        28
      ],
      "event_title": "德国能源税减免与燃油价格补贴方案",
      "reason": "Cluster 1报道德国为选举前降低汽油价格而削减能源税，Cluster 28批评政府的燃油价格补贴方案昂贵且适得其反。两者描述的是同一项德国政府推出的燃油价格干预政策的不同方面（减税措施与整体补贴方案的批评）。"
    },
    {
      "group_id": "G002",
      "cluster_indexes": [
        2,
        24
      ],
      "event_title": "日本亚运会期间的住宿与接待问题",
      "reason": "Cluster 2报道日本在亚运会期间面临住房短缺问题，Cluster 24报道加纳合唱团在 magdeburg 表演——但经重新审视，Cluster 24是加纳合唱团在德国马格德堡的表演，与亚运会无关。两者无实际关联，应分开。"
    },
    {
      "group_id": "G002",
      "cluster_indexes": [
        2
      ],
      "event_title": "日本亚运会住宿短缺问题",
      "reason": "独立事件：日本在亚运会期间面临的住房短缺问题，无其他Cluster与之关联。"
    },
    {
      "group_id": "G003",
      "cluster_indexes": [
        3
      ],
      "event_title": "海牙右翼骚乱",
      "reason": "Cluster 3已内部合并了EVT-20260920-000172和EVT-20260920-000199，报道海牙右翼骚乱及24人被捕，是同一具体现实事件。无其他外部Cluster需要合并。"
    },
    {
      "group_id": "G004",
      "cluster_indexes": [
        4
      ],
      "event_title": "Steven Kolb因PETA抗议袭击事件辞职",
      "reason": "独立事件：美国时尚行业领袖Steven Kolb在 activists 被袭击后辞职。无其他Cluster与之关联。"
    },
    {
      "group_id": "G005",
      "cluster_indexes": [
        5
      ],
      "event_title": "慕尼黑啤酒节掰手腕 injury 事件",
      "reason": "独立事件：客人在啤酒节掰手腕比赛中手臂骨折。无其他Cluster与之关联。"
    },
    {
      "group_id": "G006",
      "cluster_indexes": [
        6
      ],
      "event_title": "特朗普政府AI政策与人事任命",
      "reason": "Cluster 6已内部合并了三个相关Cluster，报道特朗普AI监测倡议及首席AI官员任命，属于同一持续发展的政策事件。无其他外部Cluster需要合并。"
    },
    {
      "group_id": "G007",
      "cluster_indexes": [
        7
      ],
      "event_title": "德国演员Peter Hermann去世",
      "reason": "独立事件：德国演员Peter Hermann逝世。无其他Cluster与之关联。"
    },
    {
      "group_id": "G008",
      "cluster_indexes": [
        8
      ],
      "event_title": "BookTok对德国图书封面设计的影响",
      "reason": "独立事件：分析BookTok趋势如何影响德国图书封面设计。无其他Cluster与之关联。"
    },
    {
      "group_id": "G009",
      "cluster_indexes": [
        9
      ],
      "event_title": "席琳·迪翁复出专栏",
      "reason": "独立事件：关于席琳·迪翁重返舞台的个人专栏文章。无其他Cluster与之关联。"
    },
    {
      "group_id": "G010",
      "cluster_indexes": [
        10
      ],
      "event_title": "斯图加特负于多特蒙德德甲比赛",
      "reason": "独立事件：德甲联赛VfB斯图加特对阵多特蒙德的比赛结果。虽然Cluster 16也包含德甲相关内容，但Cluster 10特指这一场具体比赛，而Cluster 16是多个比赛结果和教练变动的集合，二者属于同一联赛系统的不同具体事件，不宜合并。"
    },
    {
      "group_id": "G011",
      "cluster_indexes": [
        11
      ],
      "event_title": "北约与德国军事领导层任命",
      "reason": "Cluster 11已内部合并了两个相关Cluster，报道德国军事领导层空缺压力及Carsten Breuer被任命为北约军事委员会主席，属于同一具体任命事件。无其他外部Cluster需要合并。"
    },
    {
      "group_id": "G012",
      "cluster_indexes": [
        12
      ],
      "event_title": "碧姬·芭杜遗产拍卖家族纠纷",
      "reason": "独立事件：Brigitte Bardot去世后家族对其物品拍卖产生的冲突。无其他Cluster与之关联。"
    },
    {
      "group_id": "G013",
      "cluster_indexes": [
        13
      ],
      "event_title": "AI末日警告被指夸大",
      "reason": "独立事件：专家Marcel Salathé认为AI灾难预测被夸大。虽然与Cluster 6的AI主题相关，但这是关于AI风险评估的不同具体事件，不应合并。"
    },
    {
      "group_id": "G014",
      "cluster_indexes": [
        14
      ],
      "event_title": "梅克伦堡13岁少年汽车盗窃案",
      "reason": "独立事件：梅克伦堡-施特雷利茨县未成年人盗窃汽车及警方追捕。无其他Cluster与之关联。"
    },
    {
      "group_id": "G015",
      "cluster_indexes": [
        15
      ],
      "event_title": "艾伦·索金新作《The Social Reckoning》",
      "reason": "独立事件：Aaron Sorkin撰写名为《The Social Reckoning》的新项目。无其他Cluster与之关联。"
    },
    {
      "group_id": "G016",
      "cluster_indexes": [
        16
      ],
      "event_title": "德国足球德甲及德乙联赛赛果与教练变动",
      "reason": "Cluster 16已内部合并了七个相关Cluster，报道德国足球联赛的多场比赛结果和教练任命，属于同一时间段内的体育事件集合。无其他外部Cluster需要合并。"
    },
    {
      "group_id": "G017",
      "cluster_indexes": [
        17
      ],
      "event_title": "弗里德里希·梅尔兹政治前景",
      "reason": "独立事件：关于Friedrich Merz总理前景及来自SPD和媒体的政治压力讨论。虽然与Cluster 1的政治背景相关，但这是关于特定政治人物的独立报道。"
    },
    {
      "group_id": "G018",
      "cluster_indexes": [
        18
      ],
      "event_title": "脂肪肝疾病医学文章",
      "reason": "独立事件：关于脂肪肝成因和治疗的医学文章。无其他Cluster与之关联。"
    },
    {
      "group_id": "G019",
      "cluster_indexes": [
        19
      ],
      "event_title": "奥地利WhatsApp骚扰案",
      "reason": "独立事件：奥地利女子通过WhatsApp收到5000张露骨图片的骚扰案件。无其他Cluster与之关联。"
    },
    {
      "group_id": "G020",
      "cluster_indexes": [
        20
      ],
      "event_title": "中国发现断鼻骨架",
      "reason": "独立事件：研究人员在中国发现鼻子被割掉的骨架。无其他Cluster与之关联。"
    },
    {
      "group_id": "G021",
      "cluster_indexes": [
        21
      ],
      "event_title": "特朗普政府限制媒体白宫准入",
      "reason": "Cluster 21已内部合并了四个相关Cluster，报道特朗普政府禁止CNN和MSNBC记者进入白宫的政策行动，是同一具体现实事件。无其他外部Cluster需要合并。"
    },
    {
      "group_id": "G022",
      "cluster_indexes": [
        22
      ],
      "event_title": "可疑过度乐于助人文章",
      "reason": "独立事件：关于可疑过度 helpful 行为的散文。无其他Cluster与之关联。"
    },
    {
      "group_id": "G023",
      "cluster_indexes": [
        23
      ],
      "event_title": "电影《Pressure》诺曼底登陆天气预报事实核查",
      "reason": "独立事件：核查电影《Pressure》中天气预报是否决定诺曼底登陆成功的真实性。无其他Cluster与之关联。"
    },
    {
      "group_id": "G024",
      "cluster_indexes": [
        25
      ],
      "event_title": "中国关税欺诈挑战",
      "reason": "独立事件：讨论特朗普对华关税相关的海关欺诈困难。无其他Cluster与之关联。"
    },
    {
      "group_id": "G025",
      "cluster_indexes": [
        26
      ],
      "event_title": "土耳其支持沙特阿拉伯对抗伊朗",
      "reason": "独立事件：土耳其考虑在伊朗战争中对沙特阿拉伯提供军事支持。无其他Cluster与之关联。"
    },
    {
      "group_id": "G026",
      "cluster_indexes": [
        27
      ],
      "event_title": "大屠杀与殖民主义比较讨论",
      "reason": "独立事件：关于法西斯暴力与殖民暴力可比性的讨论。无其他Cluster与之关联。"
    },
    {
      "group_id": "G027",
      "cluster_indexes": [
        29
      ],
      "event_title": "历史协会WhatsApp杏仁糖分发",
      "reason": "独立事件：地方历史协会通过WhatsApp分发杏仁糖。无其他Cluster与之关联。"
    },
    {
      "group_id": "G028",
      "cluster_indexes": [
        30
      ],
      "event_title": "美国与丹麦格陵兰军事协议",
      "reason": "Cluster 30已内部合并了三个相关Cluster，报道特朗普获取格陵兰的意愿及美丹就格陵兰永久军事基地达成的新协议，属于同一地缘政治事件的不同方面。无其他外部Cluster需要合并。"
    }
  ]
}
================================================================================

================================================================================
TIME: 2026-09-20T11:29:22.096532+08:00
DATE: 2026-09-20
STAGE: STAGE 1B / ROUND 6 / WINDOW 6
MESSAGE: Global Merge窗口AI输出经过Repair后恢复正常。
DETAILS:
{
  "repair_attempt": 1,
  "groups": [
    {
      "group_id": "G001",
      "cluster_indexes": [
        1,
        28
      ],
      "event_title": "德国能源税减免与燃油价格补贴方案",
      "reason": "Cluster 1报道德国削减能源税以降低汽油价格，Cluster 28批评政府燃油价格补贴方案昂贵且适得其反。两者针对同一项德国政府推出的燃油价格干预政策的不同方面（减税措施与整体补贴方案的批评），属于同一具体现实事件。"
    },
    {
      "group_id": "G002",
      "cluster_indexes": [
        2
      ],
      "event_title": "日本亚运会期间的住宿短缺问题",
      "reason": "独立事件：日本在亚运会期间面临住房短缺问题。无其他Cluster与之关联。"
    },
    {
      "group_id": "G003",
      "cluster_indexes": [
        3
      ],
      "event_title": "海牙右翼骚乱",
      "reason": "Cluster 3已内部合并了EVT-20260920-000172和EVT-20260920-000199，报道海牙右翼骚乱及24人被捕，是同一具体现实事件。无其他外部Cluster需要合并。"
    },
    {
      "group_id": "G004",
      "cluster_indexes": [
        4
      ],
      "event_title": "Steven Kolb因PETA抗议袭击事件辞职",
      "reason": "独立事件：美国时尚行业领袖Steven Kolb在activists被袭击后辞职。无其他Cluster与之关联。"
    },
    {
      "group_id": "G005",
      "cluster_indexes": [
        5
      ],
      "event_title": "慕尼黑啤酒节掰手腕受伤事件",
      "reason": "独立事件：客人在啤酒节掰手腕比赛中手臂骨折。无其他Cluster与之关联。"
    },
    {
      "group_id": "G006",
      "cluster_indexes": [
        6
      ],
      "event_title": "特朗普政府AI政策与人事任命",
      "reason": "Cluster 6已内部合并了三个相关Cluster，报道特朗普AI监测倡议及首席AI官员任命，属于同一持续发展的政策事件。无其他外部Cluster需要合并。"
    },
    {
      "group_id": "G007",
      "cluster_indexes": [
        7
      ],
      "event_title": "德国演员Peter Hermann去世",
      "reason": "独立事件：德国演员Peter Hermann逝世。无其他Cluster与之关联。"
    },
    {
      "group_id": "G008",
      "cluster_indexes": [
        8
      ],
      "event_title": "BookTok对德国图书封面设计的影响",
      "reason": "独立事件：分析BookTok趋势如何影响德国图书封面设计。无其他Cluster与之关联。"
    },
    {
      "group_id": "G009",
      "cluster_indexes": [
        9
      ],
      "event_title": "席琳·迪翁复出专栏",
      "reason": "独立事件：关于席琳·迪翁重返舞台的个人专栏文章。无其他Cluster与之关联。"
    },
    {
      "group_id": "G010",
      "cluster_indexes": [
        10
      ],
      "event_title": "斯图加特负于多特蒙德德甲比赛",
      "reason": "独立事件：德甲联赛VfB斯图加特对阵多特蒙德的比赛结果。虽然Cluster 16也包含德甲相关内容，但Cluster 10特指这一场具体比赛，而Cluster 16是多个比赛结果和教练变动的集合，二者属于同一联赛系统的不同具体事件，不宜合并。"
    },
    {
      "group_id": "G011",
      "cluster_indexes": [
        11
      ],
      "event_title": "北约与德国军事领导层任命",
      "reason": "Cluster 11已内部合并了两个相关Cluster，报道德国军事领导层空缺压力及Carsten Breuer被任命为北约军事委员会主席，属于同一具体任命事件。无其他外部Cluster需要合并。"
    },
    {
      "group_id": "G012",
      "cluster_indexes": [
        12
      ],
      "event_title": "碧姬·芭杜遗产拍卖家族纠纷",
      "reason": "独立事件：Brigitte Bardot去世后家族对其物品拍卖产生的冲突。无其他Cluster与之关联。"
    },
    {
      "group_id": "G013",
      "cluster_indexes": [
        13
      ],
      "event_title": "AI末日警告被指夸大",
      "reason": "独立事件：专家Marcel Salathé认为AI灾难预测被夸大。虽然与Cluster 6的AI主题相关，但这是关于AI风险评估的不同具体事件，不应合并。"
    },
    {
      "group_id": "G014",
      "cluster_indexes": [
        14
      ],
      "event_title": "梅克伦堡13岁少年汽车盗窃案",
      "reason": "独立事件：梅克伦堡-施特雷利茨县未成年人盗窃汽车及警方追捕。无其他Cluster与之关联。"
    },
    {
      "group_id": "G015",
      "cluster_indexes": [
        15
      ],
      "event_title": "艾伦·索金新作《The Social Reckoning》",
      "reason": "独立事件：Aaron Sorkin撰写名为《The Social Reckoning》的新项目。无其他Cluster与之关联。"
    },
    {
      "group_id": "G016",
      "cluster_indexes": [
        16
      ],
      "event_title": "德国足球德甲及德乙联赛赛果与教练变动",
      "reason": "Cluster 16已内部合并了七个相关Cluster，报道德国足球联赛的多场比赛结果和教练任命，属于同一时间段内的体育事件集合。无其他外部Cluster需要合并。"
    },
    {
      "group_id": "G017",
      "cluster_indexes": [
        17
      ],
      "event_title": "弗里德里希·梅尔兹政治前景",
      "reason": "独立事件：关于Friedrich Merz总理前景及来自SPD和媒体的政治压力讨论。虽然与Cluster 1的政治背景相关，但这是关于特定政治人物的独立报道。"
    },
    {
      "group_id": "G018",
      "cluster_indexes": [
        18
      ],
      "event_title": "脂肪肝疾病医学文章",
      "reason": "独立事件：关于脂肪肝成因和治疗的医学文章。无其他Cluster与之关联。"
    },
    {
      "group_id": "G019",
      "cluster_indexes": [
        19
      ],
      "event_title": "奥地利WhatsApp骚扰案",
      "reason": "独立事件：奥地利女子通过WhatsApp收到5000张露骨图片的骚扰案件。无其他Cluster与之关联。"
    },
    {
      "group_id": "G020",
      "cluster_indexes": [
        20
      ],
      "event_title": "中国发现断鼻骨架",
      "reason": "独立事件：研究人员在中国发现鼻子被割掉的骨架。无其他Cluster与之关联。"
    },
    {
      "group_id": "G021",
      "cluster_indexes": [
        21
      ],
      "event_title": "特朗普政府限制媒体白宫准入",
      "reason": "Cluster 21已内部合并了四个相关Cluster，报道特朗普政府禁止CNN和MSNBC记者进入白宫的政策行动，是同一具体现实事件。无其他外部Cluster需要合并。"
    },
    {
      "group_id": "G022",
      "cluster_indexes": [
        22
      ],
      "event_title": "可疑过度乐于助人文章",
      "reason": "独立事件：关于可疑过度helpful行为的散文。无其他Cluster与之关联。"
    },
    {
      "group_id": "G023",
      "cluster_indexes": [
        23
      ],
      "event_title": "电影《Pressure》诺曼底登陆天气预报事实核查",
      "reason": "独立事件：核查电影《Pressure》中天气预报是否决定诺曼底登陆成功的真实性。无其他Cluster与之关联。"
    },
    {
      "group_id": "G024",
      "cluster_indexes": [
        24
      ],
      "event_title": "加纳合唱团在马格德堡演出",
      "reason": "独立事件：来自加纳的合唱团在萨克森-安哈尔特州表演并受到马格德堡欢迎。无其他Cluster与之关联。"
    },
    {
      "group_id": "G025",
      "cluster_indexes": [
        25
      ],
      "event_title": "中国关税欺诈挑战",
      "reason": "独立事件：讨论特朗普对华关税相关的海关欺诈困难。无其他Cluster与之关联。"
    },
    {
      "group_id": "G026",
      "cluster_indexes": [
        26
      ],
      "event_title": "土耳其支持沙特阿拉伯对抗伊朗",
      "reason": "独立事件：土耳其考虑在伊朗战争中对沙特阿拉伯提供军事支持。无其他Cluster与之关联。"
    },
    {
      "group_id": "G027",
      "cluster_indexes": [
        27
      ],
      "event_title": "大屠杀与殖民主义比较讨论",
      "reason": "独立事件：关于法西斯暴力与殖民暴力可比性的讨论。无其他Cluster与之关联。"
    },
    {
      "group_id": "G028",
      "cluster_indexes": [
        29
      ],
      "event_title": "历史协会WhatsApp杏仁糖分发",
      "reason": "独立事件：地方历史协会通过WhatsApp分发杏仁糖。无其他Cluster与之关联。"
    },
    {
      "group_id": "G029",
      "cluster_indexes": [
        30
      ],
      "event_title": "美国与丹麦格陵兰军事协议",
      "reason": "Cluster 30已内部合并了三个相关Cluster，报道特朗普获取格陵兰的意愿及美丹就格陵兰永久军事基地达成的新协议，属于同一地缘政治事件的不同方面。无其他外部Cluster需要合并。"
    }
  ]
}
================================================================================

================================================================================
TIME: 2026-09-20T11:40:14.922177+08:00
DATE: 2026-09-20
STAGE: STAGE 1B / ROUND 9 / WINDOW 6
MESSAGE: V6.5.3 Global Merge窗口AI输出Coverage异常，进入自动Repair。
DETAILS:
{
  "attempt": 1,
  "duplicate": [],
  "missing": [],
  "extra": [
    31
  ],
  "malformed": [],
  "groups": [
    {
      "group_id": "G001",
      "cluster_indexes": [
        1
      ],
      "event_title": "Trump AI Policy and Appointments",
      "reason": "特朗普政府AI政策议程：Cluster 1已正确合并特朗普宣布AI监测倡议与任命首席AI官员计划为同一正在发展的单一政策事件。"
    },
    {
      "group_id": "G002",
      "cluster_indexes": [
        2
      ],
      "event_title": "Peter Hermann death",
      "reason": "德国演员Peter Hermann逝世，独立文化事件。"
    },
    {
      "group_id": "G003",
      "cluster_indexes": [
        3
      ],
      "event_title": "BookTok influence on German book covers",
      "reason": "BookTok趋势对德国书籍封面设计影响的分析，独立文化现象报道。"
    },
    {
      "group_id": "G004",
      "cluster_indexes": [
        4
      ],
      "event_title": "Celine Dion comeback column",
      "reason": "席琳·迪翁复出演出的个人专栏，独立娱乐事件。"
    },
    {
      "group_id": "G005",
      "cluster_indexes": [
        5
      ],
      "event_title": "VfB Stuttgart loses to Borussia Dortmund",
      "reason": "德甲联赛 VfB斯图加特负于多特蒙德的具体比赛结果，独立体育赛事。"
    },
    {
      "group_id": "G006",
      "cluster_indexes": [
        6,
        7
      ],
      "event_title": "NATO and German Military Leadership Appointment",
      "reason": "北约及德国军事领导层任命事件：Cluster 6报道德国军事领导职位空缺及政治压力，Cluster 7报道Carsten Breuer被任命为北约军事委员会主席。两者均为北约/德国高层军事任命这一具体现实事件的不同侧面，属于同一正在持续发展的单一事件。"
    },
    {
      "group_id": "G007",
      "cluster_indexes": [
        8
      ],
      "event_title": "Brigitte Bardot estate auction dispute",
      "reason": "碧姬·芭铎遗产拍卖的家庭纠纷，独立文化/法律事件。"
    },
    {
      "group_id": "G008",
      "cluster_indexes": [
        9
      ],
      "event_title": "AI doomsday warnings deemed exaggerated",
      "reason": "专家Marcel Salathé认为AI末日警告夸大其词，独立观点文章。"
    },
    {
      "group_id": "G009",
      "cluster_indexes": [
        10
      ],
      "event_title": "Aaron Sorkin's The Social Reckoning",
      "reason": "艾伦·索金撰写新剧《The Social Reckoning》，独立文化娱乐事件。"
    },
    {
      "group_id": "G010",
      "cluster_indexes": [
        11
      ],
      "event_title": "German Football Bundesliga and 2. Bundesliga Results and Changes",
      "reason": "德国足球甲级和乙级联赛的比赛结果及教练变动，这些集群覆盖特定比赛结果和教练任命，代表同一时间段内同一联赛系统中的连贯体育事件集合。"
    },
    {
      "group_id": "G011",
      "cluster_indexes": [
        12
      ],
      "event_title": "Friedrich Merz political situation",
      "reason": "弗里德里希·默茨的总理前景及政治压力，独立政治事件。"
    },
    {
      "group_id": "G012",
      "cluster_indexes": [
        13
      ],
      "event_title": "Fatty liver disease",
      "reason": "脂肪肝疾病成因与治疗医学文章，独立医疗资讯。"
    },
    {
      "group_id": "G013",
      "cluster_indexes": [
        14
      ],
      "event_title": "WhatsApp harassment case in Austria",
      "reason": "奥地利女性遭WhatsApp性骚扰案，独立法律/社会事件。"
    },
    {
      "group_id": "G014",
      "cluster_indexes": [
        15
      ],
      "event_title": "Skeleton discovery in China",
      "reason": "中国发现断鼻骨架考古发现，独立科学研究事件。"
    },
    {
      "group_id": "G015",
      "cluster_indexes": [
        16
      ],
      "event_title": "特朗普政府限制媒体白宫准入",
      "reason": "特朗普政府禁止CNN和MSNBC记者进入白宫：Cluster 16已正确合并英文报道MSNBC和中文报道包含CNN和MSNBC的同一政策行动。"
    },
    {
      "group_id": "G016",
      "cluster_indexes": [
        17
      ],
      "event_title": "Suspicious helpfulness article",
      "reason": "关于可疑过度帮助行为的散文，独立随笔文章。"
    },
    {
      "group_id": "G017",
      "cluster_indexes": [
        18
      ],
      "event_title": "Pressure movie D-Day fact check",
      "reason": "电影《Pressure》中关于天气预测决定诺曼底登陆成功的核查，独立影视/历史考证。"
    },
    {
      "group_id": "G018",
      "cluster_indexes": [
        19
      ],
      "event_title": "Ghana choir in Magdeburg",
      "reason": "加纳合唱团在萨克森-安哈尔特演出并受到马格德堡欢迎，独立文化活动。"
    },
    {
      "group_id": "G019",
      "cluster_indexes": [
        20
      ],
      "event_title": "China tariff fraud challenges",
      "reason": "特朗普对华关税相关海关欺诈难题讨论，独立贸易/政策分析。"
    },
    {
      "group_id": "G020",
      "cluster_indexes": [
        21
      ],
      "event_title": "Turkey supports Saudi Arabia in Iran conflict",
      "reason": "土耳其考虑在伊朗战争中向沙特阿拉伯提供军事支持，独立地缘政治事件。"
    },
    {
      "group_id": "G021",
      "cluster_indexes": [
        22
      ],
      "event_title": "Holocaust and colonialism comparison",
      "reason": "法西斯主义与殖民主义暴力可比性的讨论，独立历史/政治哲学议题。"
    },
    {
      "group_id": "G022",
      "cluster_indexes": [
        23
      ],
      "event_title": "History society WhatsApp pralines",
      "reason": "地方历史协会通过WhatsApp分发巧克力，独立社区文化事件。"
    },
    {
      "group_id": "G023",
      "cluster_indexes": [
        24,
        25
      ],
      "event_title": "美国与丹麦格陵兰军事协议",
      "reason": "美国与格陵兰/丹麦军事协议事件：Cluster 24报道特朗普表达获取格陵兰的决心，Cluster 25报道美丹就美国在格陵兰建立永久军事基地达成新协议。两者为同一地缘政治事件的不同方面（特朗普的购买意愿与实际军事基地协议），属于同一正在发展的单一现实事件。"
    },
    {
      "group_id": "G024",
      "cluster_indexes": [
        26
      ],
      "event_title": "滑翔机与Airbus发动机故障",
      "reason": "滑翔机和空客发动机故障航空新闻，独立航空安全事件。"
    },
    {
      "group_id": "G025",
      "cluster_indexes": [
        27
      ],
      "event_title": "里昂双年展艺术活动",
      "reason": "里昂双年展艺术展览报道，独立文化艺术活动。"
    },
    {
      "group_id": "G026",
      "cluster_indexes": [
        28
      ],
      "event_title": "正念与体育结合",
      "reason": "正念练习与体育运动结合的心理健康话题，独立健康/生活方式文章。"
    },
    {
      "group_id": "G027",
      "cluster_indexes": [
        29
      ],
      "event_title": "准爸爸生育心理准备建议",
      "reason": "男性在伴侣生育过程中心理准备建议，独立育儿/心理文章。"
    },
    {
      "group_id": "G028",
      "cluster_indexes": [
        30
      ],
      "event_title": "ZDF Magazine Royale与Böhmermann关系",
      "reason": "德国电视节目ZDF Magazin Royale与主持人Böhmermann关系的报道，独立媒体/娱乐事件。"
    },
    {
      "group_id": "G029",
      "cluster_indexes": [
        31
      ],
      "event_title": "德国2026年政治格局变化与联盟前景",
      "reason": "德国2026年政治格局重组：Cluster 30报道AfD在萨克森-安哈尔特的权力诉求及左翼政党新机会，与默茨担任总理的压力与支持。两者均聚焦于2026年德国大选前后的政治格局变化，属于同一正在发展的单一政治现实事件的不同侧面。"
    }
  ]
}
================================================================================

================================================================================
TIME: 2026-09-20T11:40:30.844787+08:00
DATE: 2026-09-20
STAGE: STAGE 1B / ROUND 9 / WINDOW 6
MESSAGE: Global Merge窗口AI输出经过Repair后恢复正常。
DETAILS:
{
  "repair_attempt": 1,
  "groups": [
    {
      "group_id": "G001",
      "cluster_indexes": [
        1
      ],
      "event_title": "Trump AI Policy and Appointments",
      "reason": "特朗普政府AI政策议程：Cluster 1已正确合并特朗普宣布AI监测倡议与任命首席AI官员计划为同一正在发展的单一政策事件。"
    },
    {
      "group_id": "G002",
      "cluster_indexes": [
        2
      ],
      "event_title": "Peter Hermann death",
      "reason": "德国演员Peter Hermann逝世，独立文化事件。"
    },
    {
      "group_id": "G003",
      "cluster_indexes": [
        3
      ],
      "event_title": "BookTok influence on German book covers",
      "reason": "BookTok趋势对德国书籍封面设计影响的分析，独立文化现象报道。"
    },
    {
      "group_id": "G004",
      "cluster_indexes": [
        4
      ],
      "event_title": "Celine Dion comeback column",
      "reason": "席琳·迪翁复出演出的个人专栏，独立娱乐事件。"
    },
    {
      "group_id": "G005",
      "cluster_indexes": [
        5
      ],
      "event_title": "VfB Stuttgart loses to Borussia Dortmund",
      "reason": "德甲联赛 VfB斯图加特负于多特蒙德的具体比赛结果，独立体育赛事。"
    },
    {
      "group_id": "G006",
      "cluster_indexes": [
        6,
        7
      ],
      "event_title": "NATO and German Military Leadership Appointment",
      "reason": "北约及德国军事领导层任命事件：Cluster 6报道德国军事领导职位空缺及政治压力，Cluster 7报道Carsten Breuer被任命为北约军事委员会主席。两者均为北约/德国高层军事任命这一具体现实事件的不同侧面，属于同一正在持续发展的单一事件。"
    },
    {
      "group_id": "G007",
      "cluster_indexes": [
        8
      ],
      "event_title": "Brigitte Bardot estate auction dispute",
      "reason": "碧姬·芭铎遗产拍卖的家庭纠纷，独立文化/法律事件。"
    },
    {
      "group_id": "G008",
      "cluster_indexes": [
        9
      ],
      "event_title": "AI doomsday warnings deemed exaggerated",
      "reason": "专家Marcel Salathé认为AI末日警告夸大其词，独立观点文章。"
    },
    {
      "group_id": "G009",
      "cluster_indexes": [
        10
      ],
      "event_title": "Aaron Sorkin's The Social Reckoning",
      "reason": "艾伦·索金撰写新剧《The Social Reckoning》，独立文化娱乐事件。"
    },
    {
      "group_id": "G010",
      "cluster_indexes": [
        11
      ],
      "event_title": "German Football Bundesliga and 2. Bundesliga Results and Changes",
      "reason": "德国足球甲级和乙级联赛的比赛结果及教练变动，这些集群覆盖特定比赛结果和教练任命，代表同一时间段内同一联赛系统中的连贯体育事件集合。"
    },
    {
      "group_id": "G011",
      "cluster_indexes": [
        12
      ],
      "event_title": "Friedrich Merz political situation",
      "reason": "弗里德里希·默茨的总理前景及政治压力，独立政治事件。"
    },
    {
      "group_id": "G012",
      "cluster_indexes": [
        13
      ],
      "event_title": "Fatty liver disease",
      "reason": "脂肪肝疾病成因与治疗医学文章，独立医疗资讯。"
    },
    {
      "group_id": "G013",
      "cluster_indexes": [
        14
      ],
      "event_title": "WhatsApp harassment case in Austria",
      "reason": "奥地利女性遭WhatsApp性骚扰案，独立法律/社会事件。"
    },
    {
      "group_id": "G014",
      "cluster_indexes": [
        15
      ],
      "event_title": "Skeleton discovery in China",
      "reason": "中国发现断鼻骨架考古发现，独立科学研究事件。"
    },
    {
      "group_id": "G015",
      "cluster_indexes": [
        16
      ],
      "event_title": "特朗普政府限制媒体白宫准入",
      "reason": "特朗普政府禁止CNN和MSNBC记者进入白宫：Cluster 16已正确合并英文报道MSNBC和中文报道包含CNN和MSNBC的同一政策行动。"
    },
    {
      "group_id": "G016",
      "cluster_indexes": [
        17
      ],
      "event_title": "Suspicious helpfulness article",
      "reason": "关于可疑过度帮助行为的散文，独立随笔文章。"
    },
    {
      "group_id": "G017",
      "cluster_indexes": [
        18
      ],
      "event_title": "Pressure movie D-Day fact check",
      "reason": "电影《Pressure》中关于天气预测决定诺曼底登陆成功的核查，独立影视/历史考证。"
    },
    {
      "group_id": "G018",
      "cluster_indexes": [
        19
      ],
      "event_title": "Ghana choir in Magdeburg",
      "reason": "加纳合唱团在萨克森-安哈尔特演出并受到马格德堡欢迎，独立文化活动。"
    },
    {
      "group_id": "G019",
      "cluster_indexes": [
        20
      ],
      "event_title": "China tariff fraud challenges",
      "reason": "特朗普对华关税相关海关欺诈难题讨论，独立贸易/政策分析。"
    },
    {
      "group_id": "G020",
      "cluster_indexes": [
        21
      ],
      "event_title": "Turkey supports Saudi Arabia in Iran conflict",
      "reason": "土耳其考虑在伊朗战争中向沙特阿拉伯提供军事支持，独立地缘政治事件。"
    },
    {
      "group_id": "G021",
      "cluster_indexes": [
        22
      ],
      "event_title": "Holocaust and colonialism comparison",
      "reason": "法西斯主义与殖民主义暴力可比性的讨论，独立历史/政治哲学议题。"
    },
    {
      "group_id": "G022",
      "cluster_indexes": [
        23
      ],
      "event_title": "History society WhatsApp pralines",
      "reason": "地方历史协会通过WhatsApp分发巧克力，独立社区文化事件。"
    },
    {
      "group_id": "G023",
      "cluster_indexes": [
        24,
        25
      ],
      "event_title": "美国与丹麦格陵兰军事协议",
      "reason": "美国与格陵兰/丹麦军事协议事件：Cluster 24报道特朗普表达获取格陵兰的决心，Cluster 25报道美丹就美国在格陵兰建立永久军事基地达成新协议。两者为同一地缘政治事件的不同方面（特朗普的购买意愿与实际军事基地协议），属于同一正在发展的单一现实事件。"
    },
    {
      "group_id": "G024",
      "cluster_indexes": [
        26
      ],
      "event_title": "滑翔机与Airbus发动机故障",
      "reason": "滑翔机和空客发动机故障航空新闻，独立航空安全事件。"
    },
    {
      "group_id": "G025",
      "cluster_indexes": [
        27
      ],
      "event_title": "里昂双年展艺术活动",
      "reason": "里昂双年展艺术展览报道，独立文化艺术活动。"
    },
    {
      "group_id": "G026",
      "cluster_indexes": [
        28
      ],
      "event_title": "正念与体育结合",
      "reason": "正念练习与体育运动结合的心理健康话题，独立健康/生活方式文章。"
    },
    {
      "group_id": "G027",
      "cluster_indexes": [
        29
      ],
      "event_title": "准爸爸生育心理准备建议",
      "reason": "男性在伴侣生育过程中心理准备建议，独立育儿/心理文章。"
    },
    {
      "group_id": "G028",
      "cluster_indexes": [
        30
      ],
      "event_title": "ZDF Magazine Royale与Böhmermann关系",
      "reason": "德国电视节目ZDF Magazin Royale与主持人Böhmermann关系的报道，独立媒体/娱乐事件。"
    }
  ]
}
================================================================================

================================================================================
TIME: 2026-09-20T11:43:07.583418+08:00
DATE: 2026-09-20
STAGE: STAGE 1B / ROUND 10 / WINDOW 6
MESSAGE: V6.5.3 Global Merge窗口AI输出Coverage异常，进入自动Repair。
DETAILS:
{
  "attempt": 1,
  "duplicate": [
    10,
    15,
    23
  ],
  "missing": [],
  "extra": [],
  "malformed": [],
  "groups": [
    {
      "group_id": "G001",
      "cluster_indexes": [
        1,
        7
      ],
      "event_title": "Trump AI Policy and Appointments",
      "reason": "Cluster 1 (EVT-20260920-000176) 明确判断特朗普宣布AI监测倡议与任命首席AI官员及政策批评属于同一正在持续发展的单一政策事件。Cluster 7 (EVT-20260920-000183) 报道专家Marcel Salathé认为AI末日警告被夸大，这是对特朗普政府AI政策议程中相关争议的直接回应和同一政策辩论的一部分。两者均围绕特朗普政府AI政策这一具体现实事件的不同侧面（政策行动与舆论/专家反应）。"
    },
    {
      "group_id": "G002",
      "cluster_indexes": [
        6
      ],
      "event_title": "NATO and German Military Leadership Appointment",
      "reason": "Cluster 6 (EVT-20260920-000181) 已内部合并为北约及德国军事领导层任命事件，报道德国军事领导职位空缺、政治压力及Carsten Breuer被任命为北约军事委员会主席。这是一个完整的单一现实事件，无需与其他Cluster合并。"
    },
    {
      "group_id": "G003",
      "cluster_indexes": [
        10,
        28
      ],
      "event_title": "German Political Landscape Changes and Alliances",
      "reason": "Cluster 10 (EVT-20260920-000188) 报道Friedrich Merz的总理前景及来自SPD和媒体的政治压力。Cluster 28 (EVT-20260920-000211) 报道AfD在萨克森-安哈尔特的权力诉求及左翼政党的新机会。两者均聚焦于2026年德国大选前后的政治格局重组，属于同一正在发展的单一政治现实事件的不同侧面（主要候选人压力 vs 政党格局变化）。"
    },
    {
      "group_id": "G004",
      "cluster_indexes": [
        15,
        23
      ],
      "event_title": "Trump Administration Restrictions on Media and Greenland Military Agreement",
      "reason": "此组保留原判断，但注意到Cluster 15和23在输入中已被分别判定为不同事件（媒体禁令 vs 格陵兰协议）。根据规则‘同国家不同事件’不得合并，故分开。此处G004仅包含Cluster 15作为其已判定的独立事件。"
    },
    {
      "group_id": "G005",
      "cluster_indexes": [
        15
      ],
      "event_title": "特朗普政府限制媒体白宫准入",
      "reason": "Cluster 15 (EVT-20260920-000193) 已判定为特朗普政府禁止CNN和MSNBC记者进入白宫的单一具体现实事件。虽与Cluster 23同属美国政治，但事件性质不同（媒体准入 vs 地缘军事协议），根据‘同国家不同事件’不得合并原则，保持独立。"
    },
    {
      "group_id": "G006",
      "cluster_indexes": [
        23
      ],
      "event_title": "美国与丹麦格陵兰军事协议",
      "reason": "Cluster 23 (EVT-20260920-000208) 已判定为美国与格陵兰/丹麦军事协议事件，涵盖特朗普获取格陵兰的决心及永久军事基地协议。这是独立的单一地缘政治事件，与Cluster 15（媒体政策）不同，故单独成组。"
    },
    {
      "group_id": "G007",
      "cluster_indexes": [
        2
      ],
      "event_title": "Peter Hermann death",
      "reason": "独立事件：德国演员Peter Hermann去世，无其他Cluster与之相关。"
    },
    {
      "group_id": "G008",
      "cluster_indexes": [
        3
      ],
      "event_title": "BookTok influence on German book covers",
      "reason": "独立事件：分析BookTok趋势对德国书籍封面设计的影响，无其他Cluster与之相关。"
    },
    {
      "group_id": "G009",
      "cluster_indexes": [
        4
      ],
      "event_title": "Celine Dion comeback column",
      "reason": "独立事件：关于Celine Dion重返演出的个人专栏，无其他Cluster与之相关。"
    },
    {
      "group_id": "G010",
      "cluster_indexes": [
        5
      ],
      "event_title": "VfB Stuttgart loses to Borussia Dortmund",
      "reason": "独立事件：德甲比赛结果，VfB斯图加特负于多特蒙德。虽然Cluster 10也涉及德甲，但Cluster 10是多个比赛和教练变动的集合，而Cluster 5是单一具体比赛结果，且已判定为独立事件。根据规则‘同产业不同事件’不得合并，故保持独立。"
    },
    {
      "group_id": "G011",
      "cluster_indexes": [
        8
      ],
      "event_title": "13-year-old car theft in Mecklenburg",
      "reason": "独立事件：梅克伦堡地区13岁少年偷车及警察追逐案，无其他Cluster与之相关。"
    },
    {
      "group_id": "G012",
      "cluster_indexes": [
        9
      ],
      "event_title": "Aaron Sorkin's The Social Reckoning",
      "reason": "独立事件：Aaron Sorkin撰写新项目《The Social Reckoning》，无其他Cluster与之相关。"
    },
    {
      "group_id": "G013",
      "cluster_indexes": [
        10
      ],
      "event_title": "German Football Bundesliga and 2. Bundesliga Results and Changes",
      "reason": "Cluster 10 (EVT-20260920-000186) 已内部合并为德甲和德乙的比赛结果及教练变动事件，涵盖多个具体比赛和人事变动，作为一个整体体育事件组处理，不与Cluster 5（单一比赛）合并。"
    },
    {
      "group_id": "G014",
      "cluster_indexes": [
        11
      ],
      "event_title": "Friedrich Merz political situation",
      "reason": "注：Cluster 11已与Cluster 28合并至G003。此条目不应存在。重新检查：Cluster 11是Friedrich Merz政治状况，Cluster 28是德国政治格局。根据G003的判断，两者合并。因此，剩余的独立Cluster中不包含11和28。此响应将忽略此冗余。"
    },
    {
      "group_id": "G015",
      "cluster_indexes": [
        12
      ],
      "event_title": "Fatty liver disease",
      "reason": "独立事件：关于脂肪肝病因和治疗的医学科普文章，无其他Cluster与之相关。"
    },
    {
      "group_id": "G016",
      "cluster_indexes": [
        13
      ],
      "event_title": "WhatsApp harassment case in Austria",
      "reason": "独立事件：奥地利女子通过WhatsApp收到5000张裸照的骚扰案，无其他Cluster与之相关。"
    },
    {
      "group_id": "G017",
      "cluster_indexes": [
        14
      ],
      "event_title": "Skeleton discovery in China",
      "reason": "独立事件：研究人员在中国发现鼻子被割掉的骨架，无其他Cluster与之相关。"
    },
    {
      "group_id": "G018",
      "cluster_indexes": [
        16
      ],
      "event_title": "Suspicious helpfulness article",
      "reason": "独立事件：关于可疑过度帮助行为的散文，无其他Cluster与之相关。"
    },
    {
      "group_id": "G019",
      "cluster_indexes": [
        17
      ],
      "event_title": "Pressure movie D-Day fact check",
      "reason": "独立事件：核实电影《Pressure》中天气预测是否决定D-Day成功的真实性，无其他Cluster与之相关。"
    },
    {
      "group_id": "G020",
      "cluster_indexes": [
        18
      ],
      "event_title": "Ghana choir in Magdeburg",
      "reason": "独立事件：加纳合唱团在萨克森-安哈尔特表演并被马格德堡欢迎，无其他Cluster与之相关。"
    },
    {
      "group_id": "G021",
      "cluster_indexes": [
        19
      ],
      "event_title": "China tariff fraud challenges",
      "reason": "独立事件：讨论特朗普对中国关税的海关欺诈困难，无其他Cluster与之相关。"
    },
    {
      "group_id": "G022",
      "cluster_indexes": [
        20
      ],
      "event_title": "Turkey supports Saudi Arabia in Iran conflict",
      "reason": "独立事件：土耳其考虑在伊朗战争中对沙特阿拉伯提供军事支持，无其他Cluster与之相关。"
    },
    {
      "group_id": "G023",
      "cluster_indexes": [
        21
      ],
      "event_title": "Holocaust and colonialism comparison",
      "reason": "独立事件：讨论法西斯主义与殖民暴力的可比性，无其他Cluster与之相关。"
    },
    {
      "group_id": "G024",
      "cluster_indexes": [
        22
      ],
      "event_title": "History society WhatsApp pralines",
      "reason": "独立事件：地方历史协会通过WhatsApp分发杏仁糖，无其他Cluster与之相关。"
    },
    {
      "group_id": "G025",
      "cluster_indexes": [
        24
      ],
      "event_title": "里昂双年展艺术活动",
      "reason": "独立事件：关于里昂双年展的艺术展览报道，无其他Cluster与之相关。"
    },
    {
      "group_id": "G026",
      "cluster_indexes": [
        25
      ],
      "event_title": "正念与体育结合",
      "reason": "独立事件：关于正念练习与体育运动结合的心理健康话题，无其他Cluster与之相关。"
    },
    {
      "group_id": "G027",
      "cluster_indexes": [
        26
      ],
      "event_title": "准爸爸生育心理准备建议",
      "reason": "独立事件：关于男性在伴侣生育过程中心理准备的建议文章，无其他Cluster与之相关。"
    },
    {
      "group_id": "G028",
      "cluster_indexes": [
        27
      ],
      "event_title": "ZDF Magazine Royale与Böhmermann关系",
      "reason": "独立事件：关于德国电视节目ZDF Magazin Royale与主持人Böhmermann关系的报道，无其他Cluster与之相关。"
    },
    {
      "group_id": "G029",
      "cluster_indexes": [
        29
      ],
      "event_title": "MMA选手Christian Eckerlin法律问题",
      "reason": "独立事件：关于德国MMA选手Christian Eckerlin涉嫌犯罪的调查报道，无其他Cluster与之相关。"
    },
    {
      "group_id": "G030",
      "cluster_indexes": [
        30
      ],
      "event_title": "向儿童解释政治谎言",
      "reason": "独立事件：关于如何向孩子解释政治人物是否可以说谎的教育话题，无其他Cluster与之相关。"
    }
  ]
}
================================================================================

================================================================================
TIME: 2026-09-20T11:43:23.906163+08:00
DATE: 2026-09-20
STAGE: STAGE 1B / ROUND 10 / WINDOW 6
MESSAGE: Global Merge窗口AI输出经过Repair后恢复正常。
DETAILS:
{
  "repair_attempt": 1,
  "groups": [
    {
      "group_id": "G001",
      "cluster_indexes": [
        1
      ],
      "event_title": "Trump AI Policy and Appointments",
      "reason": "Cluster 1 (EVT-20260920-000176) 已内部合并报道特朗普AI政策、监测倡议及任命首席AI官员。Cluster 7 (EVT-20260920-000183) 报道专家Marcel Salathé认为AI末日警告夸大，属于独立的专家评论文章，非特朗普政府政策动作本身。根据规则'同产业不同事件'及'不确定宁可分开'，保持独立。"
    },
    {
      "group_id": "G002",
      "cluster_indexes": [
        6
      ],
      "event_title": "NATO and German Military Leadership Appointment",
      "reason": "Cluster 6 (EVT-20260920-000181) 已内部合并为北约及德国军事领导层任命事件，是单一现实事件。"
    },
    {
      "group_id": "G003",
      "cluster_indexes": [
        10,
        28
      ],
      "event_title": "German 2026 Political Landscape and Alliance Prospects",
      "reason": "Cluster 10 (EVT-20260920-000188) 报道Merz总理前景及政治压力，Cluster 28 (EVT-20260920-000211) 报道AfD权力诉求及左翼新机会。两者均聚焦2026年德国大选前后政治格局重组，属于同一正在发展的单一政治现实事件的不同侧面。"
    },
    {
      "group_id": "G004",
      "cluster_indexes": [
        15
      ],
      "event_title": "特朗普政府限制媒体白宫准入",
      "reason": "Cluster 15 (EVT-20260920-000193) 已内部合并为特朗普政府禁止CNN和MSNBC记者进入白宫的具体现实事件。"
    },
    {
      "group_id": "G005",
      "cluster_indexes": [
        23
      ],
      "event_title": "美国与丹麦格陵兰军事协议",
      "reason": "Cluster 23 (EVT-20260920-000208) 已内部合并为美国与格陵兰/丹麦军事协议事件。与Cluster 15（媒体政策）属同国家不同事件，不得合并。"
    },
    {
      "group_id": "G006",
      "cluster_indexes": [
        2
      ],
      "event_title": "Peter Hermann death",
      "reason": "独立事件：德国演员Peter Hermann去世。"
    },
    {
      "group_id": "G007",
      "cluster_indexes": [
        3
      ],
      "event_title": "BookTok influence on German book covers",
      "reason": "独立事件：分析BookTok趋势对德国书籍封面设计的影响。"
    },
    {
      "group_id": "G008",
      "cluster_indexes": [
        4
      ],
      "event_title": "Celine Dion comeback column",
      "reason": "独立事件：关于Celine Dion重返演出的个人专栏。"
    },
    {
      "group_id": "G009",
      "cluster_indexes": [
        5
      ],
      "event_title": "VfB Stuttgart loses to Borussia Dortmund",
      "reason": "独立事件：德甲比赛结果。虽Cluster 10也涉及德甲，但属同产业不同具体事件，保持独立。"
    },
    {
      "group_id": "G010",
      "cluster_indexes": [
        7
      ],
      "event_title": "AI doomsday warnings deemed exaggerated",
      "reason": "独立事件：专家Marcel Salathé认为AI灾难预测夸大。"
    },
    {
      "group_id": "G011",
      "cluster_indexes": [
        8
      ],
      "event_title": "13-year-old car theft in Mecklenburg",
      "reason": "独立事件：梅克伦堡少年偷车及警察追逐案。"
    },
    {
      "group_id": "G012",
      "cluster_indexes": [
        9
      ],
      "event_title": "Aaron Sorkin's The Social Reckoning",
      "reason": "独立事件：Aaron Sorkin撰写新项目。"
    },
    {
      "group_id": "G013",
      "cluster_indexes": [
        11
      ],
      "event_title": "Friedrich Merz political situation",
      "reason": "注意：Cluster 11与Cluster 28已在G003合并。此处为保留条目确保覆盖。实际G003已包含两者关联。"
    },
    {
      "group_id": "G014",
      "cluster_indexes": [
        12
      ],
      "event_title": "Fatty liver disease",
      "reason": "独立事件：脂肪肝医学科普。"
    },
    {
      "group_id": "G015",
      "cluster_indexes": [
        13
      ],
      "event_title": "WhatsApp harassment case in Austria",
      "reason": "独立事件：奥地利女子WhatsApp骚扰案。"
    },
    {
      "group_id": "G016",
      "cluster_indexes": [
        14
      ],
      "event_title": "Skeleton discovery in China",
      "reason": "独立事件：中国发现断鼻骨架。"
    },
    {
      "group_id": "G017",
      "cluster_indexes": [
        16
      ],
      "event_title": "Suspicious helpfulness article",
      "reason": "独立事件：关于可疑过度帮助行为的散文。"
    },
    {
      "group_id": "G018",
      "cluster_indexes": [
        17
      ],
      "event_title": "Pressure movie D-Day fact check",
      "reason": "独立事件：电影《Pressure》D-Day天气预测真实性核查。"
    },
    {
      "group_id": "G019",
      "cluster_indexes": [
        18
      ],
      "event_title": "Ghana choir in Magdeburg",
      "reason": "独立事件：加纳合唱团在马格德堡演出。"
    },
    {
      "group_id": "G020",
      "cluster_indexes": [
        19
      ],
      "event_title": "China tariff fraud challenges",
      "reason": "独立事件：特朗普关税海关欺诈困难讨论。"
    },
    {
      "group_id": "G021",
      "cluster_indexes": [
        20
      ],
      "event_title": "Turkey supports Saudi Arabia in Iran conflict",
      "reason": "独立事件：土耳其考虑军事支持沙特对抗伊朗。"
    },
    {
      "group_id": "G022",
      "cluster_indexes": [
        21
      ],
      "event_title": "Holocaust and colonialism comparison",
      "reason": "独立事件：法西斯与殖民暴力可比性讨论。"
    },
    {
      "group_id": "G023",
      "cluster_indexes": [
        22
      ],
      "event_title": "History society WhatsApp pralines",
      "reason": "独立事件：地方历史协会WhatsApp分发杏仁糖。"
    },
    {
      "group_id": "G024",
      "cluster_indexes": [
        24
      ],
      "event_title": "里昂双年展艺术活动",
      "reason": "独立事件：里昂双年展艺术展览报道。"
    },
    {
      "group_id": "G025",
      "cluster_indexes": [
        25
      ],
      "event_title": "正念与体育结合",
      "reason": "独立事件：正念练习与体育运动结合话题。"
    },
    {
      "group_id": "G026",
      "cluster_indexes": [
        26
      ],
      "event_title": "准爸爸生育心理准备建议",
      "reason": "独立事件：男性生育心理准备建议。"
    },
    {
      "group_id": "G027",
      "cluster_indexes": [
        27
      ],
      "event_title": "ZDF Magazine Royale与Böhmermann关系",
      "reason": "独立事件：ZDF节目与主持人关系报道。"
    },
    {
      "group_id": "G028",
      "cluster_indexes": [
        29
      ],
      "event_title": "MMA选手Christian Eckerlin法律问题",
      "reason": "独立事件：MMA选手涉嫌犯罪调查。"
    },
    {
      "group_id": "G029",
      "cluster_indexes": [
        30
      ],
      "event_title": "向儿童解释政治谎言",
      "reason": "独立事件：教育话题关于向孩子解释政治谎言。"
    }
  ]
}
================================================================================

================================================================================
TIME: 2026-09-20T11:46:00.472612+08:00
DATE: 2026-09-20
STAGE: STAGE 1B / ROUND 11 / WINDOW 6
MESSAGE: V6.5.3 Global Merge窗口AI输出Coverage异常，进入自动Repair。
DETAILS:
{
  "attempt": 1,
  "duplicate": [
    10,
    11
  ],
  "missing": [],
  "extra": [],
  "malformed": [],
  "groups": [
    {
      "group_id": "G001",
      "cluster_indexes": [
        1
      ],
      "event_title": "Trump AI Policy and Appointments",
      "reason": "同一正在持续发展的单一政策事件：特朗普政府AI政策。Cluster 1已明确合并了原EVT-20260920-000176、000197、000200，涵盖特朗普宣布AI监测倡议及任命首席AI官员的计划。"
    },
    {
      "group_id": "G002",
      "cluster_indexes": [
        2
      ],
      "event_title": "Peter Hermann death",
      "reason": "独立事件：德国演员Peter Hermann去世。"
    },
    {
      "group_id": "G003",
      "cluster_indexes": [
        3
      ],
      "event_title": "BookTok influence on German book covers",
      "reason": "独立事件：分析BookTok趋势对德国书籍封面设计的影响。"
    },
    {
      "group_id": "G004",
      "cluster_indexes": [
        4
      ],
      "event_title": "Celine Dion comeback column",
      "reason": "独立事件：关于Celine Dion回归演出的个人专栏。"
    },
    {
      "group_id": "G005",
      "cluster_indexes": [
        5
      ],
      "event_title": "VfB Stuttgart loses to Borussia Dortmund",
      "reason": "独立事件：德甲比赛结果，Maximilian Beier进球。"
    },
    {
      "group_id": "G006",
      "cluster_indexes": [
        6
      ],
      "event_title": "NATO and German Military Leadership Appointment",
      "reason": "同一正在持续发展的单一事件：北约及德国高层军事任命。Cluster 6已明确合并了原EVT-20260920-000181、000182、000187，涵盖德国军事领导职位空缺压力及Carsten Breuer被任命为北约军事委员会主席。"
    },
    {
      "group_id": "G007",
      "cluster_indexes": [
        7
      ],
      "event_title": "AI doomsday warnings deemed exaggerated",
      "reason": "独立事件：专家Marcel Salathé认为AI末日预测被夸大。虽然与Cluster 1同属AI话题，但这是独立的专家观点评论，并非特朗普政府政策行动本身。"
    },
    {
      "group_id": "G008",
      "cluster_indexes": [
        8
      ],
      "event_title": "13-year-old car theft in Mecklenburg",
      "reason": "独立事件：梅克伦堡地区青少年偷车及警方追捕事件。"
    },
    {
      "group_id": "G009",
      "cluster_indexes": [
        9
      ],
      "event_title": "Aaron Sorkin's The Social Reckoning",
      "reason": "独立事件：Aaron Sorkin创作新项目The Social Reckoning。"
    },
    {
      "group_id": "G010",
      "cluster_indexes": [
        10
      ],
      "event_title": "German 2026 Political Landscape and Alliance Prospects",
      "reason": "同一正在持续发展的单一政治事件：2026年德国大选前后政治格局重组。Cluster 10已明确合并了原EVT-20260920-000186、000189、000202、000207、000209、000210、000211、000224，涵盖Merz总理前景、AfD权力诉求及左翼新机会等多个侧面。"
    },
    {
      "group_id": "G011",
      "cluster_indexes": [
        11
      ],
      "event_title": "Friedrich Merz political situation",
      "reason": "独立事件：关于Friedrich Merz总理前景及政治压力的报道。虽然与Cluster 10涉及同一人物和政治背景，但Cluster 10已被认定为更广泛的'德国政治格局重组'事件的归并结果，而Cluster 11是独立的Merz个人政治处境报道。根据'不得合并：同人物不同事件'原则，且Cluster 10已完整覆盖相关广泛事件，此处单独列出以避免重复归并争议。然而，仔细审查发现Cluster 11的原始Cluster成员EVT-20260920-000188并未被Cluster 10包含（Cluster 10包含的是000186, 000189, 000202, 000207, 000209, 000210, 000211, 000224），说明EVT-20260920-000188是独立未归并的Merz报道。鉴于Merz政治处境与德国2026政治格局高度相关且属于同一政治现实的不同侧面，应将其归入同一事件。因此，将Cluster 11合并入G010。"
    },
    {
      "group_id": "G010",
      "cluster_indexes": [
        10,
        11
      ],
      "event_title": "German 2026 Political Landscape and Alliance Prospects",
      "reason": "同一正在持续发展的单一政治事件：2026年德国大选前后政治格局重组。Cluster 10（原EVT-20260920-000186等）和Cluster 11（原EVT-20260920-000188）均聚焦于Merz总理前景、AfD权力诉求及左翼机会等德国政治核心议题，属于同一政治现实的不同报道侧面。"
    },
    {
      "group_id": "G012",
      "cluster_indexes": [
        12
      ],
      "event_title": "Fatty liver disease",
      "reason": "独立事件：关于脂肪肝成因和治疗的医学科普文章。"
    },
    {
      "group_id": "G013",
      "cluster_indexes": [
        13
      ],
      "event_title": "WhatsApp harassment case in Austria",
      "reason": "独立事件：奥地利女子通过WhatsApp遭受5000张露骨图像骚扰的案件。"
    },
    {
      "group_id": "G014",
      "cluster_indexes": [
        14
      ],
      "event_title": "Skeleton discovery in China",
      "reason": "独立事件：研究人员在中国发现鼻子被割掉的骨骼遗骸。"
    },
    {
      "group_id": "G015",
      "cluster_indexes": [
        15
      ],
      "event_title": "特朗普政府限制媒体白宫准入",
      "reason": "同一具体现实事件：特朗普政府禁止CNN和MSNBC记者进入白宫。Cluster 15已明确合并了原EVT-20260920-000193、000194、000212，涵盖英文和中文报道。"
    },
    {
      "group_id": "G016",
      "cluster_indexes": [
        16
      ],
      "event_title": "Suspicious helpfulness article",
      "reason": "独立事件：关于可疑过度 helpful 行为的散文。"
    },
    {
      "group_id": "G017",
      "cluster_indexes": [
        17
      ],
      "event_title": "Pressure movie D-Day fact check",
      "reason": "独立事件：对电影Pressure中关于天气预测决定D日成功的真实性核查。"
    },
    {
      "group_id": "G018",
      "cluster_indexes": [
        18
      ],
      "event_title": "Ghana choir in Magdeburg",
      "reason": "独立事件：加纳合唱团在萨克森-安哈尔特州表演并受到马格德堡欢迎。"
    },
    {
      "group_id": "G019",
      "cluster_indexes": [
        19
      ],
      "event_title": "China tariff fraud challenges",
      "reason": "独立事件：讨论与特朗普对华关税相关的海关欺诈困难。"
    },
    {
      "group_id": "G020",
      "cluster_indexes": [
        20
      ],
      "event_title": "Turkey supports Saudi Arabia in Iran conflict",
      "reason": "独立事件：土耳其考虑在伊朗战争中向沙特阿拉伯提供军事支持。"
    },
    {
      "group_id": "G021",
      "cluster_indexes": [
        21
      ],
      "event_title": "Holocaust and colonialism comparison",
      "reason": "独立事件：关于法西斯主义和殖民主义暴力可比性的讨论。"
    },
    {
      "group_id": "G022",
      "cluster_indexes": [
        22
      ],
      "event_title": "History society WhatsApp pralines",
      "reason": "独立事件：地方历史协会通过WhatsApp分发糖果。"
    },
    {
      "group_id": "G023",
      "cluster_indexes": [
        23
      ],
      "event_title": "美国与丹麦格陵兰军事协议",
      "reason": "同一正在发展的单一现实事件：美国与格陵兰/丹麦军事协议。Cluster 23已明确合并了原EVT-20260920-000208、000213、000216，涵盖特朗普表达获取格陵兰的决心以及美丹就美国在格陵兰建立永久军事基地达成新协议。"
    },
    {
      "group_id": "G024",
      "cluster_indexes": [
        24
      ],
      "event_title": "里昂双年展艺术活动",
      "reason": "独立事件：关于里昂双年展的艺术展览报道。"
    },
    {
      "group_id": "G025",
      "cluster_indexes": [
        25
      ],
      "event_title": "正念与体育结合",
      "reason": "独立事件：关于正念练习与体育运动结合的心理健康话题。"
    },
    {
      "group_id": "G026",
      "cluster_indexes": [
        26
      ],
      "event_title": "准爸爸生育心理准备建议",
      "reason": "独立事件：关于男性在伴侣生育过程中心理准备的建议文章。"
    },
    {
      "group_id": "G027",
      "cluster_indexes": [
        27
      ],
      "event_title": "ZDF Magazine Royale与Böhmermann关系",
      "reason": "独立事件：关于德国电视节目ZDF Magazin Royale与主持人Böhmermann关系的报道。"
    },
    {
      "group_id": "G028",
      "cluster_indexes": [
        28
      ],
      "event_title": "MMA选手Christian Eckerlin法律问题",
      "reason": "独立事件：关于德国MMA选手Christian Eckerlin涉嫌犯罪的调查报道。"
    },
    {
      "group_id": "G029",
      "cluster_indexes": [
        29
      ],
      "event_title": "向儿童解释政治谎言",
      "reason": "独立事件：关于如何向孩子解释政治人物是否可以说谎的教育话题。"
    },
    {
      "group_id": "G030",
      "cluster_indexes": [
        30
      ],
      "event_title": "俄罗斯牺牲意愿分析",
      "reason": "独立事件：F.A.Z.对俄罗斯在战争中牺牲意愿的分析文章。"
    }
  ]
}
================================================================================

================================================================================
TIME: 2026-09-20T11:46:19.273247+08:00
DATE: 2026-09-20
STAGE: STAGE 1B / ROUND 11 / WINDOW 6
MESSAGE: Global Merge窗口AI输出经过Repair后恢复正常。
DETAILS:
{
  "repair_attempt": 1,
  "groups": [
    {
      "group_id": "G001",
      "cluster_indexes": [
        1
      ],
      "event_title": "Trump AI Policy and Appointments",
      "reason": "同一正在持续发展的单一政策事件：特朗普政府AI政策。Cluster 1已明确合并了原EVT-20260920-000176、000197、000200，涵盖特朗普宣布AI监测倡议及任命首席AI官员的计划。"
    },
    {
      "group_id": "G002",
      "cluster_indexes": [
        2
      ],
      "event_title": "Peter Hermann death",
      "reason": "独立事件：德国演员Peter Hermann去世。"
    },
    {
      "group_id": "G003",
      "cluster_indexes": [
        3
      ],
      "event_title": "BookTok influence on German book covers",
      "reason": "独立事件：分析BookTok趋势对德国书籍封面设计的影响。"
    },
    {
      "group_id": "G004",
      "cluster_indexes": [
        4
      ],
      "event_title": "Celine Dion comeback column",
      "reason": "独立事件：关于Celine Dion回归演出的个人专栏。"
    },
    {
      "group_id": "G005",
      "cluster_indexes": [
        5
      ],
      "event_title": "VfB Stuttgart loses to Borussia Dortmund",
      "reason": "独立事件：德甲比赛结果，Maximilian Beier进球。"
    },
    {
      "group_id": "G006",
      "cluster_indexes": [
        6
      ],
      "event_title": "NATO and German Military Leadership Appointment",
      "reason": "同一正在持续发展的单一事件：北约及德国高层军事任命。Cluster 6已明确合并了原EVT-20260920-000181、000182、000187，涵盖德国军事领导职位空缺压力及Carsten Breuer被任命为北约军事委员会主席。"
    },
    {
      "group_id": "G007",
      "cluster_indexes": [
        7
      ],
      "event_title": "AI doomsday warnings deemed exaggerated",
      "reason": "独立事件：专家Marcel Salathé认为AI末日预测被夸大。虽然与Cluster 1同属AI话题，但这是独立的专家观点评论，并非特朗普政府政策行动本身。"
    },
    {
      "group_id": "G008",
      "cluster_indexes": [
        8
      ],
      "event_title": "13-year-old car theft in Mecklenburg",
      "reason": "独立事件：梅克伦堡地区青少年偷车及警方追捕事件。"
    },
    {
      "group_id": "G009",
      "cluster_indexes": [
        9
      ],
      "event_title": "Aaron Sorkin's The Social Reckoning",
      "reason": "独立事件：Aaron Sorkin创作新项目The Social Reckoning。"
    },
    {
      "group_id": "G010",
      "cluster_indexes": [
        10,
        11
      ],
      "event_title": "German 2026 Political Landscape and Alliance Prospects",
      "reason": "同一正在持续发展的单一政治事件：2026年德国大选前后政治格局重组。Cluster 10（原EVT-20260920-000186等）和Cluster 11（原EVT-20260920-000188）均聚焦于Merz总理前景、AfD权力诉求及左翼机会等德国政治核心议题，属于同一政治现实的不同报道侧面。"
    },
    {
      "group_id": "G011",
      "cluster_indexes": [
        12
      ],
      "event_title": "Fatty liver disease",
      "reason": "独立事件：关于脂肪肝成因和治疗的医学科普文章。"
    },
    {
      "group_id": "G012",
      "cluster_indexes": [
        13
      ],
      "event_title": "WhatsApp harassment case in Austria",
      "reason": "独立事件：奥地利女子通过WhatsApp遭受5000张露骨图像骚扰的案件。"
    },
    {
      "group_id": "G013",
      "cluster_indexes": [
        14
      ],
      "event_title": "Skeleton discovery in China",
      "reason": "独立事件：研究人员在中国发现鼻子被割掉的骨骼遗骸。"
    },
    {
      "group_id": "G014",
      "cluster_indexes": [
        15
      ],
      "event_title": "特朗普政府限制媒体白宫准入",
      "reason": "同一具体现实事件：特朗普政府禁止CNN和MSNBC记者进入白宫。Cluster 15已明确合并了原EVT-20260920-000193、000194、000212，涵盖英文和中文报道。"
    },
    {
      "group_id": "G015",
      "cluster_indexes": [
        16
      ],
      "event_title": "Suspicious helpfulness article",
      "reason": "独立事件：关于可疑过度 helpful 行为的散文。"
    },
    {
      "group_id": "G016",
      "cluster_indexes": [
        17
      ],
      "event_title": "Pressure movie D-Day fact check",
      "reason": "独立事件：对电影Pressure中关于天气预测决定D日成功的真实性核查。"
    },
    {
      "group_id": "G017",
      "cluster_indexes": [
        18
      ],
      "event_title": "Ghana choir in Magdeburg",
      "reason": "独立事件：加纳合唱团在萨克森-安哈尔特州表演并受到马格德堡欢迎。"
    },
    {
      "group_id": "G018",
      "cluster_indexes": [
        19
      ],
      "event_title": "China tariff fraud challenges",
      "reason": "独立事件：讨论与特朗普对华关税相关的海关欺诈困难。"
    },
    {
      "group_id": "G019",
      "cluster_indexes": [
        20
      ],
      "event_title": "Turkey supports Saudi Arabia in Iran conflict",
      "reason": "独立事件：土耳其考虑在伊朗战争中向沙特阿拉伯提供军事支持。"
    },
    {
      "group_id": "G020",
      "cluster_indexes": [
        21
      ],
      "event_title": "Holocaust and colonialism comparison",
      "reason": "独立事件：关于法西斯主义和殖民主义暴力可比性的讨论。"
    },
    {
      "group_id": "G021",
      "cluster_indexes": [
        22
      ],
      "event_title": "History society WhatsApp pralines",
      "reason": "独立事件：地方历史协会通过WhatsApp分发糖果。"
    },
    {
      "group_id": "G022",
      "cluster_indexes": [
        23
      ],
      "event_title": "美国与丹麦格陵兰军事协议",
      "reason": "同一正在发展的单一现实事件：美国与格陵兰/丹麦军事协议。Cluster 23已明确合并了原EVT-20260920-000208、000213、000216，涵盖特朗普表达获取格陵兰的决心以及美丹就美国在格陵兰建立永久军事基地达成新协议。"
    },
    {
      "group_id": "G023",
      "cluster_indexes": [
        24
      ],
      "event_title": "里昂双年展艺术活动",
      "reason": "独立事件：关于里昂双年展的艺术展览报道。"
    },
    {
      "group_id": "G024",
      "cluster_indexes": [
        25
      ],
      "event_title": "正念与体育结合",
      "reason": "独立事件：关于正念练习与体育运动结合的心理健康话题。"
    },
    {
      "group_id": "G025",
      "cluster_indexes": [
        26
      ],
      "event_title": "准爸爸生育心理准备建议",
      "reason": "独立事件：关于男性在伴侣生育过程中心理准备的建议文章。"
    },
    {
      "group_id": "G026",
      "cluster_indexes": [
        27
      ],
      "event_title": "ZDF Magazine Royale与Böhmermann关系",
      "reason": "独立事件：关于德国电视节目ZDF Magazin Royale与主持人Böhmermann关系的报道。"
    },
    {
      "group_id": "G027",
      "cluster_indexes": [
        28
      ],
      "event_title": "MMA选手Christian Eckerlin法律问题",
      "reason": "独立事件：关于德国MMA选手Christian Eckerlin涉嫌犯罪的调查报道。"
    },
    {
      "group_id": "G028",
      "cluster_indexes": [
        29
      ],
      "event_title": "向儿童解释政治谎言",
      "reason": "独立事件：关于如何向孩子解释政治人物是否可以说谎的教育话题。"
    },
    {
      "group_id": "G029",
      "cluster_indexes": [
        30
      ],
      "event_title": "俄罗斯牺牲意愿分析",
      "reason": "独立事件：F.A.Z.对俄罗斯在战争中牺牲意愿的分析文章。"
    }
  ]
}
================================================================================

================================================================================
TIME: 2026-09-20T11:47:53.765767+08:00
DATE: 2026-09-20
STAGE: STAGE 1B / ROUND 12 / WINDOW 2
MESSAGE: V6.5.3 Global Merge窗口AI输出Coverage异常，进入自动Repair。
DETAILS:
{
  "attempt": 1,
  "duplicate": [],
  "missing": [],
  "extra": [
    31
  ],
  "malformed": [],
  "groups": [
    {
      "group_id": "G001",
      "cluster_indexes": [
        1,
        2,
        3,
        4,
        5,
        6,
        7,
        8,
        9,
        10,
        11,
        12,
        13
      ],
      "event_title": "中国发展与社会文化事件集锦",
      "reason": "所有Cluster均来自中国媒体，涵盖经济数据、丰收景象、区域发展、入境游、外交展览、公共服务、红色文化及艺术栏目，属于同一国家在同一日期发布的综合新闻报道集合，虽无单一事件核心，但均为中国国内事务报道，彼此独立不构成单一具体现实事件，故按原样分列但统一归因为中国当日新闻内容。注：严格遵循不得合并规则，实际各Cluster应保持独立，但因输出格式限制展示为分组结构。鉴于规则严格要求‘不得合并：同国家不同事件’，上述Clusters之间无共同具体事件，应全部拆分为独立group。"
    },
    {
      "group_id": "G002",
      "cluster_indexes": [
        14
      ],
      "event_title": "尼泊尔Z世代气候行动",
      "reason": "单一独立事件：尼泊尔年轻一代推动应对全球污染的气候行动，无其他Cluster与之构成同一具体现实事件。"
    },
    {
      "group_id": "G003",
      "cluster_indexes": [
        15
      ],
      "event_title": "纽约州滑翔机事故",
      "reason": "单一独立事件：涉及滑翔机撞机事故导致死亡的具体事故，与Cluster 16（徒步者获救）虽同处纽约州但性质不同，根据规则不得合并。"
    },
    {
      "group_id": "G004",
      "cluster_indexes": [
        16
      ],
      "event_title": "纽约州徒步者获救事件",
      "reason": "单一独立事件：户外救援事件，与Cluster 15滑翔机事故虽同地点但不同事件，根据规则不得合并。"
    },
    {
      "group_id": "G005",
      "cluster_indexes": [
        17
      ],
      "event_title": "美国农民国会救济困境",
      "reason": "单一独立事件：美国农民寻求国会救济受阻，无其他Cluster与之关联。"
    },
    {
      "group_id": "G006",
      "cluster_indexes": [
        18
      ],
      "event_title": "Hasan Piker支持AOC 2028竞选",
      "reason": "单一独立事件：政治人物Hasan Piker公开支持AOC竞选，无其他Cluster与之构成同一具体事件。"
    },
    {
      "group_id": "G007",
      "cluster_indexes": [
        19
      ],
      "event_title": "Sharon Stone脑手术争议",
      "reason": "单一独立事件：名人Sharon Stone指控前夫未经同意进行脑手术，属个人法律/医疗争议，与其他Cluster无关。"
    },
    {
      "group_id": "G008",
      "cluster_indexes": [
        20
      ],
      "event_title": "Caesars体育博彩UFC促销",
      "reason": "单一独立事件：特定博彩公司在特定赛事(UFC 331)的促销活动，与Cluster 21其他博彩促销属同产业不同事件，根据规则不得合并。"
    },
    {
      "group_id": "G009",
      "cluster_indexes": [
        21
      ],
      "event_title": "体育博彩公司大学橄榄球促销推广活动",
      "reason": "单一独立事件：多个博彩平台针对大学橄榄球的独立促销活动，虽为多平台但属同一主题下的并行商业行为，根据规则‘不得合并：同产业不同事件’应保持分开，但此处作为同类型产业促销集合呈现。严格按规则，每个博彩商促销应为独立group，但因输入中已合并为Cluster 21，故保留为单一group。"
    },
    {
      "group_id": "G010",
      "cluster_indexes": [
        22
      ],
      "event_title": "Chase Daniel SEC Nation言论事件",
      "reason": "单一独立事件：体育评论员Chase Daniel发表争议言论引发连锁反应，与其他Cluster无关联。"
    },
    {
      "group_id": "G011",
      "cluster_indexes": [
        23
      ],
      "event_title": "理查德布兰森妻子死亡调查",
      "reason": "单一独立事件：名人家属死亡后的验尸调查结果发布，属具体法律/新闻事件，无其他Cluster与之关联。"
    },
    {
      "group_id": "G012",
      "cluster_indexes": [
        24
      ],
      "event_title": "美国与丹麦格陵兰安全协议",
      "reason": "单一独立事件：特朗普宣布与美国盟友丹麦达成格陵兰安全协议，属地缘政治具体事件，与其他Cluster无关。"
    },
    {
      "group_id": "G013",
      "cluster_indexes": [
        25
      ],
      "event_title": "肯尼迪中心抗议活动",
      "reason": "单一独立事件：抗议者在肯尼迪中心组成人链反对特朗普政策威胁，属具体政治抗议事件，与其他Cluster无关联。"
    },
    {
      "group_id": "G014",
      "cluster_indexes": [
        26
      ],
      "event_title": "英国Strictly Come Dancing新一季开播",
      "reason": "单一独立事件：英国电视节目新季度开播及舞者配对公布，属娱乐新闻具体事件，与其他Cluster无关。"
    },
    {
      "group_id": "G015",
      "cluster_indexes": [
        27
      ],
      "event_title": "苏格兰应对新型致命药物危机",
      "reason": "单一独立事件：苏格兰政府或社会应对新型毒品危机的举措，属公共卫生具体事件，与其他Cluster无关。"
    },
    {
      "group_id": "G016",
      "cluster_indexes": [
        28
      ],
      "event_title": "印尼学生恋爱结婚事件",
      "reason": "单一独立事件：印尼两名曾曝光校长违规的学生恋爱结婚的社会新闻，属具体人物故事，与其他Cluster无关。"
    },
    {
      "group_id": "G017",
      "cluster_indexes": [
        29
      ],
      "event_title": "全球冲突中文化古迹破坏问题",
      "reason": "单一独立事件：报道全球范围内文化古迹在冲突中遭受破坏的普遍性现象，属国际人道/文化遗产主题，与其他Cluster无关。"
    },
    {
      "group_id": "G018",
      "cluster_indexes": [
        30
      ],
      "event_title": "英国及苏格兰体育俱乐部赛季表现",
      "reason": "单一独立事件：该Cluster已包含布莱顿、考文垂、英格兰板球队、凯尔特人等多支球队的赛事结果，虽涉及不同俱乐部但被原文合并为同一报道批次。根据规则‘不得合并：同产业不同事件’，严格应分开，但因输入已合并为Cluster 30，故保留为单一group。"
    },
    {
      "group_id": "G019",
      "cluster_indexes": [
        31
      ],
      "event_title": "澳大利亚珀斯鲨鱼袭击致死事件",
      "reason": "单一独立事件：珀斯海滩游泳者被鲨鱼咬死及随后的捕鲨令，属具体安全事故事件，与其他Cluster无关。"
    }
  ]
}
================================================================================

================================================================================
TIME: 2026-09-20T11:48:11.472820+08:00
DATE: 2026-09-20
STAGE: STAGE 1B / ROUND 12 / WINDOW 2
MESSAGE: Global Merge窗口AI输出经过Repair后恢复正常。
DETAILS:
{
  "repair_attempt": 1,
  "groups": [
    {
      "group_id": "G001",
      "cluster_indexes": [
        1
      ],
      "event_title": "中国收入增速分析",
      "reason": "单一独立事件：中国前8月收入增速高于业务量增速的经济数据分析报道，无其他Cluster与之构成同一具体现实事件。"
    },
    {
      "group_id": "G002",
      "cluster_indexes": [
        2
      ],
      "event_title": "中国丰收图景",
      "reason": "单一独立事件：报道中国多彩丰收景象，与其他Cluster无关联。"
    },
    {
      "group_id": "G003",
      "cluster_indexes": [
        3
      ],
      "event_title": "长江边的中国潮涌",
      "reason": "单一独立事件：报道长江沿岸发展变化，与其他Cluster无关联。"
    },
    {
      "group_id": "G004",
      "cluster_indexes": [
        4
      ],
      "event_title": "中国入境游受阿拉伯国家青睐",
      "reason": "单一独立事件：报道中国入境游在阿拉伯国家受欢迎，与其他Cluster无关联。"
    },
    {
      "group_id": "G005",
      "cluster_indexes": [
        5
      ],
      "event_title": "中国常驻日内瓦代表团无障碍展览",
      "reason": "单一独立事件：中国常驻日内瓦代表团举办人人享有无障碍主题展览，与其他Cluster无关联。"
    },
    {
      "group_id": "G006",
      "cluster_indexes": [
        6
      ],
      "event_title": "公园+服务理念",
      "reason": "单一独立事件：编辑手记论述做好公园+服务群众需求，与其他Cluster无关联。"
    },
    {
      "group_id": "G007",
      "cluster_indexes": [
        7
      ],
      "event_title": "坨坨饺唤起鱼水情",
      "reason": "单一独立事件：记者再走长征路报道坨坨饺故事，与其他Cluster无关联。"
    },
    {
      "group_id": "G008",
      "cluster_indexes": [
        8
      ],
      "event_title": "中国女子手球队首胜",
      "reason": "单一独立事件：中国女子手球队取得比赛首胜，与其他Cluster无关联。"
    },
    {
      "group_id": "G009",
      "cluster_indexes": [
        9
      ],
      "event_title": "报纸责编名单",
      "reason": "单一独立事件：本版责编署名信息，作为独立元数据事件处理。"
    },
    {
      "group_id": "G010",
      "cluster_indexes": [
        10
      ],
      "event_title": "同心共绘山海情",
      "reason": "单一独立事件：报道山海协作相关主题内容，与其他Cluster无关联。"
    },
    {
      "group_id": "G011",
      "cluster_indexes": [
        11
      ],
      "event_title": "凝铸信仰与力量",
      "reason": "单一独立事件：报道信仰与力量主题内容，与其他Cluster无关联。"
    },
    {
      "group_id": "G012",
      "cluster_indexes": [
        12
      ],
      "event_title": "重识书画典则",
      "reason": "单一独立事件：艺坛走笔探讨书画经典法则，与其他Cluster无关联。"
    },
    {
      "group_id": "G013",
      "cluster_indexes": [
        13
      ],
      "event_title": "展长卷访名园",
      "reason": "单一独立事件：读画栏目报道长卷与名园，与其他Cluster无关联。"
    },
    {
      "group_id": "G014",
      "cluster_indexes": [
        14
      ],
      "event_title": "尼泊尔Z世代气候行动",
      "reason": "单一独立事件：尼泊尔年轻一代推动应对全球污染的气候行动，无其他Cluster与之构成同一具体现实事件。"
    },
    {
      "group_id": "G015",
      "cluster_indexes": [
        15
      ],
      "event_title": "纽约州滑翔机事故",
      "reason": "单一独立事件：涉及滑翔机撞机事故导致死亡的具体事故，与Cluster 16（徒步者获救）虽同处纽约州但性质不同，根据规则不得合并。"
    },
    {
      "group_id": "G016",
      "cluster_indexes": [
        16
      ],
      "event_title": "纽约州徒步者获救事件",
      "reason": "单一独立事件：户外救援事件，与Cluster 15滑翔机事故虽同地点但不同事件，根据规则不得合并。"
    },
    {
      "group_id": "G017",
      "cluster_indexes": [
        17
      ],
      "event_title": "美国农民国会救济困境",
      "reason": "单一独立事件：美国农民寻求国会救济受阻，无其他Cluster与之关联。"
    },
    {
      "group_id": "G018",
      "cluster_indexes": [
        18
      ],
      "event_title": "Hasan Piker支持AOC 2028竞选",
      "reason": "单一独立事件：政治人物Hasan Piker公开支持AOC竞选，无其他Cluster与之构成同一具体事件。"
    },
    {
      "group_id": "G019",
      "cluster_indexes": [
        19
      ],
      "event_title": "Sharon Stone脑手术争议",
      "reason": "单一独立事件：名人Sharon Stone指控前夫未经同意进行脑手术，属个人法律/医疗争议，与其他Cluster无关。"
    },
    {
      "group_id": "G020",
      "cluster_indexes": [
        20
      ],
      "event_title": "Caesars体育博彩UFC促销",
      "reason": "单一独立事件：特定博彩公司在特定赛事(UFC 331)的促销活动，与Cluster 21其他博彩促销属同产业不同事件，根据规则不得合并。"
    },
    {
      "group_id": "G021",
      "cluster_indexes": [
        21
      ],
      "event_title": "体育博彩公司大学橄榄球促销推广活动",
      "reason": "该Cluster已包含Caesars Sportsbook、Dabble、Betr三家平台针对大学橄榄球的独立促销活动。根据规则‘不得合并：同产业不同事件’，这些是独立的商业促销事件，但因输入中已合并为Cluster 21，故保留为单一group处理。"
    },
    {
      "group_id": "G022",
      "cluster_indexes": [
        22
      ],
      "event_title": "理查德布兰森妻子死亡调查",
      "reason": "单一独立事件：名人家属死亡后的验尸调查结果发布，属具体法律/新闻事件，无其他Cluster与之关联。"
    },
    {
      "group_id": "G023",
      "cluster_indexes": [
        23
      ],
      "event_title": "美国与丹麦格陵兰安全协议",
      "reason": "单一独立事件：特朗普宣布与美国盟友丹麦达成格陵兰安全协议，属地缘政治具体事件，与其他Cluster无关。"
    },
    {
      "group_id": "G024",
      "cluster_indexes": [
        24
      ],
      "event_title": "肯尼迪中心抗议活动",
      "reason": "单一独立事件：抗议者在肯尼迪中心组成人链反对特朗普政策威胁，属具体政治抗议事件，与其他Cluster无关联。"
    },
    {
      "group_id": "G025",
      "cluster_indexes": [
        25
      ],
      "event_title": "Strictly Come Dancing New Season",
      "reason": "单一独立事件：英国电视节目新季度开播及舞者配对公布，属娱乐新闻具体事件，与其他Cluster无关。"
    },
    {
      "group_id": "G026",
      "cluster_indexes": [
        26
      ],
      "event_title": "Scotland Drug Addiction Crisis",
      "reason": "单一独立事件：苏格兰政府或社会应对新型毒品危机的举措，属公共卫生具体事件，与其他Cluster无关。"
    },
    {
      "group_id": "G027",
      "cluster_indexes": [
        27
      ],
      "event_title": "Indonesian Students Marriage",
      "reason": "单一独立事件：印尼两名曾曝光校长违规的学生恋爱结婚的社会新闻，属具体人物故事，与其他Cluster无关。"
    },
    {
      "group_id": "G028",
      "cluster_indexes": [
        28
      ],
      "event_title": "Cultural Monuments War Destruction",
      "reason": "单一独立事件：报道全球范围内文化古迹在冲突中遭受破坏的普遍性现象，属国际人道/文化遗产主题，与其他Cluster无关。"
    },
    {
      "group_id": "G029",
      "cluster_indexes": [
        29
      ],
      "event_title": "英国及苏格兰体育俱乐部赛季表现",
      "reason": "该Cluster已包含布莱顿、考文垂、英格兰板球队、凯尔特人等多支球队的赛事结果。根据规则‘不得合并：同产业不同事件’，严格应分开，但因输入已合并为Cluster 29，故保留为单一group。"
    },
    {
      "group_id": "G030",
      "cluster_indexes": [
        30
      ],
      "event_title": "Perth Shark Attack Fatality",
      "reason": "单一独立事件：澳大利亚珀斯海滩游泳者被鲨鱼咬死及随后的捕鲨令，属具体安全事故事件，与其他Cluster无关。"
    }
  ]
}
================================================================================

================================================================================
TIME: 2026-09-20T11:50:19.000037+08:00
DATE: 2026-09-20
STAGE: STAGE 1B / ROUND 13 / WINDOW 2
MESSAGE: V6.5.3 Global Merge窗口AI输出Coverage异常，进入自动Repair。
DETAILS:
{
  "attempt": 1,
  "duplicate": [
    14
  ],
  "missing": [],
  "extra": [],
  "malformed": [],
  "groups": [
    {
      "group_id": "G001",
      "cluster_indexes": [
        1
      ],
      "event_title": "中国丰收图景",
      "reason": "报道中国多彩丰收景象，为单一独立事件。"
    },
    {
      "group_id": "G002",
      "cluster_indexes": [
        2
      ],
      "event_title": "长江边的中国潮涌",
      "reason": "报道长江沿岸发展变化，为单一独立事件。"
    },
    {
      "group_id": "G003",
      "cluster_indexes": [
        3
      ],
      "event_title": "中国入境游受阿拉伯国家青睐",
      "reason": "报道中国入境游在阿拉伯国家受到欢迎，为单一独立事件。"
    },
    {
      "group_id": "G004",
      "cluster_indexes": [
        4
      ],
      "event_title": "中国常驻日内瓦代表团无障碍展览",
      "reason": "中国常驻日内瓦代表团举办人人享有无障碍主题展览，为单一独立事件。"
    },
    {
      "group_id": "G005",
      "cluster_indexes": [
        5
      ],
      "event_title": "公园+服务理念",
      "reason": "编辑手记论述做好公园+服务群众需求，为单一独立事件。"
    },
    {
      "group_id": "G006",
      "cluster_indexes": [
        6
      ],
      "event_title": "坨坨饺唤起鱼水情",
      "reason": "记者再走长征路报道坨坨饺故事，为单一独立事件。"
    },
    {
      "group_id": "G007",
      "cluster_indexes": [
        7
      ],
      "event_title": "中国女子手球队首胜",
      "reason": "中国女子手球队取得比赛首胜，为单一独立体育事件。"
    },
    {
      "group_id": "G008",
      "cluster_indexes": [
        8
      ],
      "event_title": "报纸责编名单",
      "reason": "本版责编署名信息，为元数据类单一事件。"
    },
    {
      "group_id": "G009",
      "cluster_indexes": [
        9
      ],
      "event_title": "同心共绘山海情",
      "reason": "报道山海协作相关主题内容，为单一独立事件。"
    },
    {
      "group_id": "G010",
      "cluster_indexes": [
        10
      ],
      "event_title": "凝铸信仰与力量",
      "reason": "报道信仰与力量主题内容，为单一独立事件。"
    },
    {
      "group_id": "G011",
      "cluster_indexes": [
        11
      ],
      "event_title": "重识书画典则",
      "reason": "艺坛走笔探讨书画经典法则，为单一独立文化事件。"
    },
    {
      "group_id": "G012",
      "cluster_indexes": [
        12
      ],
      "event_title": "展长卷访名园",
      "reason": "读画栏目报道长卷与名园，为单一独立文化事件。"
    },
    {
      "group_id": "G013",
      "cluster_indexes": [
        13
      ],
      "event_title": "尼泊尔Z世代气候行动",
      "reason": "尼泊尔年轻一代应对全球污染者推动气候灾难行动，为单一独立国际事件。"
    },
    {
      "group_id": "G014",
      "cluster_indexes": [
        14
      ],
      "event_title": "纽约州户外安全事故系列",
      "reason": "包含徒步者获救与滑翔机撞机事故两起不同具体事故，虽同处纽约州但性质完全不同，属于不同具体现实事件，故在此作为一个包含两个独立子事件的组保留（注：根据规则不得合并同国家不同事件，此处仅做索引列出，实际为两个独立事件）；鉴于输出格式限制且两事件均已在原Cluster中判定分开，此处单独列出以符合覆盖要求，但实际上它们不应合并。*修正：根据指令'不得合并：同国家不同事件'，这两起事故绝对不可合并。由于它们是独立的，我将把它们放在单独的组中，或者如果必须在同一个JSON结构中处理所有30个Cluster，我需要将它们分开。* -> 更新为分开处理。"
    },
    {
      "group_id": "G015",
      "cluster_indexes": [
        14
      ],
      "event_title": "纽约州滑翔机事故及徒步者获救",
      "reason": "该Cluster内部已包含两个不同事件（滑翔机事故和徒步者获救），但Cluster本身被视为一个输入单元。根据指令'不得合并：同国家不同事件'，这两个具体事故不能归并为一个单一现实事件。然而，由于它们已经在同一个输入Cluster中，此处作为该Cluster的归属输出。*"
    },
    {
      "group_id": "G016",
      "cluster_indexes": [
        15
      ],
      "event_title": "美国农民国会救济困境",
      "reason": "美国农民寻求国会救济面临阻碍，为单一独立政治/经济事件。"
    },
    {
      "group_id": "G017",
      "cluster_indexes": [
        16
      ],
      "event_title": "Hasan Piker支持AOC竞选",
      "reason": "Hasan Piker表示将支持AOC 2028年竞选，为单一独立政治人物事件。"
    },
    {
      "group_id": "G018",
      "cluster_indexes": [
        17
      ],
      "event_title": "Sharon Stone脑手术争议",
      "reason": "Sharon Stone指控前夫未经同意为其进行脑手术，为单一独立娱乐界法律事件。"
    },
    {
      "group_id": "G019",
      "cluster_indexes": [
        18
      ],
      "event_title": "Caesars体育博彩UFC促销",
      "reason": "Caesars Sportsbook UFC 331 promo活动，为单一独立商业促销事件。"
    },
    {
      "group_id": "G020",
      "cluster_indexes": [
        19
      ],
      "event_title": "Chase Daniel SEC Nation事件",
      "reason": "Chase Daniel对佛罗里达发表贬损言论引发Tim Tebow不满，为单一独立体育人物言论事件。"
    },
    {
      "group_id": "G021",
      "cluster_indexes": [
        20
      ],
      "event_title": "体育博彩公司大学橄榄球促销推广活动",
      "reason": "该Cluster包含三个不同博彩平台（Caesars, Dabble, Betr）的独立促销活动。根据规则'不得合并：同产业不同事件'，它们不应合并为一个事件，但它们已在输入中聚类。此处作为该输入单元的归属。*"
    },
    {
      "group_id": "G022",
      "cluster_indexes": [
        21
      ],
      "event_title": "理查德布兰森妻子死亡调查",
      "reason": "理查德布兰森妻子去世验尸报告发现可能因药物缺失未能存活，为单一独立名人/法律调查事件。"
    },
    {
      "group_id": "G023",
      "cluster_indexes": [
        22
      ],
      "event_title": "美国与丹麦格陵兰安全协议",
      "reason": "特朗普宣布美国与丹麦达成格陵兰安全协议，为单一独立国际地缘政治事件。"
    },
    {
      "group_id": "G024",
      "cluster_indexes": [
        23
      ],
      "event_title": "肯尼迪中心抗议活动",
      "reason": "抗议者在肯尼迪中心组成人链反对特朗普拆毁威胁，为单一独立社会抗议事件。"
    },
    {
      "group_id": "G025",
      "cluster_indexes": [
        24
      ],
      "event_title": "Strictly Come Dancing New Season",
      "reason": "英国电视节目新一季开播及明星舞者配对公布，为单一独立娱乐节目事件。"
    },
    {
      "group_id": "G026",
      "cluster_indexes": [
        25
      ],
      "event_title": "Scotland Drug Addiction Crisis",
      "reason": "苏格兰应对新型致命药物对成瘾斗争的影响，为单一独立公共健康/社会事件。"
    },
    {
      "group_id": "G027",
      "cluster_indexes": [
        26
      ],
      "event_title": "Indonesian Students Marriage",
      "reason": "印尼两名曝光校长违规的学生恋爱结婚的奇特故事，为单一独立社会新闻事件。"
    },
    {
      "group_id": "G028",
      "cluster_indexes": [
        27
      ],
      "event_title": "Cultural Monuments War Destruction",
      "reason": "全球冲突中文化古迹面临破坏的普遍性问题，为单一独立国际文化议题。"
    },
    {
      "group_id": "G029",
      "cluster_indexes": [
        28
      ],
      "event_title": "英国及苏格兰体育俱乐部赛季表现",
      "reason": "该Cluster包含布莱顿、考文垂、英格兰板球队、凯尔特人等多个独立体育赛事。根据规则'不得合并：同产业不同事件'，它们属于不同具体体育事件。此处作为该输入Cluster的归属记录。*"
    },
    {
      "group_id": "G030",
      "cluster_indexes": [
        29
      ],
      "event_title": "Perth Shark Attack Fatality",
      "reason": "澳大利亚珀斯海滩游泳者被鲨鱼咬死及随后捕鲨令，为单一独立自然灾害/公共安全事件。"
    },
    {
      "group_id": "G031",
      "cluster_indexes": [
        30
      ],
      "event_title": "The Hague Far-Right Protest",
      "reason": "荷兰海牙发生极右翼抗议活动被 riot police 驱散，为单一独立社会政治事件。"
    }
  ]
}
================================================================================

================================================================================
TIME: 2026-09-20T11:50:30.389209+08:00
DATE: 2026-09-20
STAGE: STAGE 1B / ROUND 13 / WINDOW 2
MESSAGE: Global Merge窗口AI输出经过Repair后恢复正常。
DETAILS:
{
  "repair_attempt": 1,
  "groups": [
    {
      "group_id": "G001",
      "cluster_indexes": [
        1
      ],
      "event_title": "中国丰收图景",
      "reason": "单一独立新闻报道事件"
    },
    {
      "group_id": "G002",
      "cluster_indexes": [
        2
      ],
      "event_title": "长江边的中国潮涌",
      "reason": "单一独立新闻报道事件"
    },
    {
      "group_id": "G003",
      "cluster_indexes": [
        3
      ],
      "event_title": "中国入境游受阿拉伯国家青睐",
      "reason": "单一独立新闻报道事件"
    },
    {
      "group_id": "G004",
      "cluster_indexes": [
        4
      ],
      "event_title": "中国常驻日内瓦代表团无障碍展览",
      "reason": "单一独立外交活动事件"
    },
    {
      "group_id": "G005",
      "cluster_indexes": [
        5
      ],
      "event_title": "公园+服务理念",
      "reason": "单一独立编辑评论事件"
    },
    {
      "group_id": "G006",
      "cluster_indexes": [
        6
      ],
      "event_title": "坨坨饺唤起鱼水情",
      "reason": "单一独立新闻报道事件"
    },
    {
      "group_id": "G007",
      "cluster_indexes": [
        7
      ],
      "event_title": "中国女子手球队首胜",
      "reason": "单一独立体育赛事事件"
    },
    {
      "group_id": "G008",
      "cluster_indexes": [
        8
      ],
      "event_title": "报纸责编名单",
      "reason": "单一独立版务元数据事件"
    },
    {
      "group_id": "G009",
      "cluster_indexes": [
        9
      ],
      "event_title": "同心共绘山海情",
      "reason": "单一独立新闻报道事件"
    },
    {
      "group_id": "G010",
      "cluster_indexes": [
        10
      ],
      "event_title": "凝铸信仰与力量",
      "reason": "单一独立主题报道事件"
    },
    {
      "group_id": "G011",
      "cluster_indexes": [
        11
      ],
      "event_title": "重识书画典则",
      "reason": "单一独立艺术评论事件"
    },
    {
      "group_id": "G012",
      "cluster_indexes": [
        12
      ],
      "event_title": "展长卷访名园",
      "reason": "单一独立读画栏目事件"
    },
    {
      "group_id": "G013",
      "cluster_indexes": [
        13
      ],
      "event_title": "尼泊尔Z世代气候行动",
      "reason": "单一独立国际社会事件"
    },
    {
      "group_id": "G014",
      "cluster_indexes": [
        14
      ],
      "event_title": "纽约州滑翔机事故及徒步者获救",
      "reason": "输入Cluster已内含两个独立事故，作为单个输入单元归属"
    },
    {
      "group_id": "G015",
      "cluster_indexes": [
        15
      ],
      "event_title": "美国农民国会救济困境",
      "reason": "单一独立政治经济事件"
    },
    {
      "group_id": "G016",
      "cluster_indexes": [
        16
      ],
      "event_title": "Hasan Piker支持AOC竞选",
      "reason": "单一独立政治人物表态事件"
    },
    {
      "group_id": "G017",
      "cluster_indexes": [
        17
      ],
      "event_title": "Sharon Stone脑手术争议",
      "reason": "单一独立娱乐界法律事件"
    },
    {
      "group_id": "G018",
      "cluster_indexes": [
        18
      ],
      "event_title": "Caesars体育博彩UFC促销",
      "reason": "单一独立商业促销事件"
    },
    {
      "group_id": "G019",
      "cluster_indexes": [
        19
      ],
      "event_title": "Chase Daniel SEC Nation事件",
      "reason": "单一独立体育人物言论事件"
    },
    {
      "group_id": "G020",
      "cluster_indexes": [
        20
      ],
      "event_title": "体育博彩公司大学橄榄球促销推广活动",
      "reason": "输入Cluster已内含多个平台促销，作为单个输入单元归属"
    },
    {
      "group_id": "G021",
      "cluster_indexes": [
        21
      ],
      "event_title": "理查德布兰森妻子死亡调查",
      "reason": "单一独立名人法律调查事件"
    },
    {
      "group_id": "G022",
      "cluster_indexes": [
        22
      ],
      "event_title": "美国与丹麦格陵兰安全协议",
      "reason": "单一独立国际地缘政治事件"
    },
    {
      "group_id": "G023",
      "cluster_indexes": [
        23
      ],
      "event_title": "肯尼迪中心抗议活动",
      "reason": "单一独立社会抗议事件"
    },
    {
      "group_id": "G024",
      "cluster_indexes": [
        24
      ],
      "event_title": "Strictly Come Dancing New Season",
      "reason": "单一独立娱乐节目事件"
    },
    {
      "group_id": "G025",
      "cluster_indexes": [
        25
      ],
      "event_title": "Scotland Drug Addiction Crisis",
      "reason": "单一独立公共健康社会事件"
    },
    {
      "group_id": "G026",
      "cluster_indexes": [
        26
      ],
      "event_title": "Indonesian Students Marriage",
      "reason": "单一独立社会新闻事件"
    },
    {
      "group_id": "G027",
      "cluster_indexes": [
        27
      ],
      "event_title": "Cultural Monuments War Destruction",
      "reason": "单一独立国际文化议题"
    },
    {
      "group_id": "G028",
      "cluster_indexes": [
        28
      ],
      "event_title": "英国及苏格兰体育俱乐部赛季表现",
      "reason": "输入Cluster已内含多个独立赛事，作为单个输入单元归属"
    },
    {
      "group_id": "G029",
      "cluster_indexes": [
        29
      ],
      "event_title": "Perth Shark Attack Fatality",
      "reason": "单一独立公共安全事件"
    },
    {
      "group_id": "G030",
      "cluster_indexes": [
        30
      ],
      "event_title": "The Hague Far-Right Protest",
      "reason": "单一独立社会政治事件"
    }
  ]
}
================================================================================

================================================================================
TIME: 2026-09-20T11:51:53.446092+08:00
DATE: 2026-09-20
STAGE: STAGE 1B / ROUND 14 / WINDOW 1
MESSAGE: V6.5.3 Global Merge窗口AI输出Coverage异常，进入自动Repair。
DETAILS:
{
  "attempt": 1,
  "duplicate": [],
  "missing": [
    12
  ],
  "extra": [],
  "malformed": [],
  "groups": [
    {
      "group_id": "G001",
      "cluster_indexes": [
        1,
        2,
        3,
        4,
        5,
        6,
        7,
        8,
        9,
        10,
        11,
        13,
        14,
        15,
        16,
        17,
        18,
        19,
        20,
        21,
        22,
        23,
        24,
        25,
        26,
        27,
        28,
        29,
        30
      ],
      "event_title": "2026年9月20日全球多领域事件汇总",
      "reason": "根据规则，所有输入的Cluster均为独立的具体事件，无法确认属于同一政策、公司动作、事故或产品发布。每个Cluster代表不同的具体现实世界事件（如特朗普政府媒体冲突、医生致敬仪式、海外华人关系、残疾棒球运动员、Holocaust艺术诉讼、UFC博彩推广、统一论坛、加州选举法案、 transgender议题、委内瑞拉外交会议、酒店火灾、英国政治争端、曼联球迷抗议、Anthropic营收、机器人投资、英国住房危机、英国广播业、Peter Hermann逝世、Linux内核更新、中国水利投资、中国收入分析、中国丰收景象），因此每个Cluster应单独分组，不得合并为单一事件。"
    }
  ]
}
================================================================================

================================================================================
TIME: 2026-09-20T11:52:09.838578+08:00
DATE: 2026-09-20
STAGE: STAGE 1B / ROUND 14 / WINDOW 1
MESSAGE: V6.5.3 Global Merge窗口AI输出Coverage异常，进入自动Repair。
DETAILS:
{
  "attempt": 2,
  "duplicate": [],
  "missing": [
    2
  ],
  "extra": [],
  "malformed": [],
  "groups": [
    {
      "group_id": "G001",
      "cluster_indexes": [
        1
      ],
      "event_title": "特朗普政府媒体冲突、AI政策及英国政治动态与全球南方声音",
      "reason": "Cluster 1和Cluster 2根据系统预判断明确属于同一正在持续发展的单一现实事件，涉及特朗普政府时期的媒体关系紧张与AI治理政策交织的政治动态，且均涉及英国政治移民动态及Global South voice议题。"
    },
    {
      "group_id": "G002",
      "cluster_indexes": [
        3
      ],
      "event_title": "2026 Doctors Tribute Ceremony",
      "reason": "Chinese domestic ceremony in Beijing, no similar articles."
    },
    {
      "group_id": "G003",
      "cluster_indexes": [
        4
      ],
      "event_title": "Overseas Chinese relations",
      "reason": "Chinese article about overseas Chinese community, no similar articles."
    },
    {
      "group_id": "G004",
      "cluster_indexes": [
        5
      ],
      "event_title": "Disabled professional baseball player",
      "reason": "Human interest story about baseball player without right hand, no similar articles."
    },
    {
      "group_id": "G005",
      "cluster_indexes": [
        6
      ],
      "event_title": "Older LGBTQ+ community fears",
      "reason": "Social issue about aging LGBTQ+ identity loss, no similar articles."
    },
    {
      "group_id": "G006",
      "cluster_indexes": [
        7
      ],
      "event_title": "Holocaust art lawsuit in California",
      "reason": "Legal case over Nazi-looted art, no similar articles."
    },
    {
      "group_id": "G007",
      "cluster_indexes": [
        8
      ],
      "event_title": "California billionaire tax support",
      "reason": "Nobel economists supporting CA tax policy, no similar articles."
    },
    {
      "group_id": "G008",
      "cluster_indexes": [
        9
      ],
      "event_title": "Pat McAfee immigration joke controversy",
      "reason": "Sports commentator controversy, no similar articles."
    },
    {
      "group_id": "G009",
      "cluster_indexes": [
        10
      ],
      "event_title": "Hong Kong-Macau flag ceremony in Beijing",
      "reason": "Chinese domestic patriotism activity, no similar articles."
    },
    {
      "group_id": "G010",
      "cluster_indexes": [
        11
      ],
      "event_title": "Newspaper editors credit",
      "reason": "Minimal content, newspaper staff listing only."
    },
    {
      "group_id": "G011",
      "cluster_indexes": [
        12
      ],
      "event_title": "Ole Miss vs LSU football",
      "reason": "College football game coverage, no similar articles."
    },
    {
      "group_id": "G012",
      "cluster_indexes": [
        13
      ],
      "event_title": "UFC 331 betting promotions",
      "reason": "Three promotional articles for betting codes related to UFC 331 event."
    },
    {
      "group_id": "G013",
      "cluster_indexes": [
        14
      ],
      "event_title": "United Front Forum 2026",
      "reason": "Chinese domestic political forum in Beijing, no similar articles."
    },
    {
      "group_id": "G014",
      "cluster_indexes": [
        15
      ],
      "event_title": "Newsom bills prevent Trump midterm interference",
      "reason": "California governor signing election protection legislation, no similar articles."
    },
    {
      "group_id": "G015",
      "cluster_indexes": [
        16
      ],
      "event_title": "Sherrod Brown on transgender issues",
      "reason": "US politician response to criticism on trans issues, no similar articles."
    },
    {
      "group_id": "G016",
      "cluster_indexes": [
        17
      ],
      "event_title": "Trump lost the plot",
      "reason": "Opinion piece on Trump, no similar articles."
    },
    {
      "group_id": "G017",
      "cluster_indexes": [
        18
      ],
      "event_title": "Trump meets Venezuela leader at UNGA",
      "reason": "US-Venezuela diplomatic meeting at UN, no similar articles."
    },
    {
      "group_id": "G018",
      "cluster_indexes": [
        19
      ],
      "event_title": "Seaside hotel fire investigated",
      "reason": "Suspicious fire incident, no similar articles."
    },
    {
      "group_id": "G019",
      "cluster_indexes": [
        20
      ],
      "event_title": "Kemi Badenoch vs Andy Burnham",
      "reason": "UK political dispute, no similar articles."
    },
    {
      "group_id": "G020",
      "cluster_indexes": [
        21
      ],
      "event_title": "Ed Davey attacks Reform and Musk",
      "reason": "UK Lib Dem conference politics, no similar articles."
    },
    {
      "group_id": "G021",
      "cluster_indexes": [
        22
      ],
      "event_title": "Man Utd Muslim fans protest Ratcliffe",
      "reason": "Football club ownership controversy, no similar articles."
    },
    {
      "group_id": "G022",
      "cluster_indexes": [
        23
      ],
      "event_title": "Anthropic post-IPO revenue concerns",
      "reason": "AI company financial outlook, no similar articles."
    },
    {
      "group_id": "G023",
      "cluster_indexes": [
        24
      ],
      "event_title": "Robot apocalypse investment strategy",
      "reason": "Investment perspective on automation, no similar articles."
    },
    {
      "group_id": "G024",
      "cluster_indexes": [
        25
      ],
      "event_title": "UK housing cost crisis warning",
      "reason": "Resolution Foundation report on low-income housing, no similar articles."
    },
    {
      "group_id": "G025",
      "cluster_indexes": [
        26
      ],
      "event_title": "UK public service broadcasters survival",
      "reason": "Media industry analysis on UK broadcasters vs US competition, no similar articles."
    },
    {
      "group_id": "G026",
      "cluster_indexes": [
        27
      ],
      "event_title": "Peter Hermann逝世",
      "reason": "德国前国家队助理教练Peter Hermann去世，享年72岁，无类似文章。"
    },
    {
      "group_id": "G027",
      "cluster_indexes": [
        28
      ],
      "event_title": "Linux内核代码推送",
      "reason": "Linus Torvalds向torvalds/linux仓库推送commit，无类似文章。"
    },
    {
      "group_id": "G028",
      "cluster_indexes": [
        29
      ],
      "event_title": "中国水利建设投资",
      "reason": "中国前8月完成水利建设投资6903亿元，无类似文章。"
    },
    {
      "group_id": "G029",
      "cluster_indexes": [
        30
      ],
      "event_title": "中国收入增速分析",
      "reason": "中国前8月收入增速高于业务量增速，无类似文章。"
    }
  ]
}
================================================================================

================================================================================
TIME: 2026-09-20T11:52:24.339618+08:00
DATE: 2026-09-20
STAGE: STAGE 1B / ROUND 14 / WINDOW 1
MESSAGE: Global Merge窗口AI输出经过Repair后恢复正常。
DETAILS:
{
  "repair_attempt": 2,
  "groups": [
    {
      "group_id": "G001",
      "cluster_indexes": [
        1,
        2
      ],
      "event_title": "特朗普政府媒体冲突、AI政策及英国政治动态与全球南方声音",
      "reason": "根据系统预判断，Cluster 1和Cluster 2明确属于同一正在持续发展的单一现实事件，两者共同反映特朗普政府时期的媒体关系紧张与AI治理政策交织的政治动态，且均涉及英国政治移民动态及Global South voice议题。"
    },
    {
      "group_id": "G002",
      "cluster_indexes": [
        3
      ],
      "event_title": "2026 Doctors Tribute Ceremony",
      "reason": "Chinese domestic ceremony in Beijing, no similar articles."
    },
    {
      "group_id": "G003",
      "cluster_indexes": [
        4
      ],
      "event_title": "Overseas Chinese relations",
      "reason": "Chinese article about overseas Chinese community, no similar articles."
    },
    {
      "group_id": "G004",
      "cluster_indexes": [
        5
      ],
      "event_title": "Disabled professional baseball player",
      "reason": "Human interest story about baseball player without right hand, no similar articles."
    },
    {
      "group_id": "G005",
      "cluster_indexes": [
        6
      ],
      "event_title": "Older LGBTQ+ community fears",
      "reason": "Social issue about aging LGBTQ+ identity loss, no similar articles."
    },
    {
      "group_id": "G006",
      "cluster_indexes": [
        7
      ],
      "event_title": "Holocaust art lawsuit in California",
      "reason": "Legal case over Nazi-looted art, no similar articles."
    },
    {
      "group_id": "G007",
      "cluster_indexes": [
        8
      ],
      "event_title": "California billionaire tax support",
      "reason": "Nobel economists supporting CA tax policy, no similar articles."
    },
    {
      "group_id": "G008",
      "cluster_indexes": [
        9
      ],
      "event_title": "Pat McAfee immigration joke controversy",
      "reason": "Sports commentator controversy, no similar articles."
    },
    {
      "group_id": "G009",
      "cluster_indexes": [
        10
      ],
      "event_title": "Hong Kong-Macau flag ceremony in Beijing",
      "reason": "Chinese domestic patriotism activity, no similar articles."
    },
    {
      "group_id": "G010",
      "cluster_indexes": [
        11
      ],
      "event_title": "Newspaper editors credit",
      "reason": "Minimal content, newspaper staff listing only."
    },
    {
      "group_id": "G011",
      "cluster_indexes": [
        12
      ],
      "event_title": "Ole Miss vs LSU football",
      "reason": "College football game coverage, no similar articles."
    },
    {
      "group_id": "G012",
      "cluster_indexes": [
        13
      ],
      "event_title": "UFC 331 betting promotions",
      "reason": "Three promotional articles for betting codes related to UFC 331 event."
    },
    {
      "group_id": "G013",
      "cluster_indexes": [
        14
      ],
      "event_title": "United Front Forum 2026",
      "reason": "Chinese domestic political forum in Beijing, no similar articles."
    },
    {
      "group_id": "G014",
      "cluster_indexes": [
        15
      ],
      "event_title": "Newsom bills prevent Trump midterm interference",
      "reason": "California governor signing election protection legislation, no similar articles."
    },
    {
      "group_id": "G015",
      "cluster_indexes": [
        16
      ],
      "event_title": "Sherrod Brown on transgender issues",
      "reason": "US politician response to criticism on trans issues, no similar articles."
    },
    {
      "group_id": "G016",
      "cluster_indexes": [
        17
      ],
      "event_title": "Trump lost the plot",
      "reason": "Opinion piece on Trump, no similar articles."
    },
    {
      "group_id": "G017",
      "cluster_indexes": [
        18
      ],
      "event_title": "Trump meets Venezuela leader at UNGA",
      "reason": "US-Venezuela diplomatic meeting at UN, no similar articles."
    },
    {
      "group_id": "G018",
      "cluster_indexes": [
        19
      ],
      "event_title": "Seaside hotel fire investigated",
      "reason": "Suspicious fire incident, no similar articles."
    },
    {
      "group_id": "G019",
      "cluster_indexes": [
        20
      ],
      "event_title": "Kemi Badenoch vs Andy Burnham",
      "reason": "UK political dispute, no similar articles."
    },
    {
      "group_id": "G020",
      "cluster_indexes": [
        21
      ],
      "event_title": "Ed Davey attacks Reform and Musk",
      "reason": "UK Lib Dem conference politics, no similar articles."
    },
    {
      "group_id": "G021",
      "cluster_indexes": [
        22
      ],
      "event_title": "Man Utd Muslim fans protest Ratcliffe",
      "reason": "Football club ownership controversy, no similar articles."
    },
    {
      "group_id": "G022",
      "cluster_indexes": [
        23
      ],
      "event_title": "Anthropic post-IPO revenue concerns",
      "reason": "AI company financial outlook, no similar articles."
    },
    {
      "group_id": "G023",
      "cluster_indexes": [
        24
      ],
      "event_title": "Robot apocalypse investment strategy",
      "reason": "Investment perspective on automation, no similar articles."
    },
    {
      "group_id": "G024",
      "cluster_indexes": [
        25
      ],
      "event_title": "UK housing cost crisis warning",
      "reason": "Resolution Foundation report on low-income housing, no similar articles."
    },
    {
      "group_id": "G025",
      "cluster_indexes": [
        26
      ],
      "event_title": "UK public service broadcasters survival",
      "reason": "Media industry analysis on UK broadcasters vs US competition, no similar articles."
    },
    {
      "group_id": "G026",
      "cluster_indexes": [
        27
      ],
      "event_title": "Peter Hermann逝世",
      "reason": "德国前国家队助理教练Peter Hermann去世，享年72岁，无类似文章。"
    },
    {
      "group_id": "G027",
      "cluster_indexes": [
        28
      ],
      "event_title": "Linux内核代码推送",
      "reason": "Linus Torvalds向torvalds/linux仓库推送commit，无类似文章。"
    },
    {
      "group_id": "G028",
      "cluster_indexes": [
        29
      ],
      "event_title": "中国水利建设投资",
      "reason": "中国前8月完成水利建设投资6903亿元，无类似文章。"
    },
    {
      "group_id": "G029",
      "cluster_indexes": [
        30
      ],
      "event_title": "中国收入增速分析",
      "reason": "中国前8月收入增速高于业务量增速，无类似文章。"
    }
  ]
}
================================================================================

================================================================================
TIME: 2026-09-20T11:53:12.663885+08:00
DATE: 2026-09-20
STAGE: STAGE 1B / ROUND 14 / WINDOW 4
MESSAGE: V6.5.3 Global Merge窗口AI输出Coverage异常，进入自动Repair。
DETAILS:
{
  "attempt": 1,
  "duplicate": [
    3,
    4,
    10,
    11
  ],
  "missing": [],
  "extra": [],
  "malformed": [],
  "groups": [
    {
      "group_id": "G001",
      "cluster_indexes": [
        1
      ],
      "event_title": "Spencer Memoir and McCann Book",
      "reason": "Distinct event covering Prince Harry's memoir and McCann suspect book plans. No other clusters share this specific topic."
    },
    {
      "group_id": "G002",
      "cluster_indexes": [
        2
      ],
      "event_title": "Maddy Cusack Anniversary",
      "reason": "Distinct event about Maddy Cusack's anniversary during inquest delay. No other clusters share this specific legal/personal event."
    },
    {
      "group_id": "G003",
      "cluster_indexes": [
        3,
        4
      ],
      "event_title": "Manchester United Club Matters",
      "reason": "Both clusters relate to specific events at Manchester United Football Club. Cluster 3 covers Michael Carrick's comments on VAR, while Cluster 4 covers the Muslim fan group demanding Ratcliffe's resignation. They are different aspects (operational/tech vs governance/fan protest) of the same club's ongoing situation, but strictly following 'one specific event' rule, they should be separated as they are distinct incidents. However, given they are both about Man Utd internal matters on the same day, they could be seen as part of the same ongoing club narrative. But per strict rules: 'Same company different events' cannot merge. These are different events (VAR comment vs Fan protest). Therefore, they must remain separate."
    },
    {
      "group_id": "G003",
      "cluster_indexes": [
        3
      ],
      "event_title": "Carrick Supports VAR",
      "reason": "Distinct event about Michael Carrick's comments on VAR. Separate from Cluster 4 which is about fan protests."
    },
    {
      "group_id": "G004",
      "cluster_indexes": [
        4
      ],
      "event_title": "Man Utd Muslim Fan Group Demands Ratcliffe Resign",
      "reason": "Distinct event about fan group protest. Different from Carrick's VAR comments."
    },
    {
      "group_id": "G005",
      "cluster_indexes": [
        5
      ],
      "event_title": "Australia Immigration Debate",
      "reason": "Distinct event about Australian immigration policy debate. No other clusters share this topic."
    },
    {
      "group_id": "G006",
      "cluster_indexes": [
        6
      ],
      "event_title": "Melbourne Tobacconist Firebombings",
      "reason": "Distinct event about crime wave in Melbourne. No other clusters share this topic."
    },
    {
      "group_id": "G007",
      "cluster_indexes": [
        7
      ],
      "event_title": "Victorian Labor Domestic Violence Law Changes",
      "reason": "Distinct event about Victorian state policy changes. No other clusters share this topic."
    },
    {
      "group_id": "G008",
      "cluster_indexes": [
        8
      ],
      "event_title": "Pussy Riot Member Recruited by Russian Spies",
      "reason": "Distinct event about Russian espionage/activism. No other clusters share this topic."
    },
    {
      "group_id": "G009",
      "cluster_indexes": [
        9
      ],
      "event_title": "Kent Hotel Fire",
      "reason": "Distinct event about a specific fire in Kent. No other clusters share this topic."
    },
    {
      "group_id": "G010",
      "cluster_indexes": [
        10,
        11
      ],
      "event_title": "California Surrogate Baby and Measles Warning",
      "reason": "These are two distinct California events: a legal case about a surrogate baby and a public health warning about measles. They are different topics (legal/medical custody vs public health/epidemic) and should not be merged."
    },
    {
      "group_id": "G010",
      "cluster_indexes": [
        10
      ],
      "event_title": "Surrogate Baby Texas-California Case",
      "reason": "Distinct legal event about surrogate baby travel rights. Separate from measles warning."
    },
    {
      "group_id": "G011",
      "cluster_indexes": [
        11
      ],
      "event_title": "California Measles Exposure Warning",
      "reason": "Distinct public health event about measles exposure. Separate from surrogate baby case."
    },
    {
      "group_id": "G012",
      "cluster_indexes": [
        12
      ],
      "event_title": "UK Taxes and Immigration Costs",
      "reason": "Distinct analytical article about UK fiscal/immigration policy. No other clusters share this topic."
    },
    {
      "group_id": "G013",
      "cluster_indexes": [
        13
      ],
      "event_title": "Anglo-French Relations",
      "reason": "Distinct diplomatic analysis article. No other clusters share this topic."
    },
    {
      "group_id": "G014",
      "cluster_indexes": [
        14
      ],
      "event_title": "Google Gemini Hacking Incident",
      "reason": "Distinct tech/AI safety incident. No other clusters share this topic."
    },
    {
      "group_id": "G015",
      "cluster_indexes": [
        15
      ],
      "event_title": "Pressure on US State Dept re Venezuelan Oil",
      "reason": "Distinct geopolitical event about Venezuelan oil transparency. No other clusters share this topic."
    },
    {
      "group_id": "G016",
      "cluster_indexes": [
        16
      ],
      "event_title": "Domestic Datacentres for Home Heating",
      "reason": "Distinct technology/energy article. No other clusters share this topic."
    },
    {
      "group_id": "G017",
      "cluster_indexes": [
        17
      ],
      "event_title": "UK crackdown on cowboy builders",
      "reason": "Distinct UK regulatory/policy event. No other clusters share this topic."
    },
    {
      "group_id": "G018",
      "cluster_indexes": [
        18
      ],
      "event_title": "Harrods seeks compensation from Al Fayed estate",
      "reason": "Distinct legal event involving Harrods and Al Fayed estate. No other clusters share this topic."
    },
    {
      "group_id": "G019",
      "cluster_indexes": [
        19
      ],
      "event_title": "Rain alleviates drought in England and Wales",
      "reason": "Distinct weather event. No other clusters share this topic."
    },
    {
      "group_id": "G020",
      "cluster_indexes": [
        20
      ],
      "event_title": "US-Canada Great Lakes trade under tariff threat",
      "reason": "Distinct international trade event. No other clusters share this topic."
    },
    {
      "group_id": "G021",
      "cluster_indexes": [
        21
      ],
      "event_title": "Stuffed sushi pockets culinary trend",
      "reason": "Distinct food/cultural feature. No other clusters share this topic."
    },
    {
      "group_id": "G022",
      "cluster_indexes": [
        22
      ],
      "event_title": "Konbini-inspired cocktail menu",
      "reason": "Distinct food/cultural feature. No other clusters share this topic."
    },
    {
      "group_id": "G023",
      "cluster_indexes": [
        23
      ],
      "event_title": "Global News Events Cluster",
      "reason": "This cluster contains 24 articles described as distinct, unrelated global events. Per the input description, these require separate clustering due to lack of thematic overlap. Since they are already grouped as unrelated, they remain as one container group for this output, or should be split. However, the instruction says to judge if clusters belong to the same event. This cluster explicitly states they are unrelated. Therefore, they cannot be merged with any other cluster and must remain as a single group representing 'multiple unrelated global events' or be left as is. Since we must cover all clusters, this cluster stays as one group."
    },
    {
      "group_id": "G024",
      "cluster_indexes": [
        24
      ],
      "event_title": "US-South Korea Diplomatic Discussions and Houthi Attack on Riyadh",
      "reason": "Already merged cluster covering US-South Korea diplomacy and Houthi attack on Riyadh, related to Middle East security."
    },
    {
      "group_id": "G025",
      "cluster_indexes": [
        25
      ],
      "event_title": "20th Asian Games in Japan",
      "reason": "Distinct sports event coverage. No other clusters share this topic."
    },
    {
      "group_id": "G026",
      "cluster_indexes": [
        26
      ],
      "event_title": "South Korean Justice Minister Nominee Withdraws",
      "reason": "Distinct political event in South Korea. No other clusters share this topic."
    },
    {
      "group_id": "G027",
      "cluster_indexes": [
        27
      ],
      "event_title": "German Regional Elections and Far-Right AfD",
      "reason": "Distinct political event in Germany. No other clusters share this topic."
    },
    {
      "group_id": "G028",
      "cluster_indexes": [
        28
      ],
      "event_title": "Charles Sapin France Inter Edit Removal",
      "reason": "Distinct media/broadcasting event in France. No other clusters share this topic."
    },
    {
      "group_id": "G029",
      "cluster_indexes": [
        29
      ],
      "event_title": "Emma Heming Willis on Bruce Willis Illness",
      "reason": "Distinct celebrity/health news. No other clusters share this topic."
    },
    {
      "group_id": "G030",
      "cluster_indexes": [
        30
      ],
      "event_title": "French 2027 Budget Negotiations",
      "reason": "Distinct French political/budget event. No other clusters share this topic."
    }
  ]
}
================================================================================

================================================================================
TIME: 2026-09-20T11:53:22.568023+08:00
DATE: 2026-09-20
STAGE: STAGE 1B / ROUND 14 / WINDOW 4
MESSAGE: Global Merge窗口AI输出经过Repair后恢复正常。
DETAILS:
{
  "repair_attempt": 1,
  "groups": [
    {
      "group_id": "G001",
      "cluster_indexes": [
        1
      ],
      "event_title": "Spencer Memoir and McCann Book",
      "reason": "Distinct event regarding Prince Harry's memoir and McCann suspect book plans."
    },
    {
      "group_id": "G002",
      "cluster_indexes": [
        2
      ],
      "event_title": "Maddy Cusack Anniversary",
      "reason": "Distinct event about Maddy Cusack's anniversary during inquest delay."
    },
    {
      "group_id": "G003",
      "cluster_indexes": [
        3
      ],
      "event_title": "Carrick Supports VAR",
      "reason": "Distinct event about Michael Carrick's comments on VAR. Different from fan protests in Cluster 4."
    },
    {
      "group_id": "G004",
      "cluster_indexes": [
        4
      ],
      "event_title": "Man Utd Muslim Fan Group Demands Ratcliffe Resign",
      "reason": "Distinct event about fan group protest. Different from Carrick's VAR comments in Cluster 3."
    },
    {
      "group_id": "G005",
      "cluster_indexes": [
        5
      ],
      "event_title": "Australia Immigration Debate",
      "reason": "Distinct event about Australian immigration policy debate."
    },
    {
      "group_id": "G006",
      "cluster_indexes": [
        6
      ],
      "event_title": "Melbourne Tobacconist Firebombings",
      "reason": "Distinct event about crime wave in Melbourne."
    },
    {
      "group_id": "G007",
      "cluster_indexes": [
        7
      ],
      "event_title": "Victorian Labor Domestic Violence Law Changes",
      "reason": "Distinct event about Victorian state policy changes."
    },
    {
      "group_id": "G008",
      "cluster_indexes": [
        8
      ],
      "event_title": "Pussy Riot Member Recruited by Russian Spies",
      "reason": "Distinct event about Russian espionage and activism."
    },
    {
      "group_id": "G009",
      "cluster_indexes": [
        9
      ],
      "event_title": "Kent Hotel Fire",
      "reason": "Distinct event about a specific fire in Kent."
    },
    {
      "group_id": "G010",
      "cluster_indexes": [
        10
      ],
      "event_title": "Surrogate Baby Texas-California Case",
      "reason": "Distinct legal event about surrogate baby travel rights."
    },
    {
      "group_id": "G011",
      "cluster_indexes": [
        11
      ],
      "event_title": "California Measles Exposure Warning",
      "reason": "Distinct public health event about measles exposure. Separate from the surrogate case in Cluster 10."
    },
    {
      "group_id": "G012",
      "cluster_indexes": [
        12
      ],
      "event_title": "UK Taxes and Immigration Costs",
      "reason": "Distinct analytical article about UK fiscal and immigration policy."
    },
    {
      "group_id": "G013",
      "cluster_indexes": [
        13
      ],
      "event_title": "Anglo-French Relations",
      "reason": "Distinct diplomatic analysis article."
    },
    {
      "group_id": "G014",
      "cluster_indexes": [
        14
      ],
      "event_title": "Google Gemini Hacking Incident",
      "reason": "Distinct tech/AI safety incident."
    },
    {
      "group_id": "G015",
      "cluster_indexes": [
        15
      ],
      "event_title": "Pressure on US State Dept re Venezuelan Oil",
      "reason": "Distinct geopolitical event about Venezuelan oil transparency."
    },
    {
      "group_id": "G016",
      "cluster_indexes": [
        16
      ],
      "event_title": "Domestic Datacentres for Home Heating",
      "reason": "Distinct technology and energy article."
    },
    {
      "group_id": "G017",
      "cluster_indexes": [
        17
      ],
      "event_title": "UK crackdown on cowboy builders",
      "reason": "Distinct UK regulatory and policy event."
    },
    {
      "group_id": "G018",
      "cluster_indexes": [
        18
      ],
      "event_title": "Harrods seeks compensation from Al Fayed estate",
      "reason": "Distinct legal event involving Harrods and the Al Fayed estate."
    },
    {
      "group_id": "G019",
      "cluster_indexes": [
        19
      ],
      "event_title": "Rain alleviates drought in England and Wales",
      "reason": "Distinct weather event."
    },
    {
      "group_id": "G020",
      "cluster_indexes": [
        20
      ],
      "event_title": "US-Canada Great Lakes trade under tariff threat",
      "reason": "Distinct international trade event."
    },
    {
      "group_id": "G021",
      "cluster_indexes": [
        21
      ],
      "event_title": "Stuffed sushi pockets culinary trend",
      "reason": "Distinct food and cultural feature."
    },
    {
      "group_id": "G022",
      "cluster_indexes": [
        22
      ],
      "event_title": "Konbini-inspired cocktail menu",
      "reason": "Distinct food and cultural feature."
    },
    {
      "group_id": "G023",
      "cluster_indexes": [
        23
      ],
      "event_title": "Global News Events Cluster",
      "reason": "Contains distinct, unrelated global events that cannot be merged with each other or other clusters due to lack of thematic overlap."
    },
    {
      "group_id": "G024",
      "cluster_indexes": [
        24
      ],
      "event_title": "US-South Korea Diplomatic Discussions and Houthi Attack on Riyadh",
      "reason": "Already merged cluster covering US-South Korea diplomacy and Houthi attack, related to Middle East security."
    },
    {
      "group_id": "G025",
      "cluster_indexes": [
        25
      ],
      "event_title": "20th Asian Games in Japan",
      "reason": "Distinct sports event coverage."
    },
    {
      "group_id": "G026",
      "cluster_indexes": [
        26
      ],
      "event_title": "South Korean Justice Minister Nominee Withdraws",
      "reason": "Distinct political event in South Korea."
    },
    {
      "group_id": "G027",
      "cluster_indexes": [
        27
      ],
      "event_title": "German Regional Elections and Far-Right AfD",
      "reason": "Distinct political event in Germany."
    },
    {
      "group_id": "G028",
      "cluster_indexes": [
        28
      ],
      "event_title": "Charles Sapin France Inter Edit Removal",
      "reason": "Distinct media and broadcasting event in France."
    },
    {
      "group_id": "G029",
      "cluster_indexes": [
        29
      ],
      "event_title": "Emma Heming Willis on Bruce Willis Illness",
      "reason": "Distinct celebrity and health news."
    },
    {
      "group_id": "G030",
      "cluster_indexes": [
        30
      ],
      "event_title": "French 2027 Budget Negotiations",
      "reason": "Distinct French political and budget event."
    }
  ]
}
================================================================================

================================================================================
TIME: 2026-09-20T11:55:05.002452+08:00
DATE: 2026-09-20
STAGE: STAGE 1B / ROUND 15 / WINDOW 3
MESSAGE: V6.5.3 Global Merge窗口AI输出Coverage异常，进入自动Repair。
DETAILS:
{
  "attempt": 1,
  "duplicate": [
    6,
    10
  ],
  "missing": [],
  "extra": [],
  "malformed": [],
  "groups": [
    {
      "group_id": "G001",
      "cluster_indexes": [
        1
      ],
      "event_title": "以色列总统特赦射杀巴勒斯坦袭击者的战斗医护人员",
      "reason": "单一独立事件，无其他Cluster涉及相同具体事实。"
    },
    {
      "group_id": "G002",
      "cluster_indexes": [
        2
      ],
      "event_title": "纪录片NAZA在不同地区引发的极端反应争议",
      "reason": "单一独立事件，无其他Cluster涉及相同具体事实。"
    },
    {
      "group_id": "G003",
      "cluster_indexes": [
        3
      ],
      "event_title": "Lindsay Clancy案前夫发表言论",
      "reason": "单一独立事件，无其他Cluster涉及相同具体事实。"
    },
    {
      "group_id": "G004",
      "cluster_indexes": [
        4
      ],
      "event_title": "弗吉尼亚沃尔玛老人被殴打致死案",
      "reason": "单一独立事件，无其他Cluster涉及相同具体事实。"
    },
    {
      "group_id": "G005",
      "cluster_indexes": [
        5
      ],
      "event_title": "乔治·奥斯本对彼得·蒂尔参观贝叶挂毯知情权争议",
      "reason": "单一独立事件，无其他Cluster涉及相同具体事实。"
    },
    {
      "group_id": "G006",
      "cluster_indexes": [
        6,
        10
      ],
      "event_title": "德国政治危机与达姆斯塔特毒品政策",
      "reason": "均为德国国内治理事件。Cluster 6涉及联邦层面联合政府中轴线的政治生存危机，Cluster 10涉及地方政府层面的务实毒品政策。两者虽层级不同，但同属德国当前政治与社会治理危机的具体表现，且时间窗口重合。但根据严格区分原则（同国家不同事件），此处不合并，保留为独立事件组。注：经重新评估，政治危机与地方毒品政策属于不同性质的具体事件，故分开处理更佳，但为展示合并逻辑，若视为德国治理困境整体则可合并；然而依据规则‘不得合并：同国家不同事件’，此两Cluster应分开。此处仅列出独立群组，故不合并。"
    },
    {
      "group_id": "G006",
      "cluster_indexes": [
        6
      ],
      "event_title": "德国联盟党与社民党联合政府中轴线面临生存威胁",
      "reason": "单一独立政治危机事件。"
    },
    {
      "group_id": "G007",
      "cluster_indexes": [
        10
      ],
      "event_title": "德国达姆斯塔特市毒品问题务实解决方案",
      "reason": "单一独立地方政策事件，与联邦政治危机性质不同。"
    },
    {
      "group_id": "G008",
      "cluster_indexes": [
        7
      ],
      "event_title": "F1车手马克斯·维斯塔潘比赛表现分析",
      "reason": "单一独立体育事件。"
    },
    {
      "group_id": "G009",
      "cluster_indexes": [
        8
      ],
      "event_title": "德国视角下战争罪行历史遗留问题讨论",
      "reason": "单一独立历史/政治讨论事件。"
    },
    {
      "group_id": "G010",
      "cluster_indexes": [
        9
      ],
      "event_title": "情景喜剧《Abbott Elementary》评价与推荐",
      "reason": "单一独立文化娱乐事件。"
    },
    {
      "group_id": "G011",
      "cluster_indexes": [
        11
      ],
      "event_title": "德国法兰克福车辆开枪刑事案",
      "reason": "单一独立刑事案件。"
    },
    {
      "group_id": "G012",
      "cluster_indexes": [
        12
      ],
      "event_title": "AI对齐理论、继承主义批判及风险网络学术讨论",
      "reason": "单一独立学术辩论事件。"
    },
    {
      "group_id": "G013",
      "cluster_indexes": [
        13
      ],
      "event_title": "中国国家级发展与营商环境优化政策执行",
      "reason": "已预合并的同一宏观政策窗口内的具体事件链。"
    },
    {
      "group_id": "G014",
      "cluster_indexes": [
        14
      ],
      "event_title": "社会文化、区域发展与制造业大会综合报道",
      "reason": "已预合并的同一窗口期内的综合发展主题报道。"
    },
    {
      "group_id": "G015",
      "cluster_indexes": [
        15
      ],
      "event_title": "人民日报元数据公告",
      "reason": "单一系统/元数据事件，无实质新闻内容。"
    },
    {
      "group_id": "G016",
      "cluster_indexes": [
        16
      ],
      "event_title": "2026年亚洲运动会相关报道",
      "reason": "已预合并的同一体育赛事系列活动。"
    },
    {
      "group_id": "G017",
      "cluster_indexes": [
        17
      ],
      "event_title": "Aaron Sorkin新剧本创作The Social Reckoning",
      "reason": "单一独立文化事件。"
    },
    {
      "group_id": "G018",
      "cluster_indexes": [
        18
      ],
      "event_title": "Accidental Art Museum报道",
      "reason": "单一独立文化事件。"
    },
    {
      "group_id": "G019",
      "cluster_indexes": [
        19
      ],
      "event_title": "乔治亚大学橄榄球队战胜阿肯色大学",
      "reason": "单一独立体育赛事结果。"
    },
    {
      "group_id": "G020",
      "cluster_indexes": [
        20
      ],
      "event_title": "温迪汉堡包装复古回归",
      "reason": "单一独立商业品牌动作。"
    },
    {
      "group_id": "G021",
      "cluster_indexes": [
        21
      ],
      "event_title": "Clay Aiken回忆2006年被出柜经历",
      "reason": "单一独立名人回忆事件。"
    },
    {
      "group_id": "G022",
      "cluster_indexes": [
        22
      ],
      "event_title": "FanDuel体育博彩促销推广",
      "reason": "已预合并的同一公司营销活动。"
    },
    {
      "group_id": "G023",
      "cluster_indexes": [
        23
      ],
      "event_title": "Fox Nation RNC特别报道",
      "reason": "单一独立媒体事件。"
    },
    {
      "group_id": "G024",
      "cluster_indexes": [
        24
      ],
      "event_title": "喜剧演员Carrot Top住院取消演出",
      "reason": "单一独立娱乐新闻事件。"
    },
    {
      "group_id": "G025",
      "cluster_indexes": [
        25
      ],
      "event_title": "特朗普组建AI部队及白宫记者准入禁令",
      "reason": "已预合并的同一政治人物在同一时间段内的关键政策/行政动作链。"
    },
    {
      "group_id": "G026",
      "cluster_indexes": [
        26
      ],
      "event_title": "Ed Sheeran回应Macklemore争议",
      "reason": "单一独立音乐界争议事件。"
    },
    {
      "group_id": "G027",
      "cluster_indexes": [
        27
      ],
      "event_title": "英国自由民主党选举策略：防范Reform UK",
      "reason": "已预合并的同一政党选举策略报道。"
    },
    {
      "group_id": "G028",
      "cluster_indexes": [
        28
      ],
      "event_title": "纪念遇害幼儿Noah Woods",
      "reason": "已预合并的同一悲剧事件的纪念活动报道。"
    },
    {
      "group_id": "G029",
      "cluster_indexes": [
        29
      ],
      "event_title": "哈利王子回忆录及McCast嫌疑人书籍评论",
      "reason": "单一独立出版物评论事件（Sunday papers review）。"
    },
    {
      "group_id": "G030",
      "cluster_indexes": [
        30
      ],
      "event_title": "Maddy Cusack去世周年纪念与庭审延期",
      "reason": "单一独立法律/新闻事件。"
    }
  ]
}
================================================================================

================================================================================
TIME: 2026-09-20T11:55:21.755529+08:00
DATE: 2026-09-20
STAGE: STAGE 1B / ROUND 15 / WINDOW 3
MESSAGE: Global Merge窗口AI输出经过Repair后恢复正常。
DETAILS:
{
  "repair_attempt": 1,
  "groups": [
    {
      "group_id": "G001",
      "cluster_indexes": [
        1
      ],
      "event_title": "以色列总统特赦战斗医护人员",
      "reason": "单一独立事件。"
    },
    {
      "group_id": "G002",
      "cluster_indexes": [
        2
      ],
      "event_title": "纪录片NAZA引发的争议",
      "reason": "单一独立事件。"
    },
    {
      "group_id": "G003",
      "cluster_indexes": [
        3
      ],
      "event_title": "Lindsay Clancy案前夫发表言论",
      "reason": "单一独立事件。"
    },
    {
      "group_id": "G004",
      "cluster_indexes": [
        4
      ],
      "event_title": "弗吉尼亚沃尔玛谋杀案",
      "reason": "单一独立事件。"
    },
    {
      "group_id": "G005",
      "cluster_indexes": [
        5
      ],
      "event_title": "乔治·奥斯本知情权争议",
      "reason": "单一独立事件。"
    },
    {
      "group_id": "G006",
      "cluster_indexes": [
        6
      ],
      "event_title": "德国政治危机",
      "reason": "单一独立事件。"
    },
    {
      "group_id": "G007",
      "cluster_indexes": [
        7
      ],
      "event_title": "维斯塔潘比赛表现",
      "reason": "单一独立事件。"
    },
    {
      "group_id": "G008",
      "cluster_indexes": [
        8
      ],
      "event_title": "战争罪行历史讨论",
      "reason": "单一独立事件。"
    },
    {
      "group_id": "G009",
      "cluster_indexes": [
        9
      ],
      "event_title": "《Abbott Elementary》评价",
      "reason": "单一独立事件。"
    },
    {
      "group_id": "G010",
      "cluster_indexes": [
        10
      ],
      "event_title": "达姆斯塔特毒品政策",
      "reason": "单一独立事件。"
    },
    {
      "group_id": "G011",
      "cluster_indexes": [
        11
      ],
      "event_title": "法兰克福开枪案",
      "reason": "单一独立事件。"
    },
    {
      "group_id": "G012",
      "cluster_indexes": [
        12
      ],
      "event_title": "AI对齐理论辩论",
      "reason": "单一独立事件。"
    },
    {
      "group_id": "G013",
      "cluster_indexes": [
        13
      ],
      "event_title": "中国发展与营商环境优化",
      "reason": "单一独立事件。"
    },
    {
      "group_id": "G014",
      "cluster_indexes": [
        14
      ],
      "event_title": "社会文化与制造业大会",
      "reason": "单一独立事件。"
    },
    {
      "group_id": "G015",
      "cluster_indexes": [
        15
      ],
      "event_title": "人民日报元数据公告",
      "reason": "单一独立事件。"
    },
    {
      "group_id": "G016",
      "cluster_indexes": [
        16
      ],
      "event_title": "2026年亚运会报道",
      "reason": "单一独立事件。"
    },
    {
      "group_id": "G017",
      "cluster_indexes": [
        17
      ],
      "event_title": "Aaron Sorkin新剧本",
      "reason": "单一独立事件。"
    },
    {
      "group_id": "G018",
      "cluster_indexes": [
        18
      ],
      "event_title": "意外艺术博物馆",
      "reason": "单一独立事件。"
    },
    {
      "group_id": "G019",
      "cluster_indexes": [
        19
      ],
      "event_title": "乔治亚大学橄榄球胜利",
      "reason": "单一独立事件。"
    },
    {
      "group_id": "G020",
      "cluster_indexes": [
        20
      ],
      "event_title": "温迪汉堡包装复古",
      "reason": "单一独立事件。"
    },
    {
      "group_id": "G021",
      "cluster_indexes": [
        21
      ],
      "event_title": "Clay Aiken被出柜回顾",
      "reason": "单一独立事件。"
    },
    {
      "group_id": "G022",
      "cluster_indexes": [
        22
      ],
      "event_title": "FanDuel博彩促销",
      "reason": "单一独立事件。"
    },
    {
      "group_id": "G023",
      "cluster_indexes": [
        23
      ],
      "event_title": "Fox Nation RNC特别节目",
      "reason": "单一独立事件。"
    },
    {
      "group_id": "G024",
      "cluster_indexes": [
        24
      ],
      "event_title": "Carrot Top住院",
      "reason": "单一独立事件。"
    },
    {
      "group_id": "G025",
      "cluster_indexes": [
        25
      ],
      "event_title": "特朗普AI部队与记者禁令",
      "reason": "单一独立事件。"
    },
    {
      "group_id": "G026",
      "cluster_indexes": [
        26
      ],
      "event_title": "Ed Sheeran回应争议",
      "reason": "单一独立事件。"
    },
    {
      "group_id": "G027",
      "cluster_indexes": [
        27
      ],
      "event_title": "英国自民党选举策略",
      "reason": "单一独立事件。"
    },
    {
      "group_id": "G028",
      "cluster_indexes": [
        28
      ],
      "event_title": "Noah Woods纪念活动",
      "reason": "单一独立事件。"
    },
    {
      "group_id": "G029",
      "cluster_indexes": [
        29
      ],
      "event_title": "哈利王子回忆录评论",
      "reason": "单一独立事件。"
    },
    {
      "group_id": "G030",
      "cluster_indexes": [
        30
      ],
      "event_title": "Maddy Cusack周年",
      "reason": "单一独立事件。"
    }
  ]
}
================================================================================

================================================================================
TIME: 2026-09-20T11:55:49.575327+08:00
DATE: 2026-09-20
STAGE: STAGE 1B / ROUND 15 / WINDOW 5
MESSAGE: V6.5.3 Global Merge窗口AI输出Coverage异常，进入自动Repair。
DETAILS:
{
  "attempt": 1,
  "duplicate": [],
  "missing": [],
  "extra": [
    31
  ],
  "malformed": [],
  "groups": [
    {
      "group_id": "G001",
      "cluster_indexes": [
        1
      ],
      "event_title": "Rising Fuel Prices and Bioethanol in France",
      "reason": "Single independent event regarding French fuel prices and bioethanol."
    },
    {
      "group_id": "G002",
      "cluster_indexes": [
        2
      ],
      "event_title": "Trump Ban on CNN, MS Now, Politico Reporters",
      "reason": "Single independent event regarding media access bans at the White House."
    },
    {
      "group_id": "G003",
      "cluster_indexes": [
        3
      ],
      "event_title": "Wild Animal Hospital at Home",
      "reason": "Single independent event regarding a home converted into a wildlife hospital."
    },
    {
      "group_id": "G004",
      "cluster_indexes": [
        4
      ],
      "event_title": "Russian Strike on Soumy Oblast",
      "reason": "Single independent event regarding a specific military strike in Ukraine."
    },
    {
      "group_id": "G005",
      "cluster_indexes": [
        5
      ],
      "event_title": "Catherine Ringer Burial in Paris",
      "reason": "Single independent event regarding a specific celebrity burial."
    },
    {
      "group_id": "G006",
      "cluster_indexes": [
        6
      ],
      "event_title": "Melchior Leroux Music Video Director",
      "reason": "Single independent event regarding a music video director."
    },
    {
      "group_id": "G007",
      "cluster_indexes": [
        7
      ],
      "event_title": "Ligue 1 Football Standings",
      "reason": "Single independent event regarding football league standings."
    },
    {
      "group_id": "G008",
      "cluster_indexes": [
        8
      ],
      "event_title": "French 2027 Presidential Election Candidates",
      "reason": "Single independent event regarding specific candidates for the French election."
    },
    {
      "group_id": "G009",
      "cluster_indexes": [
        9
      ],
      "event_title": "Ed Sheeran Palestine Protests",
      "reason": "Single independent event regarding protests against a specific artist."
    },
    {
      "group_id": "G010",
      "cluster_indexes": [
        10
      ],
      "event_title": "Louvre Mona Lisa Hall Stunt Arrests",
      "reason": "Single independent event regarding arrests at the Louvre."
    },
    {
      "group_id": "G011",
      "cluster_indexes": [
        11,
        12
      ],
      "event_title": "Trump Greenland Deal and Related Claims",
      "reason": "Both clusters report on the same specific real-world event: the US Greenland deal initiative under Trump. Cluster 11 analyzes it as a political outcome, while Cluster 12 covers specific actions/statements. They are complementary reports of one event."
    },
    {
      "group_id": "G012",
      "cluster_indexes": [
        13
      ],
      "event_title": "China becomes Rwanda's biggest export market",
      "reason": "Single independent trade event."
    },
    {
      "group_id": "G013",
      "cluster_indexes": [
        14
      ],
      "event_title": "Putin says Europe preparing for war",
      "reason": "Single independent diplomatic/military statement event."
    },
    {
      "group_id": "G014",
      "cluster_indexes": [
        15
      ],
      "event_title": "Cuba electrical grid collapse",
      "reason": "Single independent infrastructure disaster event."
    },
    {
      "group_id": "G015",
      "cluster_indexes": [
        16
      ],
      "event_title": "Israel NAZA documentary political storm",
      "reason": "Single independent political controversy event."
    },
    {
      "group_id": "G016",
      "cluster_indexes": [
        17
      ],
      "event_title": "Tunisia boat industry growth",
      "reason": "Single independent industrial development event."
    },
    {
      "group_id": "G017",
      "cluster_indexes": [
        18
      ],
      "event_title": "Nigeria custody deaths and alcohol poisoning",
      "reason": "Single cluster covering related public safety incidents in Nigeria."
    },
    {
      "group_id": "G018",
      "cluster_indexes": [
        19
      ],
      "event_title": "Russia-Ukraine War developments",
      "reason": "Single cluster covering ongoing war-related developments."
    },
    {
      "group_id": "G019",
      "cluster_indexes": [
        20
      ],
      "event_title": "Zidane names first France football squad",
      "reason": "Single independent sports appointment event."
    },
    {
      "group_id": "G020",
      "cluster_indexes": [
        21
      ],
      "event_title": "德国能源税减免与燃油价格补贴方案",
      "reason": "Both clusters report on the same specific government policy intervention: Germany's energy tax cuts and fuel price subsidy scheme. Cluster 20 covers the tax cut measure, while Cluster 21 covers criticism of the overall subsidy scheme. They are different aspects of the same policy event."
    },
    {
      "group_id": "G021",
      "cluster_indexes": [
        22
      ],
      "event_title": "Asian Games accommodation issues in Japan",
      "reason": "Single independent event regarding housing shortages during a sporting event."
    },
    {
      "group_id": "G022",
      "cluster_indexes": [
        23
      ],
      "event_title": "Far-right riots in The Hague",
      "reason": "Both clusters report on the same specific real-world event: right-wing riots in The Hague. Cluster 22 reports on the riots themselves, while Cluster 23 reports on the arrests (24 people detained) resulting from the same incident. They are complementary reports of one event."
    },
    {
      "group_id": "G023",
      "cluster_indexes": [
        24
      ],
      "event_title": "Steven Kolb resigns after PETA protest attack",
      "reason": "Single independent resignation event."
    },
    {
      "group_id": "G024",
      "cluster_indexes": [
        25
      ],
      "event_title": "Oktoberfest arm wrestling injury",
      "reason": "Single independent accident/event at a festival."
    },
    {
      "group_id": "G025",
      "cluster_indexes": [
        26
      ],
      "event_title": "Trump AI Policy and Appointments",
      "reason": "All three clusters report on the same continuous, developing policy event: the Trump administration's AI policy agenda. Cluster 26 covers the announcement of an AI monitoring initiative, Cluster 27 covers the appointment of a chief AI officer, and Cluster 28 covers criticism of the policy. These are interconnected facets of one specific policy development."
    },
    {
      "group_id": "G026",
      "cluster_indexes": [
        27
      ],
      "event_title": "Peter Hermann death",
      "reason": "Single independent event regarding the death of a person."
    },
    {
      "group_id": "G027",
      "cluster_indexes": [
        28
      ],
      "event_title": "BookTok influence on German book covers",
      "reason": "Single independent cultural trend analysis event."
    },
    {
      "group_id": "G028",
      "cluster_indexes": [
        29
      ],
      "event_title": "Celine Dion comeback column",
      "reason": "Single independent opinion/entertainment piece event."
    },
    {
      "group_id": "G029",
      "cluster_indexes": [
        30
      ],
      "event_title": "VfB Stuttgart loses to Borussia Dortmund",
      "reason": "Single independent sports match event."
    },
    {
      "group_id": "G030",
      "cluster_indexes": [
        31
      ],
      "event_title": "2026年9月20日俄罗斯-北约-中国地缘政治事件链",
      "reason": "This large cluster already groups multiple articles around the central event of Carsten Breuer's appointment as NATO military committee chair and the broader Russia-NATO-China geopolitical context. It is treated as one complex geopolitical event chain."
    }
  ]
}
================================================================================

================================================================================
TIME: 2026-09-20T11:56:07.507528+08:00
DATE: 2026-09-20
STAGE: STAGE 1B / ROUND 15 / WINDOW 5
MESSAGE: Global Merge窗口AI输出经过Repair后恢复正常。
DETAILS:
{
  "repair_attempt": 1,
  "groups": [
    {
      "group_id": "G001",
      "cluster_indexes": [
        1
      ],
      "event_title": "Rising Fuel Prices and Bioethanol in France",
      "reason": "Single independent event regarding French fuel prices and bioethanol."
    },
    {
      "group_id": "G002",
      "cluster_indexes": [
        2
      ],
      "event_title": "Trump Ban on CNN, MS Now, Politico Reporters",
      "reason": "Single independent event regarding media access bans at the White House."
    },
    {
      "group_id": "G003",
      "cluster_indexes": [
        3
      ],
      "event_title": "Wild Animal Hospital at Home",
      "reason": "Single independent event regarding a home converted into a wildlife hospital."
    },
    {
      "group_id": "G004",
      "cluster_indexes": [
        4
      ],
      "event_title": "Russian Strike on Soumy Oblast",
      "reason": "Single independent event regarding a specific military strike in Ukraine."
    },
    {
      "group_id": "G005",
      "cluster_indexes": [
        5
      ],
      "event_title": "Catherine Ringer Burial in Paris",
      "reason": "Single independent event regarding a specific celebrity burial."
    },
    {
      "group_id": "G006",
      "cluster_indexes": [
        6
      ],
      "event_title": "Melchior Leroux Music Video Director",
      "reason": "Single independent event regarding a music video director."
    },
    {
      "group_id": "G007",
      "cluster_indexes": [
        7
      ],
      "event_title": "Ligue 1 Football Standings",
      "reason": "Single independent event regarding football league standings."
    },
    {
      "group_id": "G008",
      "cluster_indexes": [
        8
      ],
      "event_title": "French 2027 Presidential Election Candidates",
      "reason": "Single independent event regarding specific candidates for the French election."
    },
    {
      "group_id": "G009",
      "cluster_indexes": [
        9
      ],
      "event_title": "Ed Sheeran Palestine Protests",
      "reason": "Single independent event regarding protests against a specific artist."
    },
    {
      "group_id": "G010",
      "cluster_indexes": [
        10
      ],
      "event_title": "Louvre Mona Lisa Hall Stunt Arrests",
      "reason": "Single independent event regarding arrests at the Louvre."
    },
    {
      "group_id": "G011",
      "cluster_indexes": [
        11,
        12
      ],
      "event_title": "Trump Greenland Deal and Related Claims",
      "reason": "Both clusters report on the same specific real-world event: the US Greenland deal initiative under Trump. Cluster 11 analyzes it as a political outcome, while Cluster 12 covers specific actions/statements. They are complementary reports of one event."
    },
    {
      "group_id": "G012",
      "cluster_indexes": [
        13
      ],
      "event_title": "China becomes Rwanda's biggest export market",
      "reason": "Single independent trade event."
    },
    {
      "group_id": "G013",
      "cluster_indexes": [
        14
      ],
      "event_title": "Putin says Europe preparing for war",
      "reason": "Single independent diplomatic/military statement event."
    },
    {
      "group_id": "G014",
      "cluster_indexes": [
        15
      ],
      "event_title": "Cuba electrical grid collapse",
      "reason": "Single independent infrastructure disaster event."
    },
    {
      "group_id": "G015",
      "cluster_indexes": [
        16
      ],
      "event_title": "Israel NAZA documentary political storm",
      "reason": "Single independent political controversy event."
    },
    {
      "group_id": "G016",
      "cluster_indexes": [
        17
      ],
      "event_title": "Tunisia boat industry growth",
      "reason": "Single independent industrial development event."
    },
    {
      "group_id": "G017",
      "cluster_indexes": [
        18
      ],
      "event_title": "Nigeria custody deaths and alcohol poisoning",
      "reason": "Single cluster covering related public safety incidents in Nigeria."
    },
    {
      "group_id": "G018",
      "cluster_indexes": [
        19
      ],
      "event_title": "Russia-Ukraine War developments",
      "reason": "Single cluster covering ongoing war-related developments."
    },
    {
      "group_id": "G019",
      "cluster_indexes": [
        20
      ],
      "event_title": "Zidane names first France football squad",
      "reason": "Single independent sports appointment event."
    },
    {
      "group_id": "G020",
      "cluster_indexes": [
        21,
        22
      ],
      "event_title": "德国能源税减免与燃油价格补贴方案",
      "reason": "Both clusters report on the same specific government policy intervention: Germany's energy tax cuts and fuel price subsidy scheme. Cluster 20 covers the tax cut measure, while Cluster 21 covers criticism of the overall subsidy scheme. They are different aspects of the same policy event."
    },
    {
      "group_id": "G021",
      "cluster_indexes": [
        23
      ],
      "event_title": "Asian Games accommodation issues in Japan",
      "reason": "Single independent event regarding housing shortages during a sporting event."
    },
    {
      "group_id": "G022",
      "cluster_indexes": [
        24,
        25
      ],
      "event_title": "Far-right riots in The Hague",
      "reason": "Both clusters report on the same specific real-world event: right-wing riots in The Hague. Cluster 22 reports on the riots themselves, while Cluster 23 reports on the arrests (24 people detained) resulting from the same incident. They are complementary reports of one event."
    },
    {
      "group_id": "G023",
      "cluster_indexes": [
        26
      ],
      "event_title": "Steven Kolb resigns after PETA protest attack",
      "reason": "Single independent resignation event."
    },
    {
      "group_id": "G024",
      "cluster_indexes": [
        27
      ],
      "event_title": "Oktoberfest arm wrestling injury",
      "reason": "Single independent accident/event at a festival."
    },
    {
      "group_id": "G025",
      "cluster_indexes": [
        28
      ],
      "event_title": "Trump AI Policy and Appointments",
      "reason": "All three clusters report on the same continuous, developing policy event: the Trump administration's AI policy agenda. Cluster 26 covers the announcement of an AI monitoring initiative, Cluster 27 covers the appointment of a chief AI officer, and Cluster 28 covers criticism of the policy. These are interconnected facets of one specific policy development."
    },
    {
      "group_id": "G026",
      "cluster_indexes": [
        29
      ],
      "event_title": "Peter Hermann death",
      "reason": "Single independent event regarding the death of a person."
    },
    {
      "group_id": "G027",
      "cluster_indexes": [
        30
      ],
      "event_title": "BookTok influence on German book covers",
      "reason": "Single independent cultural trend analysis event."
    }
  ]
}
================================================================================

================================================================================
TIME: 2026-09-20T11:57:45.005805+08:00
DATE: 2026-09-20
STAGE: STAGE 1B / ROUND 16 / WINDOW 4
MESSAGE: V6.5.3 Global Merge窗口AI输出Coverage异常，进入自动Repair。
DETAILS:
{
  "attempt": 1,
  "duplicate": [
    2,
    9
  ],
  "missing": [],
  "extra": [],
  "malformed": [],
  "groups": [
    {
      "group_id": "G001",
      "cluster_indexes": [
        1
      ],
      "event_title": "Man Utd Muslim Fan Group Demands Ratcliffe Resign",
      "reason": "Single distinct event regarding Manchester United fan group protest."
    },
    {
      "group_id": "G002",
      "cluster_indexes": [
        2,
        9
      ],
      "event_title": "Australia Immigration Debate and UK Tax/Immigration Analysis",
      "reason": "These cover different geographic regions (Australia vs UK) and distinct policy discussions. However, upon re-evaluation, they are different national events. They should remain separate. Clusters 2 and 9 are distinct events in different countries."
    },
    {
      "group_id": "G003",
      "cluster_indexes": [
        2
      ],
      "event_title": "Australia Immigration Debate",
      "reason": "Single distinct Australian political event regarding migration policy debate."
    },
    {
      "group_id": "G004",
      "cluster_indexes": [
        3
      ],
      "event_title": "Melbourne Tobacconist Firebombings",
      "reason": "Single distinct criminal/social incident in Melbourne."
    },
    {
      "group_id": "G005",
      "cluster_indexes": [
        4
      ],
      "event_title": "Victorian Labor Domestic Violence Law Changes",
      "reason": "Single distinct legislative/political event in Victoria, Australia."
    },
    {
      "group_id": "G006",
      "cluster_indexes": [
        5
      ],
      "event_title": "Pussy Riot Member Recruited by Russian Spies",
      "reason": "Single distinct intelligence/legal incident involving Pussy Riot."
    },
    {
      "group_id": "G007",
      "cluster_indexes": [
        6
      ],
      "event_title": "Kent Hotel Fire",
      "reason": "Single distinct fire incident in Kent, UK."
    },
    {
      "group_id": "G008",
      "cluster_indexes": [
        7
      ],
      "event_title": "Surrogate Baby Texas-California Case",
      "reason": "Single distinct legal/custody case between Texas and California."
    },
    {
      "group_id": "G009",
      "cluster_indexes": [
        8
      ],
      "event_title": "California Measles Exposure Warning",
      "reason": "Single distinct public health warning in California."
    },
    {
      "group_id": "G010",
      "cluster_indexes": [
        9
      ],
      "event_title": "UK Taxes and Immigration Costs Analysis",
      "reason": "Single distinct analytical piece on UK tax and immigration economics."
    },
    {
      "group_id": "G011",
      "cluster_indexes": [
        10
      ],
      "event_title": "Anglo-French Relations",
      "reason": "Single distinct diplomatic/analytical piece on UK-France relations."
    },
    {
      "group_id": "G012",
      "cluster_indexes": [
        11
      ],
      "event_title": "Google Gemini Hacking Incident",
      "reason": "Single distinct cybersecurity incident involving Google's Gemini AI."
    },
    {
      "group_id": "G013",
      "cluster_indexes": [
        12
      ],
      "event_title": "Pressure on US State Dept re Venezuelan Oil",
      "reason": "Single distinct diplomatic/energy policy pressure on US State Department."
    },
    {
      "group_id": "G014",
      "cluster_indexes": [
        13
      ],
      "event_title": "Domestic Datacentres for Home Heating",
      "reason": "Single distinct technology/energy innovation concept article."
    },
    {
      "group_id": "G015",
      "cluster_indexes": [
        14
      ],
      "event_title": "UK crackdown on cowboy builders",
      "reason": "Single distinct regulatory action against unscrupulous construction workers in the UK."
    },
    {
      "group_id": "G016",
      "cluster_indexes": [
        15
      ],
      "event_title": "Harrods seeks compensation from Al Fayed estate",
      "reason": "Single distinct legal action by Harrods against the Al Fayed estate."
    },
    {
      "group_id": "G017",
      "cluster_indexes": [
        16
      ],
      "event_title": "Rain alleviates drought in England and Wales",
      "reason": "Single distinct weather event alleviating drought conditions."
    },
    {
      "group_id": "G018",
      "cluster_indexes": [
        17
      ],
      "event_title": "US-Canada Great Lakes trade under tariff threat",
      "reason": "Single distinct trade dispute affecting Great Lakes shipping due to tariffs."
    },
    {
      "group_id": "G019",
      "cluster_indexes": [
        18
      ],
      "event_title": "Stuffed sushi pockets culinary trend",
      "reason": "Single distinct food/culinary trend feature."
    },
    {
      "group_id": "G020",
      "cluster_indexes": [
        19
      ],
      "event_title": "Konbini-inspired cocktail menu",
      "reason": "Single distinct cultural/food feature on convenience store themed cocktails."
    },
    {
      "group_id": "G021",
      "cluster_indexes": [
        20
      ],
      "event_title": "Global News Events Cluster",
      "reason": "This is a catch-all cluster of 24 unrelated articles with no definitive thematic overlap among them as a single event."
    },
    {
      "group_id": "G022",
      "cluster_indexes": [
        21
      ],
      "event_title": "US-South Korea Diplomatic Discussions and Houthi Attack on Riyadh",
      "reason": "Pre-merged cluster covering US-South Korea diplomatic discussions on Hormuz security and Houthi attack on Riyadh, linked by the ongoing Middle East geopolitical crisis."
    },
    {
      "group_id": "G023",
      "cluster_indexes": [
        22
      ],
      "event_title": "20th Asian Games in Japan",
      "reason": "Pre-merged cluster covering the 20th Asian Games held in Japan."
    },
    {
      "group_id": "G024",
      "cluster_indexes": [
        23
      ],
      "event_title": "South Korean Justice Minister Nominee Withdraws",
      "reason": "Single distinct political event in South Korea."
    },
    {
      "group_id": "G025",
      "cluster_indexes": [
        24
      ],
      "event_title": "German Regional Elections and Far-Right AfD",
      "reason": "Pre-merged cluster covering German regional elections with focus on Merz and AfD."
    },
    {
      "group_id": "G026",
      "cluster_indexes": [
        25
      ],
      "event_title": "Charles Sapin France Inter Edit Removal",
      "reason": "Single distinct media/journalism incident in France."
    },
    {
      "group_id": "G027",
      "cluster_indexes": [
        26
      ],
      "event_title": "Emma Heming Willis on Bruce Willis Illness",
      "reason": "Single distinct celebrity/news interview about Bruce Willis's health condition."
    },
    {
      "group_id": "G028",
      "cluster_indexes": [
        27
      ],
      "event_title": "French 2027 Budget Negotiations",
      "reason": "Single distinct French political/budgetary negotiation event."
    },
    {
      "group_id": "G029",
      "cluster_indexes": [
        28
      ],
      "event_title": "Paris Techno Parade vs Loi Ripost",
      "reason": "Single distinct protest/event in Paris regarding public order law."
    },
    {
      "group_id": "G030",
      "cluster_indexes": [
        29
      ],
      "event_title": "Macron Visit to Saint-Pierre-et-Miquelon and Hosting PM Carney",
      "reason": "Pre-merged cluster covering Macron's visit to Saint-Pierre-et-Miquelon and hosting Canadian PM Carney as the same diplomatic visit."
    },
    {
      "group_id": "G031",
      "cluster_indexes": [
        30
      ],
      "event_title": "Rising Fuel Prices and Bioethanol in France",
      "reason": "Pre-merged cluster covering French fuel price increases and bioethanol alternative."
    }
  ]
}
================================================================================

================================================================================
TIME: 2026-09-20T11:57:57.701347+08:00
DATE: 2026-09-20
STAGE: STAGE 1B / ROUND 16 / WINDOW 4
MESSAGE: Global Merge窗口AI输出经过Repair后恢复正常。
DETAILS:
{
  "repair_attempt": 1,
  "groups": [
    {
      "group_id": "G001",
      "cluster_indexes": [
        1
      ],
      "event_title": "Man Utd Muslim Fan Group Demands Ratcliffe Resign",
      "reason": "Single distinct event regarding Manchester United fan group protest."
    },
    {
      "group_id": "G002",
      "cluster_indexes": [
        2
      ],
      "event_title": "Australia Immigration Debate",
      "reason": "Single distinct Australian political event regarding migration policy debate."
    },
    {
      "group_id": "G003",
      "cluster_indexes": [
        3
      ],
      "event_title": "Melbourne Tobacconist Firebombings",
      "reason": "Single distinct criminal/social incident in Melbourne."
    },
    {
      "group_id": "G004",
      "cluster_indexes": [
        4
      ],
      "event_title": "Victorian Labor Domestic Violence Law Changes",
      "reason": "Single distinct legislative/political event in Victoria, Australia."
    },
    {
      "group_id": "G005",
      "cluster_indexes": [
        5
      ],
      "event_title": "Pussy Riot Member Recruited by Russian Spies",
      "reason": "Single distinct intelligence/legal incident involving Pussy Riot."
    },
    {
      "group_id": "G006",
      "cluster_indexes": [
        6
      ],
      "event_title": "Kent Hotel Fire",
      "reason": "Single distinct fire incident in Kent, UK."
    },
    {
      "group_id": "G007",
      "cluster_indexes": [
        7
      ],
      "event_title": "Surrogate Baby Texas-California Case",
      "reason": "Single distinct legal/custody case between Texas and California."
    },
    {
      "group_id": "G008",
      "cluster_indexes": [
        8
      ],
      "event_title": "California Measles Exposure Warning",
      "reason": "Single distinct public health warning in California."
    },
    {
      "group_id": "G009",
      "cluster_indexes": [
        9
      ],
      "event_title": "UK Taxes and Immigration Costs Analysis",
      "reason": "Single distinct analytical piece on UK tax and immigration economics."
    },
    {
      "group_id": "G010",
      "cluster_indexes": [
        10
      ],
      "event_title": "Anglo-French Relations",
      "reason": "Single distinct diplomatic/analytical piece on UK-France relations."
    },
    {
      "group_id": "G011",
      "cluster_indexes": [
        11
      ],
      "event_title": "Google Gemini Hacking Incident",
      "reason": "Single distinct cybersecurity incident involving Google's Gemini AI."
    },
    {
      "group_id": "G012",
      "cluster_indexes": [
        12
      ],
      "event_title": "Pressure on US State Dept re Venezuelan Oil",
      "reason": "Single distinct diplomatic/energy policy pressure on US State Department."
    },
    {
      "group_id": "G013",
      "cluster_indexes": [
        13
      ],
      "event_title": "Domestic Datacentres for Home Heating",
      "reason": "Single distinct technology/energy innovation concept article."
    },
    {
      "group_id": "G014",
      "cluster_indexes": [
        14
      ],
      "event_title": "UK crackdown on cowboy builders",
      "reason": "Single distinct regulatory action against unscrupulous construction workers in the UK."
    },
    {
      "group_id": "G015",
      "cluster_indexes": [
        15
      ],
      "event_title": "Harrods seeks compensation from Al Fayed estate",
      "reason": "Single distinct legal action by Harrods against the Al Fayed estate."
    },
    {
      "group_id": "G016",
      "cluster_indexes": [
        16
      ],
      "event_title": "Rain alleviates drought in England and Wales",
      "reason": "Single distinct weather event alleviating drought conditions."
    },
    {
      "group_id": "G017",
      "cluster_indexes": [
        17
      ],
      "event_title": "US-Canada Great Lakes trade under tariff threat",
      "reason": "Single distinct trade dispute affecting Great Lakes shipping due to tariffs."
    },
    {
      "group_id": "G018",
      "cluster_indexes": [
        18
      ],
      "event_title": "Stuffed sushi pockets culinary trend",
      "reason": "Single distinct food/culinary trend feature."
    },
    {
      "group_id": "G019",
      "cluster_indexes": [
        19
      ],
      "event_title": "Konbini-inspired cocktail menu",
      "reason": "Single distinct cultural/food feature on convenience store themed cocktails."
    },
    {
      "group_id": "G020",
      "cluster_indexes": [
        20
      ],
      "event_title": "Global News Events Cluster",
      "reason": "This is a catch-all cluster of 24 unrelated articles with no definitive thematic overlap among them as a single event."
    },
    {
      "group_id": "G021",
      "cluster_indexes": [
        21
      ],
      "event_title": "US-South Korea Diplomatic Discussions and Houthi Attack on Riyadh",
      "reason": "Pre-merged cluster covering US-South Korea diplomatic discussions on Hormuz security and Houthi attack on Riyadh, linked by the ongoing Middle East geopolitical crisis."
    },
    {
      "group_id": "G022",
      "cluster_indexes": [
        22
      ],
      "event_title": "20th Asian Games in Japan",
      "reason": "Pre-merged cluster covering the 20th Asian Games held in Japan."
    },
    {
      "group_id": "G023",
      "cluster_indexes": [
        23
      ],
      "event_title": "South Korean Justice Minister Nominee Withdraws",
      "reason": "Single distinct political event in South Korea."
    },
    {
      "group_id": "G024",
      "cluster_indexes": [
        24
      ],
      "event_title": "German Regional Elections and Far-Right AfD",
      "reason": "Pre-merged cluster covering German regional elections with focus on Merz and AfD."
    },
    {
      "group_id": "G025",
      "cluster_indexes": [
        25
      ],
      "event_title": "Charles Sapin France Inter Edit Removal",
      "reason": "Single distinct media/journalism incident in France."
    },
    {
      "group_id": "G026",
      "cluster_indexes": [
        26
      ],
      "event_title": "Emma Heming Willis on Bruce Willis Illness",
      "reason": "Single distinct celebrity/news interview about Bruce Willis's health condition."
    },
    {
      "group_id": "G027",
      "cluster_indexes": [
        27
      ],
      "event_title": "French 2027 Budget Negotiations",
      "reason": "Single distinct French political/budgetary negotiation event."
    },
    {
      "group_id": "G028",
      "cluster_indexes": [
        28
      ],
      "event_title": "Paris Techno Parade vs Loi Ripost",
      "reason": "Single distinct protest/event in Paris regarding public order law."
    },
    {
      "group_id": "G029",
      "cluster_indexes": [
        29
      ],
      "event_title": "Macron Visit to Saint-Pierre-et-Miquelon and Hosting PM Carney",
      "reason": "Pre-merged cluster covering Macron's visit to Saint-Pierre-et-Miquelon and hosting Canadian PM Carney as the same diplomatic visit."
    },
    {
      "group_id": "G030",
      "cluster_indexes": [
        30
      ],
      "event_title": "Rising Fuel Prices and Bioethanol in France",
      "reason": "Pre-merged cluster covering French fuel price increases and bioethanol alternative."
    }
  ]
}
================================================================================

================================================================================
TIME: 2026-09-20T11:58:32.795368+08:00
DATE: 2026-09-20
STAGE: STAGE 1B / ROUND 16 / WINDOW 6
MESSAGE: V6.5.3 Global Merge窗口AI输出Coverage异常，进入自动Repair。
DETAILS:
{
  "attempt": 1,
  "duplicate": [],
  "missing": [
    30
  ],
  "extra": [],
  "malformed": [],
  "groups": [
    {
      "group_id": "G001",
      "cluster_indexes": [
        1
      ],
      "event_title": "Fatty liver disease",
      "reason": "独立医学文章，无其他Cluster涉及相同具体医学事件"
    },
    {
      "group_id": "G002",
      "cluster_indexes": [
        2
      ],
      "event_title": "WhatsApp harassment case in Austria",
      "reason": "独立刑事案件报道，与Cluster 11（历史协会巧克力分发）仅关键词相似但为完全不同事件"
    },
    {
      "group_id": "G003",
      "cluster_indexes": [
        3
      ],
      "event_title": "Skeleton discovery in China",
      "reason": "独立考古发现报道，无其他Cluster涉及相同具体考古事件"
    },
    {
      "group_id": "G004",
      "cluster_indexes": [
        4
      ],
      "event_title": "特朗普政府限制媒体白宫准入",
      "reason": "原始Cluster已正确合并：报道特朗普政府禁止CNN和MSNBC记者进入白宫的同一政策行动"
    },
    {
      "group_id": "G005",
      "cluster_indexes": [
        5
      ],
      "event_title": "Suspicious helpfulness article",
      "reason": "独立散文/评论文章，无其他Cluster涉及相同内容"
    },
    {
      "group_id": "G006",
      "cluster_indexes": [
        6
      ],
      "event_title": "Pressure movie D-Day fact check",
      "reason": "独立电影事实核查报道，无其他Cluster涉及相同内容"
    },
    {
      "group_id": "G007",
      "cluster_indexes": [
        7
      ],
      "event_title": "Ghana choir in Magdeburg",
      "reason": "独立文化活动报道，无其他Cluster涉及相同具体活动"
    },
    {
      "group_id": "G008",
      "cluster_indexes": [
        8
      ],
      "event_title": "China tariff fraud challenges",
      "reason": "独立贸易/关税执法问题讨论，虽与Cluster 4相关但为不同具体议题"
    },
    {
      "group_id": "G009",
      "cluster_indexes": [
        9
      ],
      "event_title": "Turkey supports Saudi Arabia in Iran conflict",
      "reason": "独立地缘政治事件报道，无其他Cluster涉及相同具体外交/军事动态"
    },
    {
      "group_id": "G010",
      "cluster_indexes": [
        10
      ],
      "event_title": "Holocaust and colonialism comparison",
      "reason": "独立学术/历史辩论文章，无其他Cluster涉及相同具体讨论"
    },
    {
      "group_id": "G011",
      "cluster_indexes": [
        11
      ],
      "event_title": "History society WhatsApp pralines",
      "reason": "独立地方社区活动报道，与Cluster 2仅关键词相似但为完全不同事件"
    },
    {
      "group_id": "G012",
      "cluster_indexes": [
        12
      ],
      "event_title": "美国与丹麦格陵兰军事协议",
      "reason": "原始Cluster已正确合并：特朗普购买意愿与美丹军事基地协议为同一地缘政治事件的不同方面"
    },
    {
      "group_id": "G013",
      "cluster_indexes": [
        13
      ],
      "event_title": "里昂双年展艺术活动",
      "reason": "独立艺术展览报道，无其他Cluster涉及相同具体文化活动"
    },
    {
      "group_id": "G014",
      "cluster_indexes": [
        14
      ],
      "event_title": "正念与体育结合",
      "reason": "独立生活方式/心理健康话题，无其他Cluster涉及相同内容"
    },
    {
      "group_id": "G015",
      "cluster_indexes": [
        15
      ],
      "event_title": "准爸爸生育心理准备建议",
      "reason": "独立生活建议文章，无其他Cluster涉及相同内容"
    },
    {
      "group_id": "G016",
      "cluster_indexes": [
        16
      ],
      "event_title": "ZDF Magazine Royale与Böhmermann关系",
      "reason": "独立媒体/娱乐新闻，无其他Cluster涉及相同具体人物关系事件"
    },
    {
      "group_id": "G017",
      "cluster_indexes": [
        17
      ],
      "event_title": "MMA选手Christian Eckerlin法律问题",
      "reason": "独立司法/体育新闻，无其他Cluster涉及相同具体案件"
    },
    {
      "group_id": "G018",
      "cluster_indexes": [
        18
      ],
      "event_title": "向儿童解释政治谎言",
      "reason": "独立教育话题文章，无其他Cluster涉及相同内容"
    },
    {
      "group_id": "G019",
      "cluster_indexes": [
        19
      ],
      "event_title": "俄罗斯牺牲意愿分析",
      "reason": "独立地缘政治分析文章，虽与Cluster 9、12相关但为不同具体议题"
    },
    {
      "group_id": "G020",
      "cluster_indexes": [
        20
      ],
      "event_title": "德国体育赛事报道",
      "reason": "多个独立体育赛事报道的集合，无单一共同事件但作为独立体育群组处理"
    },
    {
      "group_id": "G021",
      "cluster_indexes": [
        21
      ],
      "event_title": "德国社会政策改革争议",
      "reason": "多个独立德国国内政策讨论的集合（经济特区vs护理保险），为不同具体政策议题"
    },
    {
      "group_id": "G022",
      "cluster_indexes": [
        22
      ],
      "event_title": "AI代理的欺骗与协调行为风险",
      "reason": "多篇探讨相同AI安全议题的文章，属于同一正在发展的技术风险讨论事件"
    },
    {
      "group_id": "G023",
      "cluster_indexes": [
        23
      ],
      "event_title": "德国养老金与税务规划",
      "reason": "多篇德国个人财务规划文章的集合，为同主题不同具体建议"
    },
    {
      "group_id": "G024",
      "cluster_indexes": [
        24
      ],
      "event_title": "KfW新举措",
      "reason": "多篇报道KfW银行相同创新举措的文章，属于同一金融机构具体行动"
    },
    {
      "group_id": "G025",
      "cluster_indexes": [
        25
      ],
      "event_title": "文化、学术与地方新闻杂项",
      "reason": "多个独立文化/学术/地方报道的集合，彼此无共同具体现实事件关联"
    },
    {
      "group_id": "G026",
      "cluster_indexes": [
        26
      ],
      "event_title": "Hungarian PM Peter Magyar Wine Incident",
      "reason": "独立国内政治事件，无其他Cluster涉及相同具体人物事件"
    },
    {
      "group_id": "G027",
      "cluster_indexes": [
        27
      ],
      "event_title": "自然、旅行与文化视频内容杂项",
      "reason": "多个独立视频/文化报道的集合，无共同具体事件关联"
    },
    {
      "group_id": "G028",
      "cluster_indexes": [
        28
      ],
      "event_title": "美国攻击性武器禁令追踪",
      "reason": "独立立法进程追踪报道，无其他Cluster涉及相同具体法案动态"
    },
    {
      "group_id": "G029",
      "cluster_indexes": [
        29
      ],
      "event_title": "SPAM热蜂蜜口味产品",
      "reason": "独立食品评测内容，无其他Cluster涉及相同具体产品发布"
    }
  ]
}
================================================================================

================================================================================
TIME: 2026-09-20T11:58:47.077258+08:00
DATE: 2026-09-20
STAGE: STAGE 1B / ROUND 16 / WINDOW 6
MESSAGE: Global Merge窗口AI输出经过Repair后恢复正常。
DETAILS:
{
  "repair_attempt": 1,
  "groups": [
    {
      "group_id": "G001",
      "cluster_indexes": [
        1
      ],
      "event_title": "Fatty liver disease",
      "reason": "独立医学文章，无其他Cluster涉及相同具体医学事件"
    },
    {
      "group_id": "G002",
      "cluster_indexes": [
        2
      ],
      "event_title": "WhatsApp harassment case in Austria",
      "reason": "独立刑事案件报道，与Cluster 11（历史协会巧克力分发）仅关键词相似但为完全不同事件"
    },
    {
      "group_id": "G003",
      "cluster_indexes": [
        3
      ],
      "event_title": "Skeleton discovery in China",
      "reason": "独立考古发现报道，无其他Cluster涉及相同具体考古事件"
    },
    {
      "group_id": "G004",
      "cluster_indexes": [
        4
      ],
      "event_title": "特朗普政府限制媒体白宫准入",
      "reason": "原始Cluster已正确合并：报道特朗普政府禁止CNN和MSNBC记者进入白宫的同一政策行动"
    },
    {
      "group_id": "G005",
      "cluster_indexes": [
        5
      ],
      "event_title": "Suspicious helpfulness article",
      "reason": "独立散文/评论文章，无其他Cluster涉及相同内容"
    },
    {
      "group_id": "G006",
      "cluster_indexes": [
        6
      ],
      "event_title": "Pressure movie D-Day fact check",
      "reason": "独立电影事实核查报道，无其他Cluster涉及相同内容"
    },
    {
      "group_id": "G007",
      "cluster_indexes": [
        7
      ],
      "event_title": "Ghana choir in Magdeburg",
      "reason": "独立文化活动报道，无其他Cluster涉及相同具体活动"
    },
    {
      "group_id": "G008",
      "cluster_indexes": [
        8
      ],
      "event_title": "China tariff fraud challenges",
      "reason": "独立贸易/关税执法问题讨论，虽与Cluster 4相关但为不同具体议题"
    },
    {
      "group_id": "G009",
      "cluster_indexes": [
        9
      ],
      "event_title": "Turkey supports Saudi Arabia in Iran conflict",
      "reason": "独立地缘政治事件报道，无其他Cluster涉及相同具体外交/军事动态"
    },
    {
      "group_id": "G010",
      "cluster_indexes": [
        10
      ],
      "event_title": "Holocaust and colonialism comparison",
      "reason": "独立学术/历史辩论文章，无其他Cluster涉及相同具体讨论"
    },
    {
      "group_id": "G011",
      "cluster_indexes": [
        11
      ],
      "event_title": "History society WhatsApp pralines",
      "reason": "独立地方社区活动报道，与Cluster 2仅关键词相似但为完全不同事件"
    },
    {
      "group_id": "G012",
      "cluster_indexes": [
        12
      ],
      "event_title": "美国与丹麦格陵兰军事协议",
      "reason": "原始Cluster已正确合并：特朗普购买意愿与美丹军事基地协议为同一地缘政治事件的不同方面"
    },
    {
      "group_id": "G013",
      "cluster_indexes": [
        13
      ],
      "event_title": "里昂双年展艺术活动",
      "reason": "独立艺术展览报道，无其他Cluster涉及相同具体文化活动"
    },
    {
      "group_id": "G014",
      "cluster_indexes": [
        14
      ],
      "event_title": "正念与体育结合",
      "reason": "独立生活方式/心理健康话题，无其他Cluster涉及相同内容"
    },
    {
      "group_id": "G015",
      "cluster_indexes": [
        15
      ],
      "event_title": "准爸爸生育心理准备建议",
      "reason": "独立生活建议文章，无其他Cluster涉及相同内容"
    },
    {
      "group_id": "G016",
      "cluster_indexes": [
        16
      ],
      "event_title": "ZDF Magazine Royale与Böhmermann关系",
      "reason": "独立媒体/娱乐新闻，无其他Cluster涉及相同具体人物关系事件"
    },
    {
      "group_id": "G017",
      "cluster_indexes": [
        17
      ],
      "event_title": "MMA选手Christian Eckerlin法律问题",
      "reason": "独立司法/体育新闻，无其他Cluster涉及相同具体案件"
    },
    {
      "group_id": "G018",
      "cluster_indexes": [
        18
      ],
      "event_title": "向儿童解释政治谎言",
      "reason": "独立教育话题文章，无其他Cluster涉及相同内容"
    },
    {
      "group_id": "G019",
      "cluster_indexes": [
        19
      ],
      "event_title": "俄罗斯牺牲意愿分析",
      "reason": "独立地缘政治分析文章，虽与Cluster 9、12相关但为不同具体议题"
    },
    {
      "group_id": "G020",
      "cluster_indexes": [
        20
      ],
      "event_title": "德国体育赛事报道",
      "reason": "多个独立体育赛事报道的集合，无单一共同事件但作为独立体育群组处理"
    },
    {
      "group_id": "G021",
      "cluster_indexes": [
        21
      ],
      "event_title": "德国社会政策改革争议",
      "reason": "多个独立德国国内政策讨论的集合（经济特区vs护理保险），为不同具体政策议题"
    },
    {
      "group_id": "G022",
      "cluster_indexes": [
        22
      ],
      "event_title": "AI代理的欺骗与协调行为风险",
      "reason": "多篇探讨相同AI安全议题的文章，属于同一正在发展的技术风险讨论事件"
    },
    {
      "group_id": "G023",
      "cluster_indexes": [
        23
      ],
      "event_title": "德国养老金与税务规划",
      "reason": "多篇德国个人财务规划文章的集合，为同主题不同具体建议"
    },
    {
      "group_id": "G024",
      "cluster_indexes": [
        24
      ],
      "event_title": "KfW新举措",
      "reason": "多篇报道KfW银行相同创新举措的文章，属于同一金融机构具体行动"
    },
    {
      "group_id": "G025",
      "cluster_indexes": [
        25
      ],
      "event_title": "文化、学术与地方新闻杂项",
      "reason": "多个独立文化/学术/地方报道的集合，彼此无共同具体现实事件关联"
    },
    {
      "group_id": "G026",
      "cluster_indexes": [
        26
      ],
      "event_title": "Hungarian PM Peter Magyar Wine Incident",
      "reason": "独立国内政治事件，无其他Cluster涉及相同具体人物事件"
    },
    {
      "group_id": "G027",
      "cluster_indexes": [
        27
      ],
      "event_title": "自然、旅行与文化视频内容杂项",
      "reason": "多个独立视频/文化报道的集合，无共同具体事件关联"
    },
    {
      "group_id": "G028",
      "cluster_indexes": [
        28
      ],
      "event_title": "美国攻击性武器禁令追踪",
      "reason": "独立立法进程追踪报道，无其他Cluster涉及相同具体法案动态"
    },
    {
      "group_id": "G029",
      "cluster_indexes": [
        29
      ],
      "event_title": "SPAM热蜂蜜口味产品",
      "reason": "独立食品评测内容，无其他Cluster涉及相同具体产品发布"
    },
    {
      "group_id": "G030",
      "cluster_indexes": [
        30
      ],
      "event_title": "SPAM热蜂蜜口味产品(持续追踪)",
      "reason": "独立食品评测内容，与Cluster 29为同一产品系列的不同评测角度，但鉴于内容独立性，作为单独群组处理以确保覆盖完整"
    }
  ]
}
================================================================================

================================================================================
TIME: 2026-09-20T11:59:43.540293+08:00
DATE: 2026-09-20
STAGE: STAGE 1B / ROUND 17 / WINDOW 3
MESSAGE: V6.5.3 Global Merge窗口AI输出Coverage异常，进入自动Repair。
DETAILS:
{
  "attempt": 1,
  "duplicate": [
    4,
    8,
    9
  ],
  "missing": [],
  "extra": [],
  "malformed": [],
  "groups": [
    {
      "group_id": "G001",
      "cluster_indexes": [
        1
      ],
      "event_title": "Lindsay Clancy Case",
      "reason": "独立事件：Lindsay Clancy案相关言论，无其他Cluster涉及此具体案件或人物。"
    },
    {
      "group_id": "G002",
      "cluster_indexes": [
        2
      ],
      "event_title": "Virginia Walmart Murder",
      "reason": "独立事件：弗吉尼亚沃尔玛特定凶杀案，与其他Cluster无重叠。"
    },
    {
      "group_id": "G003",
      "cluster_indexes": [
        3
      ],
      "event_title": "Osborne and Thiel Visit",
      "reason": "独立事件：乔治·奥斯本与彼得·蒂尔参观贝叶挂毯的特定争议，其他政治Cluster涉及不同议题。"
    },
    {
      "group_id": "G004",
      "cluster_indexes": [
        4,
        8,
        9
      ],
      "event_title": "Germany Political and Security Issues",
      "reason": "合并理由：Cluster 4（德国联邦政府中轴线政治危机）、Cluster 8（达姆斯塔特毒品政策）和Cluster 9（法兰克福枪击案）均发生在德国境内，且都属于同一时间窗口（2026-09-20）内德国国内政治安全与社会治理的具体事件链。虽然具体议题不同（联合政府生存、地方毒品政策、刑事治安），但在严格归并标准下，若无明确的跨国或跨类别联系，通常保持独立。然而，鉴于它们都是德国当日的具体新闻事件，且没有明显证据表明它们属于同一个‘单一现实事件’（如政府垮台导致政策变化或治安恶化），根据‘宁可分开’原则，应审慎。重新评估：这三者虽同在德国，但属于不同的具体事件（政治危机 vs 地方政策 vs 刑事个案）。根据‘不得合并：同国家不同事件’，不应合并。故分开处理。"
    },
    {
      "group_id": "G005",
      "cluster_indexes": [
        4
      ],
      "event_title": "German Political Crisis",
      "reason": "独立事件：德国联盟党与社民党联合政府的中轴线危机，属于德国国内政治事件。"
    },
    {
      "group_id": "G006",
      "cluster_indexes": [
        5
      ],
      "event_title": "Verstappen Racing Performance",
      "reason": "独立事件：F1车手维斯塔潘的比赛表现分析，属于体育类独立事件。"
    },
    {
      "group_id": "G007",
      "cluster_indexes": [
        6
      ],
      "event_title": "War Crimes History",
      "reason": "独立事件：德国视角下的战争罪行历史遗留问题讨论，属于历史/社会议题，与当前政治危机无直接因果关联。"
    },
    {
      "group_id": "G008",
      "cluster_indexes": [
        7
      ],
      "event_title": "Abbott Elementary Review",
      "reason": "独立事件：对美剧《Abbott Elementary》的评价，属于娱乐文化类，与其他Cluster无关。"
    },
    {
      "group_id": "G009",
      "cluster_indexes": [
        8
      ],
      "event_title": "Darmstadt Drug Policy",
      "reason": "独立事件：德国达姆斯塔特市的毒品务实解决方案，属于地方政策，与联邦政府政治危机不同层。"
    },
    {
      "group_id": "G010",
      "cluster_indexes": [
        9
      ],
      "event_title": "Frankfurt Shooting Incident",
      "reason": "独立事件：德国法兰克福的特定枪击刑事案，属于治安个案，与其他事件无直接联系。"
    },
    {
      "group_id": "G011",
      "cluster_indexes": [
        10
      ],
      "event_title": "AI Alignment Theory Debate",
      "reason": "独立事件：关于AI对齐理论的学术讨论，涉及文章115-117，与其他技术或政治事件无关。"
    },
    {
      "group_id": "G012",
      "cluster_indexes": [
        11
      ],
      "event_title": "China Development and Business Environment Optimization",
      "reason": "独立事件：中国国家级发展与制度建设政策执行，包括基础设施、科技、外交及营商环境优化，已形成预定义的合并Group。"
    },
    {
      "group_id": "G013",
      "cluster_indexes": [
        12
      ],
      "event_title": "社会文化、区域发展与制造业大会",
      "reason": "独立事件：涵盖人才、区域发展、大湾区科创及世界制造业大会等多个相关但独立的议题，已形成预定义的合并Group。"
    },
    {
      "group_id": "G014",
      "cluster_indexes": [
        13
      ],
      "event_title": "人民日报元数据公告",
      "reason": "独立事件：系统元数据类文章，无具体新闻内容，无法与其他事件合并。"
    },
    {
      "group_id": "G015",
      "cluster_indexes": [
        14
      ],
      "event_title": "2026年亚洲运动会相关报道",
      "reason": "独立事件：围绕2026年亚运会的开幕、项目及比赛情况，属于体育赛事系列报道。"
    },
    {
      "group_id": "G016",
      "cluster_indexes": [
        15
      ],
      "event_title": "Aaron Sorkin新剧本创作",
      "reason": "独立事件：编剧Aaron Sorkin的新作品《The Social Reckoning》，属于娱乐产业独立事件。"
    },
    {
      "group_id": "G017",
      "cluster_indexes": [
        16
      ],
      "event_title": "意外艺术博物馆",
      "reason": "独立事件：关于Accidental Art Museum的报道，属于文化/艺术独立事件。"
    },
    {
      "group_id": "G018",
      "cluster_indexes": [
        17
      ],
      "event_title": "乔治亚大学橄榄球队胜利",
      "reason": "独立事件：乔治亚大学对阵阿肯色大学的橄榄球比赛结果，属于大学体育独立事件。"
    },
    {
      "group_id": "G019",
      "cluster_indexes": [
        18
      ],
      "event_title": "温迪汉堡包装复古回归",
      "reason": "独立事件：Wendy's恢复经典黄色包装设计，属于商业品牌营销独立事件。"
    },
    {
      "group_id": "G020",
      "cluster_indexes": [
        19
      ],
      "event_title": "Clay Aiken被出柜事件回顾",
      "reason": "独立事件：Clay Aiken回忆2006年被出柜的经历，属于名人回忆/娱乐独立事件。"
    },
    {
      "group_id": "G021",
      "cluster_indexes": [
        20
      ],
      "event_title": "FanDuel Betting Promotions",
      "reason": "独立事件：FanDuel针对UFC 331和大学橄榄球赛事的投注促销活动，属于博彩营销独立事件。"
    },
    {
      "group_id": "G022",
      "cluster_indexes": [
        21
      ],
      "event_title": "Fox Nation RNC Special",
      "reason": "独立事件：Fox Nation关于共和党全国代表大会（RNC）的特别报道，属于媒体政治内容独立事件。"
    },
    {
      "group_id": "G023",
      "cluster_indexes": [
        22
      ],
      "event_title": "Carrot Top Hospitalization",
      "reason": "独立事件：喜剧演员Carrot Top住院并取消演出，属于娱乐界健康新闻独立事件。"
    },
    {
      "group_id": "G024",
      "cluster_indexes": [
        23
      ],
      "event_title": "特朗普宣布组建AI部队及白宫记者准入禁令",
      "reason": "独立事件：特朗普政府同时发布的AI Force创建及禁止特定媒体记者进入白宫的政策动作，已形成预定义的合并Group，视为同一政治事件链。"
    },
    {
      "group_id": "G025",
      "cluster_indexes": [
        24
      ],
      "event_title": "Ed Sheeran Addresses Macklemore Controversy",
      "reason": "独立事件：Ed Sheeran在费城演唱会处理与Macklemore的争议，属于音乐界娱乐新闻独立事件。"
    },
    {
      "group_id": "G026",
      "cluster_indexes": [
        25
      ],
      "event_title": "UK Lib Dems Election Strategy",
      "reason": "独立事件：英国自由民主党领导人Ed Davey定位党派对抗Reform UK的选举策略，属于英国政治独立事件。"
    },
    {
      "group_id": "G027",
      "cluster_indexes": [
        26
      ],
      "event_title": "Noah Woods Memorial",
      "reason": "独立事件：足球界及英超联赛纪念夭折幼儿Noah Woods，属于体育界社会新闻独立事件。"
    },
    {
      "group_id": "G028",
      "cluster_indexes": [
        27
      ],
      "event_title": "Spencer Memoir and McCann Book",
      "reason": "独立事件：周日版报纸评论哈里王子回忆录及McCann嫌疑人相关书籍，属于王室/法律图书评论独立事件。"
    },
    {
      "group_id": "G029",
      "cluster_indexes": [
        28
      ],
      "event_title": "Maddy Cusack Anniversary",
      "reason": "独立事件：Maddy Cusack纪念日因验尸官延迟而受到影响，属于英国法律/社会新闻独立事件。"
    },
    {
      "group_id": "G030",
      "cluster_indexes": [
        29
      ],
      "event_title": "Carrick Supports VAR",
      "reason": "独立事件：Michael Carrick表达对VAR的支持 despite误判，属于足球教练观点独立事件。"
    },
    {
      "group_id": "G031",
      "cluster_indexes": [
        30
      ],
      "event_title": "Man Utd Muslim Fan Group Demands Ratcliffe Resign",
      "reason": "独立事件：曼联穆斯林球迷团体要求Jim Ratcliffe辞职，属于足球俱乐部管理争议独立事件。"
    }
  ]
}
================================================================================

================================================================================
TIME: 2026-09-20T11:59:58.107936+08:00
DATE: 2026-09-20
STAGE: STAGE 1B / ROUND 17 / WINDOW 3
MESSAGE: Global Merge窗口AI输出经过Repair后恢复正常。
DETAILS:
{
  "repair_attempt": 1,
  "groups": [
    {
      "group_id": "G001",
      "cluster_indexes": [
        1
      ],
      "event_title": "Lindsay Clancy Case",
      "reason": "独立事件：Lindsay Clancy案相关言论，无其他Cluster涉及此具体案件。"
    },
    {
      "group_id": "G002",
      "cluster_indexes": [
        2
      ],
      "event_title": "Virginia Walmart Murder",
      "reason": "独立事件：弗吉尼亚沃尔玛特定凶杀案。"
    },
    {
      "group_id": "G003",
      "cluster_indexes": [
        3
      ],
      "event_title": "Osborne and Thiel Visit",
      "reason": "独立事件：乔治·奥斯本与彼得·蒂尔参观贝叶挂毯的特定争议。"
    },
    {
      "group_id": "G004",
      "cluster_indexes": [
        4
      ],
      "event_title": "German Political Crisis",
      "reason": "独立事件：德国联盟党与社民党联合政府的中轴线危机。"
    },
    {
      "group_id": "G005",
      "cluster_indexes": [
        5
      ],
      "event_title": "Verstappen Racing Performance",
      "reason": "独立事件：F1车手维斯塔潘的比赛表现分析。"
    },
    {
      "group_id": "G006",
      "cluster_indexes": [
        6
      ],
      "event_title": "War Crimes History",
      "reason": "独立事件：德国视角下的战争罪行历史遗留问题讨论。"
    },
    {
      "group_id": "G007",
      "cluster_indexes": [
        7
      ],
      "event_title": "Abbott Elementary Review",
      "reason": "独立事件：对美国情景喜剧的评价与推荐。"
    },
    {
      "group_id": "G008",
      "cluster_indexes": [
        8
      ],
      "event_title": "Darmstadt Drug Policy",
      "reason": "独立事件：德国达姆斯塔特市针对毒品问题的务实解决方案。"
    },
    {
      "group_id": "G009",
      "cluster_indexes": [
        9
      ],
      "event_title": "Frankfurt Shooting Incident",
      "reason": "独立事件：德国法兰克福发生的刑事枪击案。"
    },
    {
      "group_id": "G010",
      "cluster_indexes": [
        10
      ],
      "event_title": "AI Alignment Theory Debate",
      "reason": "独立事件：关于AI对齐理论的学术讨论。"
    },
    {
      "group_id": "G011",
      "cluster_indexes": [
        11
      ],
      "event_title": "China Development and Business Environment Optimization",
      "reason": "独立事件：中国在基础设施、科技、外交及营商环境方面的国家级发展与制度建设。"
    },
    {
      "group_id": "G012",
      "cluster_indexes": [
        12
      ],
      "event_title": "社会文化、区域发展与制造业大会",
      "reason": "独立事件：涵盖人才、区域发展、大湾区科创及世界制造业大会等议题。"
    },
    {
      "group_id": "G013",
      "cluster_indexes": [
        13
      ],
      "event_title": "人民日报元数据公告",
      "reason": "独立事件：系统或元数据类文章，无具体新闻内容。"
    },
    {
      "group_id": "G014",
      "cluster_indexes": [
        14
      ],
      "event_title": "2026年亚洲运动会相关报道",
      "reason": "独立事件：围绕2026年亚运会的各项报道。"
    },
    {
      "group_id": "G015",
      "cluster_indexes": [
        15
      ],
      "event_title": "Aaron Sorkin新剧本创作",
      "reason": "独立事件：编剧Aaron Sorkin撰写新作品。"
    },
    {
      "group_id": "G016",
      "cluster_indexes": [
        16
      ],
      "event_title": "意外艺术博物馆",
      "reason": "独立事件：关于Accidental Art Museum的报道。"
    },
    {
      "group_id": "G017",
      "cluster_indexes": [
        17
      ],
      "event_title": "乔治亚大学橄榄球队胜利",
      "reason": "独立事件：乔治亚大学橄榄球比赛胜利。"
    },
    {
      "group_id": "G018",
      "cluster_indexes": [
        18
      ],
      "event_title": "温迪汉堡包装复古回归",
      "reason": "独立事件：Wendy's恢复经典黄色包装设计。"
    },
    {
      "group_id": "G019",
      "cluster_indexes": [
        19
      ],
      "event_title": "Clay Aiken被出柜事件回顾",
      "reason": "独立事件：Clay Aiken回忆被出柜经历。"
    },
    {
      "group_id": "G020",
      "cluster_indexes": [
        20
      ],
      "event_title": "FanDuel Betting Promotions",
      "reason": "独立事件：FanDuel针对体育赛的投注促销活动。"
    },
    {
      "group_id": "G021",
      "cluster_indexes": [
        21
      ],
      "event_title": "Fox Nation RNC Special",
      "reason": "独立事件：Fox Nation关于共和党全国代表大会的特别报道。"
    },
    {
      "group_id": "G022",
      "cluster_indexes": [
        22
      ],
      "event_title": "Carrot Top Hospitalization",
      "reason": "独立事件：喜剧演员Carrot Top住院并取消演出。"
    },
    {
      "group_id": "G023",
      "cluster_indexes": [
        23
      ],
      "event_title": "Trump AI Force and Press Ban",
      "reason": "合并事件：特朗普宣布组建AI部队及禁止特定媒体记者进入白宫，属于同一时间段内的政治事件链。"
    },
    {
      "group_id": "G024",
      "cluster_indexes": [
        24
      ],
      "event_title": "Ed Sheeran Addresses Macklemore Controversy",
      "reason": "独立事件：Ed Sheeran处理与Macklemore的争议。"
    },
    {
      "group_id": "G025",
      "cluster_indexes": [
        25
      ],
      "event_title": "UK Lib Dems Election Strategy",
      "reason": "独立事件：英国自由民主党选举策略。"
    },
    {
      "group_id": "G026",
      "cluster_indexes": [
        26
      ],
      "event_title": "Noah Woods Memorial",
      "reason": "独立事件：纪念夭折幼儿Noah Woods。"
    },
    {
      "group_id": "G027",
      "cluster_indexes": [
        27
      ],
      "event_title": "Spencer Memoir and McCann Book",
      "reason": "独立事件：哈里王子回忆录及McCann相关书籍评论。"
    },
    {
      "group_id": "G028",
      "cluster_indexes": [
        28
      ],
      "event_title": "Maddy Cusack Anniversary",
      "reason": "独立事件：Maddy Cusack纪念日相关报道。"
    },
    {
      "group_id": "G029",
      "cluster_indexes": [
        29
      ],
      "event_title": "Carrick Supports VAR",
      "reason": "独立事件：Michael Carrick表达对VAR的支持。"
    },
    {
      "group_id": "G030",
      "cluster_indexes": [
        30
      ],
      "event_title": "Man Utd Muslim Fan Group Demands Ratcliffe Resign",
      "reason": "独立事件：曼联穆斯林球迷团体要求Ratcliffe辞职。"
    }
  ]
}
================================================================================

================================================================================
TIME: 2026-09-20T12:04:48.949225+08:00
DATE: 2026-09-20
STAGE: STAGE 1B / ROUND 19 / WINDOW 7
MESSAGE: V6.5.3 Global Merge窗口AI输出Coverage异常，进入自动Repair。
DETAILS:
{
  "attempt": 1,
  "duplicate": [
    5,
    6
  ],
  "missing": [],
  "extra": [],
  "malformed": [],
  "groups": [
    {
      "group_id": "G001",
      "cluster_indexes": [
        1
      ],
      "event_title": "美国格林兰安全协议",
      "reason": "涉及美国与丹麦就格林兰安全问题达成的特定安全协议，为独立的单一国际外交事件。"
    },
    {
      "group_id": "G002",
      "cluster_indexes": [
        2
      ],
      "event_title": "中国统一战线论坛2026",
      "reason": "‘新时代统一战线论坛·2026’在北京举办的特定政治活动，与其他事件无重合。"
    },
    {
      "group_id": "G003",
      "cluster_indexes": [
        3
      ],
      "event_title": "中欧班列统一品牌十周年",
      "reason": "中欧班列启用统一品牌10周年的特定纪念日及相关成就报道，与其他事件无重合。"
    },
    {
      "group_id": "G004",
      "cluster_indexes": [
        4
      ],
      "event_title": "第二十届亚运会名古屋开幕",
      "reason": "2026年9月在日本名古屋开幕的第二十届亚运会及中国代表团参赛情况，为具体的体育赛事事件。"
    },
    {
      "group_id": "G005",
      "cluster_indexes": [
        5,
        6
      ],
      "event_title": "湖北自贸区知识产权保护与南京营商环境建设",
      "reason": "Cluster 5报道南京打造一流营商环境，Cluster 6报道湖北自贸区知识产权保护。两者均为各自省份的具体经济/司法政策实践案例，地域不同、具体政策内容不同，且无直接因果或从属关系，故分别归类。但根据严格‘同一具体现实事件’标准，它们属于不同省份的不同事件，应分开。等等，Cluster 5和Cluster 6虽然都是国内经济/法治新闻，但地点（南京vs湖北）、具体事项（营商环境整体打造vs知识产权司法保护）均不同，不属于同一具体现实事件。因此应分开。重新调整。"
    },
    {
      "group_id": "G005",
      "cluster_indexes": [
        5
      ],
      "event_title": "南京打造一流营商环境",
      "reason": "南京市高标准打造一流营商环境的具体报道，为地方性政策实践事件。"
    },
    {
      "group_id": "G006",
      "cluster_indexes": [
        6
      ],
      "event_title": "湖北自贸区知识产权保护",
      "reason": "湖北自贸试验区通过司法保护支持企业创新的特定案例，与南京营商环境事件地域及内容均不同。"
    },
    {
      "group_id": "G007",
      "cluster_indexes": [
        7
      ],
      "event_title": "成才答卷写在祖国大地上",
      "reason": "人民日报今日谈评论，讲述青年学子服务国家战略需求，为独立的评论性事件。"
    },
    {
      "group_id": "G008",
      "cluster_indexes": [
        8
      ],
      "event_title": "第五届北斗规模应用国际峰会",
      "reason": "在湖南株洲举行的第五届北斗规模应用国际峰会及北斗系统发展，为特定的科技会议事件。"
    },
    {
      "group_id": "G009",
      "cluster_indexes": [
        9
      ],
      "event_title": "上合组织25周年发展",
      "reason": "人民日报国际论坛文章纪念上海合作组织成立25周年，为特定的国际组织纪念事件。"
    },
    {
      "group_id": "G010",
      "cluster_indexes": [
        10
      ],
      "event_title": "两岸影视文化交流",
      "reason": "两岸影视作品双向交流及文化认同的报道，为特定的文化交流事件。"
    },
    {
      "group_id": "G011",
      "cluster_indexes": [
        11
      ],
      "event_title": "人民日报2026年9月20日版面内容",
      "reason": "三篇文章均来自人民日报同一天同一版面或相邻版面的编辑发布内容，属于同一源头的新闻集合，虽包含不同主题，但作为同一出版物特定版面的整体内容呈现，可视为一个版面事件集合。但根据‘不得合并同国家不同事件’原则，若内部无具体关联，应谨慎。然而Cluster 11本身定义为‘同一源头的新闻集合’，其成员391,392,393是同一版面内容，作为整体归并为一个版面发布事件是合理的，因为它们是同一编辑决策下的产物。"
    },
    {
      "group_id": "G012",
      "cluster_indexes": [
        12
      ],
      "event_title": "国际新闻汇总（纽约时报与福克斯新闻）",
      "reason": "BBC源收录的国际新闻摘要，包含多则独立事件，且无其他文章与之对应，为独立的新闻汇总事件。"
    }
  ]
}
================================================================================

================================================================================
TIME: 2026-09-20T12:05:02.264075+08:00
DATE: 2026-09-20
STAGE: STAGE 1B / ROUND 19 / WINDOW 7
MESSAGE: Global Merge窗口AI输出经过Repair后恢复正常。
DETAILS:
{
  "repair_attempt": 1,
  "groups": [
    {
      "group_id": "G001",
      "cluster_indexes": [
        1
      ],
      "event_title": "美国格林兰安全协议",
      "reason": "美国与丹麦就格林兰安全问题达成的特定安全协议，为独立的单一国际外交事件。"
    },
    {
      "group_id": "G002",
      "cluster_indexes": [
        2
      ],
      "event_title": "中国统一战线论坛2026",
      "reason": "‘新时代统一战线论坛·2026’在北京举办的特定政治活动，与其他事件无重合。"
    },
    {
      "group_id": "G003",
      "cluster_indexes": [
        3
      ],
      "event_title": "中欧班列统一品牌十周年",
      "reason": "中欧班列启用统一品牌10周年的特定纪念日及相关成就报道，与其他事件无重合。"
    },
    {
      "group_id": "G004",
      "cluster_indexes": [
        4
      ],
      "event_title": "第二十届亚运会名古屋开幕",
      "reason": "2026年9月在日本名古屋开幕的第二十届亚运会及中国代表团参赛情况，为具体的体育赛事事件。"
    },
    {
      "group_id": "G005",
      "cluster_indexes": [
        5
      ],
      "event_title": "南京打造一流营商环境",
      "reason": "南京市高标准打造一流营商环境的具体报道，为地方性政策实践事件，地域和内容与Cluster 6不同。"
    },
    {
      "group_id": "G006",
      "cluster_indexes": [
        6
      ],
      "event_title": "湖北自贸区知识产权保护",
      "reason": "湖北自贸试验区通过司法保护支持企业创新的特定案例，与南京营商环境事件地域及内容均不同。"
    },
    {
      "group_id": "G007",
      "cluster_indexes": [
        7
      ],
      "event_title": "成才答卷写在祖国大地上",
      "reason": "人民日报今日谈评论，讲述青年学子服务国家战略需求，为独立的评论性事件。"
    },
    {
      "group_id": "G008",
      "cluster_indexes": [
        8
      ],
      "event_title": "第五届北斗规模应用国际峰会",
      "reason": "在湖南株洲举行的第五届北斗规模应用国际峰会及北斗系统发展，为特定的科技会议事件。"
    },
    {
      "group_id": "G009",
      "cluster_indexes": [
        9
      ],
      "event_title": "上合组织25周年发展",
      "reason": "人民日报国际论坛文章纪念上海合作组织成立25周年，为特定的国际组织纪念事件。"
    },
    {
      "group_id": "G010",
      "cluster_indexes": [
        10
      ],
      "event_title": "两岸影视文化交流",
      "reason": "两岸影视作品双向交流及文化认同的报道，为特定的文化交流事件。"
    },
    {
      "group_id": "G011",
      "cluster_indexes": [
        11
      ],
      "event_title": "人民日报2026年9月20日版面内容",
      "reason": "三篇文章均来自人民日报同一天同一版面或相邻版面的编辑发布内容，属于同一源头的新闻集合。"
    },
    {
      "group_id": "G012",
      "cluster_indexes": [
        12
      ],
      "event_title": "国际新闻汇总（纽约时报与福克斯新闻）",
      "reason": "BBC源收录的国际新闻摘要，包含多则独立事件，且无其他文章与之对应，为独立的新闻汇总事件。"
    }
  ]
}
================================================================================

================================================================================
TIME: 2026-09-20T12:44:00.536660+08:00
DATE: 2026-09-20
STAGE: STAGE 1A / CLUSTER BATCH 3
MESSAGE: AI第一次聚类返回非法ARTICLE归属，启动自动修复。
DETAILS:
{
  "issues": {
    "duplicate": {},
    "missing": [],
    "extra": [
      60
    ],
    "malformed": []
  },
  "clusters": [
    {
      "cluster_id": "C001",
      "article_indexes": [
        60
      ],
      "event_title": "足球教练Peter Hermann去世",
      "event_reason": "关于足球教练Peter Hermann的讣告新闻"
    },
    {
      "cluster_id": "C002",
      "article_indexes": [
        61
      ],
      "event_title": "Linus Torvalds提交Linux内核更新",
      "event_reason": "记录Linux内核开发者Torvalds的代码提交活动"
    },
    {
      "cluster_id": "C003",
      "article_indexes": [
        62,
        63
      ],
      "event_title": "中国前8月水利与业务统计",
      "event_reason": "均为中国政府统计报告，涉及前8月水利建设投资和业务收入增速数据"
    },
    {
      "cluster_id": "C004",
      "article_indexes": [
        64,
        65,
        66,
        67,
        68,
        69,
        70,
        71,
        72,
        73,
        74,
        75,
        76
      ],
      "event_title": "人民日报当日版面内容",
      "event_reason": "均为人民日报同日报纸的不同版面文章，涵盖丰收、长江发展、入境游、无障碍展览、公园建设、长征精神、女子手球、责任编辑、民族团结、书画艺术等内容"
    },
    {
      "cluster_id": "C005",
      "article_indexes": [
        77
      ],
      "event_title": "尼泊尔Gen Z应对气候灾难",
      "event_reason": "报道尼泊尔年轻一代对抗污染者和气候灾难的行动"
    },
    {
      "cluster_id": "C006",
      "article_indexes": [
        78
      ],
      "event_title": "失踪徒步者获救事件",
      "event_reason": "一名徒步者被困11天后被两名Kayaker救出的救援故事"
    },
    {
      "cluster_id": "C007",
      "article_indexes": [
        79
      ],
      "event_title": "美国农民寻求国会救济受阻",
      "event_reason": "报道美国农民希望从国会获得救济但面临的政治阻碍"
    },
    {
      "cluster_id": "C008",
      "article_indexes": [
        80
      ],
      "event_title": "Hasan Piker支持AOC 2028竞选",
      "event_reason": "主播Hasan Piker表示愿意为AOC 2028年竞选助选，而El-Sayed保持距离"
    },
    {
      "cluster_id": "C009",
      "article_indexes": [
        81
      ],
      "event_title": "Sharon Stone指控前夫未经同意为其进行脑部手术",
      "event_reason": "女演员Sharon Stone声称中风后前夫在未获其同意的情况下签署了她的大脑手术"
    },
    {
      "cluster_id": "C010",
      "article_indexes": [
        82,
        86,
        87
      ],
      "event_title": "体育博彩促销广告",
      "event_reason": "Caesars Sportsbook、Dabble和Betr三家博彩平台的促销代码广告，主要针对UFC和大学橄榄球赛事"
    },
    {
      "cluster_id": "C011",
      "article_indexes": [
        83
      ],
      "event_title": "Chase Daniel评论争议",
      "event_reason": "Chase Daniel在SEC Nation节目中对佛罗里达发表贬损性言论，险些导致Tim Tebow离场"
    },
    {
      "cluster_id": "C012",
      "article_indexes": [
        84
      ],
      "event_title": "Caesars体育博彩大学橄榄球促销",
      "event_reason": "Caesars Sportsbook提供大学橄榄球投注促销，下注1美元可翻倍奖金"
    },
    {
      "cluster_id": "C013",
      "event_title": "Richard Branson妻子死因调查",
      "article_indexes": [
        85
      ],
      "event_reason": "验尸官发现Branson的妻子本可通过关键药物存活"
    },
    {
      "cluster_id": "C014",
      "article_indexes": [
        88
      ],
      "event_title": "纽约州滑翔机相撞事故",
      "event_reason": "纽约州两架滑翔机相撞导致1人死亡的航空事故"
    },
    {
      "cluster_id": "C015",
      "article_indexes": [
        89
      ],
      "event_title": "美国与丹麦格陵兰安全协议",
      "event_reason": "特朗普称美国与丹麦就格陵兰岛达成安全协议"
    },
    {
      "cluster_id": "C016",
      "article_indexes": [
        90
      ],
      "event_title": "肯尼迪中心抗议活动",
      "event_reason": "抗议者在肯尼迪中心组成人链，反对特朗普拆除该中心的威胁"
    }
  ]
}
================================================================================

================================================================================
TIME: 2026-09-20T12:48:20.038870+08:00
DATE: 2026-09-20
STAGE: STAGE 1B / ROUND 1 / WINDOW 6
MESSAGE: V6.5.3 Global Merge窗口AI输出Coverage异常，进入自动Repair。
DETAILS:
{
  "attempt": 1,
  "duplicate": [],
  "missing": [
    4,
    5,
    6,
    8,
    10,
    11,
    12,
    18
  ],
  "extra": [],
  "malformed": [],
  "groups": [
    {
      "group_id": "G001",
      "cluster_indexes": [
        3,
        19
      ],
      "event_title": "卢浮宫蒙娜丽莎展厅闹事事件",
      "reason": "Cluster 3和Cluster 19报道的是同一具体事件：两名人员（来源2为法国报道，来源3为德国报道）在卢浮宫蒙娜丽莎展厅进行恶作剧（挂画/悬挂图片）并被逮捕。这是同一现实世界事件的跨区域报道，属于同一具体文化场所安全事件。"
    },
    {
      "group_id": "G002",
      "cluster_indexes": [
        14,
        15
      ],
      "event_title": "特朗普相关政治争议事件",
      "reason": "Cluster 14报道格陵兰交易的地缘政治分析，Cluster 15报道特朗普关于格陵兰永久控制权的说法及其儿子偿还俄罗斯寡头债务的问题。两篇均围绕特朗普政府的格陵兰政策争议及相关政治丑闻，属于同一正在持续发展的单一政治事件。"
    },
    {
      "group_id": "G003",
      "cluster_indexes": [
        22
      ],
      "event_title": "AI发展与美国AI_force政策",
      "reason": "单独报道特朗普宣布成立AI Force用于AI监控及专家对AI末日警告的看法，无其他直接相关Cluster。"
    },
    {
      "group_id": "G004",
      "cluster_indexes": [
        7
      ],
      "event_title": "俄乌战争动态",
      "reason": "单独报道普京声称欧洲准备战争、第聂伯河战线报告及普京为战争辩护，虽含3篇文章但属同一持续战争的关联报道，无其他Cluster与之合并。"
    },
    {
      "group_id": "G005",
      "cluster_indexes": [
        9
      ],
      "event_title": "胡塞武装对利雅得导弹袭击",
      "reason": "单独报道沙特拦截胡塞武装弹道导弹袭击利雅得，无其他Cluster与之直接相关。"
    },
    {
      "group_id": "G006",
      "cluster_indexes": [
        1,
        2,
        13,
        16,
        17,
        20,
        21,
        23,
        24,
        25,
        26,
        27,
        28,
        29,
        30
      ],
      "event_title": "各独立事件（无需合并）",
      "reason": "这些Cluster各自代表独立的单一具体事件，彼此之间无直接现实世界关联：法国2027总统选举候选人动态、Ed Sheeran巴勒斯坦争议、Cuba电网崩溃、NAZA纪录片争议、突尼斯游艇产业、尼日利亚悲剧、乌克兰儿童战士技能培训、齐达内任命法国足球教练、德国能源税削减、亚运会住宿问题、海牙极右翼抗议、PETA抗议辞职、Oktoberfest掰手腕受伤、Peter Hermann去世、BookTok德国书籍封面、Celine Dion复出、VfB斯图加特失利、NATO国防领导层呼吁、Brigitte Bardot遗产拍卖、德国少年偷车、Aaron Sorkin新作采访。各事件主题、地点、人物均不同，不符合合并条件。"
    }
  ]
}
================================================================================

================================================================================
TIME: 2026-09-20T12:48:35.837383+08:00
DATE: 2026-09-20
STAGE: STAGE 1B / ROUND 1 / WINDOW 6
MESSAGE: Global Merge窗口AI输出经过Repair后恢复正常。
DETAILS:
{
  "repair_attempt": 1,
  "groups": [
    {
      "group_id": "G001",
      "cluster_indexes": [
        1
      ],
      "event_title": "法国2027年总统选举候选人动态",
      "reason": "单独报道法国2027年总统选举左侧 primaire 中的候选人动态，无其他Cluster与之直接相关。"
    },
    {
      "group_id": "G002",
      "cluster_indexes": [
        2
      ],
      "event_title": "Ed Sheeran关于巴勒斯坦争议的音乐界道德困境",
      "reason": "单独报道歌手Ed Sheeran在巴勒斯坦问题上的公众争议和道德困境，属于娱乐界社会议题，无其他文章与之直接相关。"
    },
    {
      "group_id": "G003",
      "cluster_indexes": [
        3,
        19
      ],
      "event_title": "卢浮宫蒙娜丽莎展厅闹事事件",
      "reason": "Cluster 3和Cluster 19报道同一具体事件：两名人员在卢浮宫蒙娜丽莎展厅进行恶作剧（挂画/悬挂图片）并被逮捕。这是同一现实世界事件的跨区域报道。"
    },
    {
      "group_id": "G004",
      "cluster_indexes": [
        4
      ],
      "event_title": "格陵兰交易的地缘政治分析",
      "reason": "单独分析特朗普政府与格陵兰交易的政治影响，无其他Cluster与之直接相关。"
    },
    {
      "group_id": "G005",
      "cluster_indexes": [
        5
      ],
      "event_title": "China becomes Rwanda's top export market",
      "reason": "单独报道中国成为卢旺达最大出口市场的经济贸易关系，无其他Cluster与之直接相关。"
    },
    {
      "group_id": "G006",
      "cluster_indexes": [
        6
      ],
      "event_title": "Macron hosts Canadian PM Carney",
      "reason": "单独报道马克龙会见加拿大总理卡尼的外交会晤，无其他Cluster与之直接相关。"
    },
    {
      "group_id": "G007",
      "cluster_indexes": [
        7
      ],
      "event_title": "Russia-Ukraine war developments",
      "reason": "单独报道俄乌战争的多项发展动态，虽含3篇文章但属同一持续战争的关联报道，无其他Cluster与之合并。"
    },
    {
      "group_id": "G008",
      "cluster_indexes": [
        8
      ],
      "event_title": "Cuba electrical grid collapse",
      "reason": "单独报道古巴电网崩溃导致数百万人断电的事件，无其他Cluster与之直接相关。"
    },
    {
      "group_id": "G009",
      "cluster_indexes": [
        9
      ],
      "event_title": "Houthi missile attack on Riyadh",
      "reason": "单独报道胡塞武装导弹袭击利雅得及沙特拦截事件，无其他Cluster与之直接相关。"
    },
    {
      "group_id": "G010",
      "cluster_indexes": [
        10
      ],
      "event_title": "NAZA documentary controversy in Israel",
      "reason": "单独报道关于纳粹时期的纪录片在以色列引发政治风暴的事件，无其他Cluster与之直接相关。"
    },
    {
      "group_id": "G011",
      "cluster_indexes": [
        11
      ],
      "event_title": "Tunisia boat industry growth",
      "reason": "单独报道突尼斯游艇产业增长的新闻，无其他Cluster与之直接相关。"
    },
    {
      "group_id": "G012",
      "cluster_indexes": [
        12
      ],
      "event_title": "Tragedies in Nigeria",
      "reason": "单独报道尼日利亚两起悲剧事件（羁押中37人死亡和奥多州酒精中毒49人死亡），无其他Cluster与之直接相关。"
    },
    {
      "group_id": "G013",
      "cluster_indexes": [
        13
      ],
      "event_title": "Ukrainian children learning warrior skills",
      "reason": "单独报道乌克兰儿童学习古代战士技能的新闻，无其他Cluster与之直接相关。"
    },
    {
      "group_id": "G014",
      "cluster_indexes": [
        14
      ],
      "event_title": "Zidane named France football boss",
      "reason": "单独报道齐达内被任命为法国足球队教练并公布首批名单的事件，无其他Cluster与之直接相关。"
    },
    {
      "group_id": "G015",
      "cluster_indexes": [
        15
      ],
      "event_title": "Trump related news",
      "reason": "单独报道关于特朗普的新闻（格陵兰控制权说法及儿子偿还俄罗斯寡头债务），无其他Cluster与之直接相关。"
    },
    {
      "group_id": "G016",
      "cluster_indexes": [
        16
      ],
      "event_title": "Germany cuts energy tax",
      "reason": "单独报道德国削减能源税以降低汽油价格的新闻，无其他Cluster与之直接相关。"
    },
    {
      "group_id": "G017",
      "cluster_indexes": [
        17
      ],
      "event_title": "Asian Games accommodation issues in Japan",
      "reason": "单独报道日本亚运会开幕期间住宿问题的新闻，无其他Cluster与之直接相关。"
    },
    {
      "group_id": "G018",
      "cluster_indexes": [
        18
      ],
      "event_title": "Far-right protests in The Hague",
      "reason": "单独报道海牙市中心极右翼抗议者的新闻，无其他Cluster与之直接相关。"
    },
    {
      "group_id": "G019",
      "cluster_indexes": [
        20
      ],
      "event_title": "PETA protest resignation",
      "reason": "单独报道美国时尚行业负责人Steven Kolb因PETA激进分子袭击而辞职的事件，无其他Cluster与之直接相关。"
    },
    {
      "group_id": "G020",
      "cluster_indexes": [
        21
      ],
      "event_title": "Oktoberfest arm wrestling injury",
      "reason": "单独报道慕尼黑啤酒节游客掰手腕受伤的新闻，无其他Cluster与之直接相关。"
    },
    {
      "group_id": "G021",
      "cluster_indexes": [
        22
      ],
      "event_title": "AI development and concerns",
      "reason": "单独报道特朗普宣布成立AI Force及专家对AI末日警告的看法，无其他Cluster与之直接相关。"
    },
    {
      "group_id": "G022",
      "cluster_indexes": [
        23
      ],
      "event_title": "Peter Hermann death",
      "reason": "单独报道德国演员Peter Hermann去世的新闻，无其他Cluster与之直接相关。"
    },
    {
      "group_id": "G023",
      "cluster_indexes": [
        24
      ],
      "event_title": "BookTok German book covers",
      "reason": "单独报道德国书籍封面设计与原版不同的文化现象分析，无其他Cluster与之直接相关。"
    },
    {
      "group_id": "G024",
      "cluster_indexes": [
        25
      ],
      "event_title": "Celine Dion comeback",
      "reason": "单独报道席琳·迪翁复出的专栏文章，无其他Cluster与之直接相关。"
    },
    {
      "group_id": "G025",
      "cluster_indexes": [
        26
      ],
      "event_title": "VfB Stuttgart loses to Borussia Dortmund",
      "reason": "单独报道德甲比赛中斯图加特负于多特蒙德的体育新闻，无其他Cluster与之直接相关。"
    },
    {
      "group_id": "G026",
      "cluster_indexes": [
        27
      ],
      "event_title": "NATO defense leadership calls",
      "reason": "单独报道德国政治家要求快速任命联邦国防军领导层的新闻，无其他Cluster与之直接相关。"
    },
    {
      "group_id": "G027",
      "cluster_indexes": [
        28
      ],
      "event_title": "Brigitte Bardot estate auction",
      "reason": "单独报道碧姬·芭杜遗产拍卖引发的争议，无其他Cluster与之直接相关。"
    },
    {
      "group_id": "G028",
      "cluster_indexes": [
        29
      ],
      "event_title": "德国少年偷车逃跑",
      "reason": "单独报道梅克伦堡湖区一名13岁少年偷车并躲避警察的治安事件，无其他Cluster与之直接相关。"
    },
    {
      "group_id": "G029",
      "cluster_indexes": [
        30
      ],
      "event_title": "Aaron Sorkin新作采访",
      "reason": "单独报道编剧Aaron Sorkin关于新剧《The Social Reckoning》创作的独立新闻，无其他Cluster与之直接相关。"
    }
  ]
}
================================================================================

================================================================================
TIME: 2026-09-20T12:48:48.378896+08:00
DATE: 2026-09-20
STAGE: STAGE 1B / ROUND 1 / WINDOW 7
MESSAGE: V6.5.3 Global Merge窗口AI输出Coverage异常，进入自动Repair。
DETAILS:
{
  "attempt": 1,
  "duplicate": [
    12,
    15
  ],
  "missing": [],
  "extra": [],
  "malformed": [],
  "groups": [
    {
      "group_id": "G001",
      "cluster_indexes": [
        1,
        16,
        22,
        23
      ],
      "event_title": "德甲及德乙联赛赛事动态",
      "reason": "Cluster 1报道门兴格拉德巴赫德甲连败，Cluster 16报道多特蒙德德甲领跑，Cluster 22报道法兰克福德甲平局，Cluster 23报道汉堡HSV在德乙的首胜。这些均属于同一时间段内德国足球顶级联赛体系（德甲及德乙）的具体赛事结果报道，构成同一体育赛季动态事件的多个侧面。"
    },
    {
      "group_id": "G002",
      "cluster_indexes": [
        2,
        26
      ],
      "event_title": "北约军事委员会主席Carsten Breuer任命",
      "reason": "Cluster 2报道Carsten Breuer被任命为北约军事委员会主席，Cluster 26同样报道该人事任命事件。两者描述的是同一具体现实世界事件，即同一人物的同一职务任命。"
    },
    {
      "group_id": "G003",
      "cluster_indexes": [
        3,
        19
      ],
      "event_title": "德国政府政策与总理默茨政治处境",
      "reason": "Cluster 3分析德国总理Friedrich Merz的政治处境及与SPD关系，Cluster 19批评德国政府燃油价格补贴政策。两者均聚焦于德国联邦政府当前的施政表现与政治困境，属于同一政府执政周期内的政治事件集合，且政策批评直接影响总理政治处境，构成同一政治现实事件的不同维度。"
    },
    {
      "group_id": "G004",
      "cluster_indexes": [
        4
      ],
      "event_title": "德乙联赛动态",
      "reason": "单独归并，报道德乙教练任命和比赛结果，虽与G001同属德国足球，但侧重教练人事变动而非比赛结果，且无其他Cluster合并。"
    },
    {
      "group_id": "G005",
      "cluster_indexes": [
        5
      ],
      "event_title": "脂肪肝健康科普",
      "reason": "独立的医学科普内容，无其他Cluster与之相关。"
    },
    {
      "group_id": "G006",
      "cluster_indexes": [
        6
      ],
      "event_title": "奥地利WhatsApp性骚扰案件",
      "reason": "独立的法律案件报道，无其他Cluster与之相关。"
    },
    {
      "group_id": "G007",
      "cluster_indexes": [
        7
      ],
      "event_title": "中国考古发现断鼻骨架",
      "reason": "独立的考古发现报道，无其他Cluster与之相关。"
    },
    {
      "group_id": "G008",
      "cluster_indexes": [
        8,
        24
      ],
      "event_title": "特朗普限制媒体进入白宫",
      "reason": "Cluster 8报道特朗普拒绝MS NOW媒体进入白宫，Cluster 24报道特朗普禁止CNN和MSNBC记者进入白宫。两者均为特朗普总统期间限制特定媒体机构进入白宫的新闻自由事件，属于同一系列行政行动的具体实例，可归并为同一持续发展的单一现实事件。"
    },
    {
      "group_id": "G009",
      "cluster_indexes": [
        9
      ],
      "event_title": "土耳其安全局势评论",
      "reason": "独立的专栏评论文章，无其他Cluster与之相关。"
    },
    {
      "group_id": "G010",
      "cluster_indexes": [
        10
      ],
      "event_title": "社会信任心理分析",
      "reason": "独立的社会心理学评论，无其他Cluster与之相关。"
    },
    {
      "group_id": "G011",
      "cluster_indexes": [
        11
      ],
      "event_title": "电影Pressure事实核查",
      "reason": "独立的影视事实核查内容，无其他Cluster与之相关。"
    },
    {
      "group_id": "G012",
      "cluster_indexes": [
        12,
        15
      ],
      "event_title": "特朗普AI政策与关税对华影响",
      "reason": "Cluster 12报道特朗普在人工智能领域的政策主张和监管动态，Cluster 15探讨特朗普关税政策下中国走私行为。两者均涉及特朗普政府的关键经济与技术政策动向，但属于不同政策领域（AI监管 vs 关税贸易），根据不得合并'同国家不同事件'原则，此处不应合并。修正：分开处理。"
    },
    {
      "group_id": "G013",
      "cluster_indexes": [
        12
      ],
      "event_title": "特朗普AI政策动向",
      "reason": "独立的AI政策报道，与Cluster 15虽同属特朗普政策但领域不同，不合并。"
    },
    {
      "group_id": "G014",
      "cluster_indexes": [
        15
      ],
      "event_title": "中美关税与走私问题",
      "reason": "独立的贸易政策分析，与Cluster 12领域不同，不合并。"
    },
    {
      "group_id": "G015",
      "cluster_indexes": [
        13
      ],
      "event_title": "加纳合唱团德国巡演",
      "reason": "独立的文化活动报道，无其他Cluster与之相关。"
    },
    {
      "group_id": "G016",
      "cluster_indexes": [
        14
      ],
      "event_title": "海牙极右翼骚乱",
      "reason": "独立的治安事件报道，无其他Cluster与之相关。"
    },
    {
      "group_id": "G017",
      "cluster_indexes": [
        17
      ],
      "event_title": "伊朗战争土耳其立场",
      "reason": "独立的地缘政治liveblog报道，无其他Cluster与之相关。"
    },
    {
      "group_id": "G018",
      "cluster_indexes": [
        18
      ],
      "event_title": "大屠杀与殖民主义比较",
      "reason": "独立的学术辩论文章，无其他Cluster与之相关。"
    },
    {
      "group_id": "G019",
      "cluster_indexes": [
        20
      ],
      "event_title": "历史协会WhatsApp活动",
      "reason": "独立的社区活动报道，无其他Cluster与之相关。"
    },
    {
      "group_id": "G020",
      "cluster_indexes": [
        21,
        25
      ],
      "event_title": "特朗普获取格陵兰岛控制权及美丹军事基地协议",
      "reason": "Cluster 21报道特朗普表示将通过某种方式获取格陵兰岛控制权，Cluster 25报道美国与丹麦/格陵兰关于永久军事存在的协议。两者涉及同一地缘政治目标——美国在格陵兰岛的军事存在与控制权，属于同一领土与军事战略事件的两个方面：政治意图表述与实际协议达成。"
    },
    {
      "group_id": "G021",
      "cluster_indexes": [
        27
      ],
      "event_title": "滑翔机伴随引擎故障空客飞行",
      "reason": "独立的航空事件报道，无其他Cluster与之相关。"
    },
    {
      "group_id": "G022",
      "cluster_indexes": [
        28
      ],
      "event_title": "里昂双年展艺术讨论",
      "reason": "独立的文化艺术活动报道，无其他Cluster与之相关。"
    },
    {
      "group_id": "G023",
      "cluster_indexes": [
        29
      ],
      "event_title": "正念与运动",
      "reason": "独立的健康生活方式评论，无其他Cluster与之相关。"
    },
    {
      "group_id": "G024",
      "cluster_indexes": [
        30
      ],
      "event_title": "准爸爸准备建议",
      "reason": "独立的育儿建议文章，无其他Cluster与之相关。"
    }
  ]
}
================================================================================

================================================================================
TIME: 2026-09-20T12:49:04.328557+08:00
DATE: 2026-09-20
STAGE: STAGE 1B / ROUND 1 / WINDOW 7
MESSAGE: Global Merge窗口AI输出经过Repair后恢复正常。
DETAILS:
{
  "repair_attempt": 1,
  "groups": [
    {
      "group_id": "G001",
      "cluster_indexes": [
        1,
        4,
        16,
        22,
        23
      ],
      "event_title": "德国足球联赛动态",
      "reason": "Cluster 1报道门兴德甲连败，Cluster 4报道德乙教练任命和比赛结果，Cluster 16报道多特蒙德德甲领跑，Cluster 22报道法兰克福德甲平局，Cluster 23报道汉堡德乙首胜。这些均属于同一时间段内德国足球联赛体系（德甲和德乙）的具体赛事和人事动态，构成同一体育联赛周期的多个侧面事件。"
    },
    {
      "group_id": "G002",
      "cluster_indexes": [
        2,
        26
      ],
      "event_title": "北约军事委员会主席Carsten Breuer任命",
      "reason": "Cluster 2和Cluster 26均报道Carsten Breuer被任命为北约军事委员会主席的同一人事任命事件。"
    },
    {
      "group_id": "G003",
      "cluster_indexes": [
        3
      ],
      "event_title": "德国总理默茨政治处境分析",
      "reason": "单独归并，三篇文章围绕德国总理Friedrich Merz的政治处境、媒体评价及与SPD关系展开，无其他Cluster与之构成同一具体事件。"
    },
    {
      "group_id": "G004",
      "cluster_indexes": [
        5
      ],
      "event_title": "脂肪肝健康科普",
      "reason": "独立的医学科普内容，无其他Cluster与之相关。"
    },
    {
      "group_id": "G005",
      "cluster_indexes": [
        6
      ],
      "event_title": "奥地利WhatsApp性骚扰案件",
      "reason": "独立的法律案件报道，无其他Cluster与之相关。"
    },
    {
      "group_id": "G006",
      "cluster_indexes": [
        7
      ],
      "event_title": "中国考古发现断鼻骨架",
      "reason": "独立的考古发现报道，无其他Cluster与之相关。"
    },
    {
      "group_id": "G007",
      "cluster_indexes": [
        8,
        24
      ],
      "event_title": "特朗普限制媒体进入白宫",
      "reason": "Cluster 8报道特朗普拒绝MS NOW媒体进入白宫，Cluster 24报道特朗普禁止CNN和MSNBC记者进入白宫。两者均为特朗普总统期间限制特定媒体机构进入白宫的新闻自由事件，属于同一系列行政行动的具体实例，可归并为同一持续发展的单一现实事件。"
    },
    {
      "group_id": "G008",
      "cluster_indexes": [
        9
      ],
      "event_title": "土耳其安全局势评论",
      "reason": "独立的专栏评论文章，无其他Cluster与之相关。"
    },
    {
      "group_id": "G009",
      "cluster_indexes": [
        10
      ],
      "event_title": "社会信任心理分析",
      "reason": "独立的社会心理学评论，无其他Cluster与之相关。"
    },
    {
      "group_id": "G010",
      "cluster_indexes": [
        11
      ],
      "event_title": "电影Pressure事实核查",
      "reason": "独立的影视事实核查内容，无其他Cluster与之相关。"
    },
    {
      "group_id": "G011",
      "cluster_indexes": [
        12
      ],
      "event_title": "特朗普AI政策动向",
      "reason": "独立的AI政策报道，无其他Cluster与之构成同一具体事件。"
    },
    {
      "group_id": "G012",
      "cluster_indexes": [
        13
      ],
      "event_title": "加纳合唱团德国巡演",
      "reason": "独立的文化活动报道，无其他Cluster与之相关。"
    },
    {
      "group_id": "G013",
      "cluster_indexes": [
        14
      ],
      "event_title": "海牙极右翼骚乱",
      "reason": "独立的治安事件报道，无其他Cluster与之相关。"
    },
    {
      "group_id": "G014",
      "cluster_indexes": [
        15
      ],
      "event_title": "中美关税与走私问题",
      "reason": "独立的贸易政策分析，无其他Cluster与之构成同一具体事件。"
    },
    {
      "group_id": "G015",
      "cluster_indexes": [
        17
      ],
      "event_title": "伊朗战争土耳其立场",
      "reason": "独立的地缘政治liveblog报道，无其他Cluster与之相关。"
    },
    {
      "group_id": "G016",
      "cluster_indexes": [
        18
      ],
      "event_title": "大屠杀与殖民主义比较",
      "reason": "独立的学术辩论文章，无其他Cluster与之相关。"
    },
    {
      "group_id": "G017",
      "cluster_indexes": [
        19
      ],
      "event_title": "德国燃油价格补贴政策批评",
      "reason": "独立的政策评论文章，无其他Cluster与之构成同一具体事件。"
    },
    {
      "group_id": "G018",
      "cluster_indexes": [
        20
      ],
      "event_title": "历史协会WhatsApp活动",
      "reason": "独立的社区活动报道，无其他Cluster与之相关。"
    },
    {
      "group_id": "G019",
      "cluster_indexes": [
        21,
        25
      ],
      "event_title": "美国获取格陵兰岛控制权及军事基地协议",
      "reason": "Cluster 21报道特朗普表示将通过某种方式获取格陵兰岛控制权，Cluster 25报道美国与丹麦/格陵兰关于永久军事存在的协议。两者涉及同一地缘政治目标——美国在格陵兰岛的军事存在与控制权，属于同一领土与军事战略事件的两个方面：政治意图表述与实际协议达成。"
    },
    {
      "group_id": "G020",
      "cluster_indexes": [
        27
      ],
      "event_title": "滑翔机伴随引擎故障空客飞行",
      "reason": "独立的航空事件报道，无其他Cluster与之相关。"
    },
    {
      "group_id": "G021",
      "cluster_indexes": [
        28
      ],
      "event_title": "里昂双年展艺术讨论",
      "reason": "独立的文化艺术活动报道，无其他Cluster与之相关。"
    },
    {
      "group_id": "G022",
      "cluster_indexes": [
        29
      ],
      "event_title": "正念与运动",
      "reason": "独立的健康生活方式评论，无其他Cluster与之相关。"
    },
    {
      "group_id": "G023",
      "cluster_indexes": [
        30
      ],
      "event_title": "准爸爸准备建议",
      "reason": "独立的育儿建议文章，无其他Cluster与之相关。"
    }
  ]
}
================================================================================

================================================================================
TIME: 2026-09-20T12:52:43.914101+08:00
DATE: 2026-09-20
STAGE: STAGE 1B / ROUND 3 / WINDOW 3
MESSAGE: V6.5.3 Global Merge窗口AI输出Coverage异常，进入自动Repair。
DETAILS:
{
  "attempt": 1,
  "duplicate": [
    15
  ],
  "missing": [],
  "extra": [],
  "malformed": [],
  "groups": [
    {
      "group_id": "G001",
      "cluster_indexes": [
        1
      ],
      "event_title": "战争罪行与历史遗留问题",
      "reason": "独立国际法/历史事件，无其他相关Cluster。"
    },
    {
      "group_id": "G002",
      "cluster_indexes": [
        2
      ],
      "event_title": "《elementary》剧集评价",
      "reason": "独立影视评论内容，无其他相关Cluster。"
    },
    {
      "group_id": "G003",
      "cluster_indexes": [
        3
      ],
      "event_title": "达姆施塔特毒品问题治理",
      "reason": "独立德国地方社会问题，无其他相关Cluster。"
    },
    {
      "group_id": "G004",
      "cluster_indexes": [
        4
      ],
      "event_title": "法兰克福车辆射击事件",
      "reason": "独立德国犯罪案件，无其他相关Cluster。"
    },
    {
      "group_id": "G005",
      "cluster_indexes": [
        5
      ],
      "event_title": "AI风险与价值对齐研究",
      "reason": "独立学术/伦理讨论主题，虽与Cluster 27同属AI领域，但27为政治政策动作，5为理论研究，性质不同。"
    },
    {
      "group_id": "G006",
      "cluster_indexes": [
        6
      ],
      "event_title": "中国沿海与边境发展策略",
      "reason": "独立中国经济政策报道，无其他相关Cluster。"
    },
    {
      "group_id": "G007",
      "cluster_indexes": [
        7
      ],
      "event_title": "中国对外开放合作成果与中欧班列发展",
      "reason": "已合并的中国对外开放具体合作项目，无更多相关Cluster。"
    },
    {
      "group_id": "G008",
      "cluster_indexes": [
        8
      ],
      "event_title": "2026年名古屋亚运会",
      "reason": "已合并的同一届体育赛事，无更多相关Cluster。"
    },
    {
      "group_id": "G009",
      "cluster_indexes": [
        9
      ],
      "event_title": "中国自贸区司法保护与营商环境优化",
      "reason": "已合并的中国自贸区制度创新具体政策推进，无更多相关Cluster。"
    },
    {
      "group_id": "G010",
      "cluster_indexes": [
        10
      ],
      "event_title": "人民日报社论与编辑团队",
      "reason": "独立媒体栏目集合，无其他相关Cluster。"
    },
    {
      "group_id": "G011",
      "cluster_indexes": [
        11
      ],
      "event_title": "中国参与区域国际合作机制",
      "reason": "独立多边区域合作机制报道，无其他相关Cluster。"
    },
    {
      "group_id": "G012",
      "cluster_indexes": [
        12
      ],
      "event_title": "大湾区科创协同",
      "reason": "独立科技创新协同进展报道，无其他相关Cluster。"
    },
    {
      "group_id": "G013",
      "cluster_indexes": [
        13
      ],
      "event_title": "2026世界制造业大会",
      "reason": "独立会议事件报道，无其他相关Cluster。"
    },
    {
      "group_id": "G014",
      "cluster_indexes": [
        14
      ],
      "event_title": "加州打击网红未披露政治广告",
      "reason": "独立美国地方监管新规，无其他相关Cluster。"
    },
    {
      "group_id": "G015",
      "cluster_indexes": [
        15
      ],
      "event_title": "胡塞武装袭击沙特首都",
      "reason": "注意：此Cluster已在原始系统中与Cluster 29合并为同一军事冲突实体行动。由于Cluster 29包含更多信息维度（供应链影响）且被标记为主要合并组，根据合并逻辑，两者应同属G016。此处仅列出独立项。若需严格对应原始Cluster 15内容，它属于G015。但根据指令'每个恰好一次'及现实事件一致性，胡塞武装袭击中东目标是一个连续事件。Cluster 15 (EVT-20260920-000361) 报道袭击沙特首都，Cluster 29 (EVT-20260920-000377) 报道袭击及供应链影响。两者描述同一军事冲突的不同侧面。因此合并入G016。本Group为空或作为占位说明逻辑。实际上Cluster 15应归入G016。"
    },
    {
      "group_id": "G016",
      "cluster_indexes": [
        15,
        29
      ],
      "event_title": "胡塞武装袭击中东目标及供应链影响",
      "reason": "Cluster 15报道胡塞武装袭击沙特首都，Cluster 29报道胡塞武装袭击导致柴油供应损失及袭击沙特利雅得。两者属于同一军事冲突实体（胡塞武装）在同一时间窗口下的连续行动，符合'同一正在持续发展的单一现实事件'。"
    },
    {
      "group_id": "G017",
      "cluster_indexes": [
        16
      ],
      "event_title": "印度面临特朗普关税与俄罗斯石油压力",
      "reason": "独立地缘经济事件报道，无其他相关Cluster。"
    },
    {
      "group_id": "G018",
      "cluster_indexes": [
        17
      ],
      "event_title": "AI崛起引发无人机安全威胁",
      "reason": "独立技术安全警告事件，无其他相关Cluster。"
    },
    {
      "group_id": "G019",
      "cluster_indexes": [
        18
      ],
      "event_title": "艾伦·索金谈Facebook故事",
      "reason": "独立娱乐人物访谈，无其他相关Cluster。"
    },
    {
      "group_id": "G020",
      "cluster_indexes": [
        19
      ],
      "event_title": "纽约地铁破损基础设施形成艺术景观",
      "reason": "独立城市文化现象报道，无其他相关Cluster。"
    },
    {
      "group_id": "G021",
      "cluster_indexes": [
        20
      ],
      "event_title": "阿肯色大学对阵佐治亚大学比赛",
      "reason": "独立大学体育事件，无其他相关Cluster。"
    },
    {
      "group_id": "G022",
      "cluster_indexes": [
        21
      ],
      "event_title": "Wendy's复古黄色包装回归",
      "reason": "独立品牌营销活动，无其他相关Cluster。"
    },
    {
      "group_id": "G023",
      "cluster_indexes": [
        22
      ],
      "event_title": "Clay Aiken回忆被出柜经历",
      "reason": "独立娱乐人物个人经历回顾，无其他相关Cluster。"
    },
    {
      "group_id": "G024",
      "cluster_indexes": [
        23
      ],
      "event_title": "拉斯维加斯旅游业复苏",
      "reason": "独立经济趋势报道，无其他相关Cluster。"
    },
    {
      "group_id": "G025",
      "cluster_indexes": [
        24
      ],
      "event_title": "FanDuel体育博彩促销",
      "reason": "独立商业促销活动，无其他相关Cluster。"
    },
    {
      "group_id": "G026",
      "cluster_indexes": [
        25
      ],
      "event_title": "Fox Nation RNC中期选举特别节目",
      "reason": "独立政治媒体节目，无其他相关Cluster。"
    },
    {
      "group_id": "G027",
      "cluster_indexes": [
        26
      ],
      "event_title": "Carrot Top住院治疗",
      "reason": "独立娱乐人物健康事件，无其他相关Cluster。"
    },
    {
      "group_id": "G028",
      "cluster_indexes": [
        27
      ],
      "event_title": "特朗普宣布成立AI Force",
      "reason": "独立政治政策动作，与Cluster 5（理论研究）和Cluster 17（无人机安全）不同，这是具体的行政/政治举措。"
    },
    {
      "group_id": "G029",
      "cluster_indexes": [
        28
      ],
      "event_title": "记者被禁入白宫",
      "reason": "独立新闻自由/政治事件，无其他相关Cluster。"
    },
    {
      "group_id": "G030",
      "cluster_indexes": [
        30
      ],
      "event_title": "Ed Sheeran回应Macklemore争议",
      "reason": "独立音乐界争议回应，无其他相关Cluster。"
    }
  ]
}
================================================================================

================================================================================
TIME: 2026-09-20T12:52:56.321571+08:00
DATE: 2026-09-20
STAGE: STAGE 1B / ROUND 3 / WINDOW 3
MESSAGE: Global Merge窗口AI输出经过Repair后恢复正常。
DETAILS:
{
  "repair_attempt": 1,
  "groups": [
    {
      "group_id": "G001",
      "cluster_indexes": [
        1
      ],
      "event_title": "战争罪行与历史遗留问题",
      "reason": "独立国际法/历史事件，无其他相关Cluster。"
    },
    {
      "group_id": "G002",
      "cluster_indexes": [
        2
      ],
      "event_title": "《elementary》剧集评价",
      "reason": "独立影视评论内容，无其他相关Cluster。"
    },
    {
      "group_id": "G003",
      "cluster_indexes": [
        3
      ],
      "event_title": "达姆施塔特毒品问题治理",
      "reason": "独立德国地方社会问题，无其他相关Cluster。"
    },
    {
      "group_id": "G004",
      "cluster_indexes": [
        4
      ],
      "event_title": "法兰克福车辆射击事件",
      "reason": "独立德国犯罪案件，无其他相关Cluster。"
    },
    {
      "group_id": "G005",
      "cluster_indexes": [
        5
      ],
      "event_title": "AI风险与价值对齐研究",
      "reason": "独立学术/伦理讨论主题，虽与Cluster 27同属AI领域，但27为政治政策动作，5为理论研究，性质不同。"
    },
    {
      "group_id": "G006",
      "cluster_indexes": [
        6
      ],
      "event_title": "中国沿海与边境发展策略",
      "reason": "独立中国经济政策报道，无其他相关Cluster。"
    },
    {
      "group_id": "G007",
      "cluster_indexes": [
        7
      ],
      "event_title": "中国对外开放合作成果与中欧班列发展",
      "reason": "已合并的中国对外开放具体合作项目，无更多相关Cluster。"
    },
    {
      "group_id": "G008",
      "cluster_indexes": [
        8
      ],
      "event_title": "2026年名古屋亚运会",
      "reason": "已合并的同一届体育赛事，无更多相关Cluster。"
    },
    {
      "group_id": "G009",
      "cluster_indexes": [
        9
      ],
      "event_title": "中国自贸区司法保护与营商环境优化",
      "reason": "已合并的中国自贸区制度创新具体政策推进，无更多相关Cluster。"
    },
    {
      "group_id": "G010",
      "cluster_indexes": [
        10
      ],
      "event_title": "人民日报社论与编辑团队",
      "reason": "独立媒体栏目集合，无其他相关Cluster。"
    },
    {
      "group_id": "G011",
      "cluster_indexes": [
        11
      ],
      "event_title": "中国参与区域国际合作机制",
      "reason": "独立多边区域合作机制报道，无其他相关Cluster。"
    },
    {
      "group_id": "G012",
      "cluster_indexes": [
        12
      ],
      "event_title": "大湾区科创协同",
      "reason": "独立科技创新协同进展报道，无其他相关Cluster。"
    },
    {
      "group_id": "G013",
      "cluster_indexes": [
        13
      ],
      "event_title": "2026世界制造业大会",
      "reason": "独立会议事件报道，无其他相关Cluster。"
    },
    {
      "group_id": "G014",
      "cluster_indexes": [
        14
      ],
      "event_title": "加州打击网红未披露政治广告",
      "reason": "独立美国地方监管新规，无其他相关Cluster。"
    },
    {
      "group_id": "G015",
      "cluster_indexes": [
        15
      ],
      "event_title": "胡塞武装袭击沙特首都",
      "reason": "独立中东军事冲突报道，已随Cluster 29合并为'胡塞武装袭击中东目标及供应链影响'统一组。"
    },
    {
      "group_id": "G016",
      "cluster_indexes": [
        16
      ],
      "event_title": "印度面临特朗普关税与俄罗斯石油压力",
      "reason": "独立地缘经济事件报道，无其他相关Cluster。"
    },
    {
      "group_id": "G017",
      "cluster_indexes": [
        17
      ],
      "event_title": "AI崛起引发无人机安全威胁",
      "reason": "独立技术安全警告事件，无其他相关Cluster。"
    },
    {
      "group_id": "G018",
      "cluster_indexes": [
        18
      ],
      "event_title": "艾伦·索金谈Facebook故事",
      "reason": "独立娱乐人物访谈，无其他相关Cluster。"
    },
    {
      "group_id": "G019",
      "cluster_indexes": [
        19
      ],
      "event_title": "纽约地铁破损基础设施形成艺术景观",
      "reason": "独立城市文化现象报道，无其他相关Cluster。"
    },
    {
      "group_id": "G020",
      "cluster_indexes": [
        20
      ],
      "event_title": "阿肯色大学对阵佐治亚大学比赛",
      "reason": "独立大学体育事件，无其他相关Cluster。"
    },
    {
      "group_id": "G021",
      "cluster_indexes": [
        21
      ],
      "event_title": "Wendy's复古黄色包装回归",
      "reason": "独立品牌营销活动，无其他相关Cluster。"
    },
    {
      "group_id": "G022",
      "cluster_indexes": [
        22
      ],
      "event_title": "Clay Aiken回忆被出柜经历",
      "reason": "独立娱乐人物个人经历回顾，无其他相关Cluster。"
    },
    {
      "group_id": "G023",
      "cluster_indexes": [
        23
      ],
      "event_title": "拉斯维加斯旅游业复苏",
      "reason": "独立经济趋势报道，无其他相关Cluster。"
    },
    {
      "group_id": "G024",
      "cluster_indexes": [
        24
      ],
      "event_title": "FanDuel体育博彩促销",
      "reason": "独立商业促销活动，无其他相关Cluster。"
    },
    {
      "group_id": "G025",
      "cluster_indexes": [
        25
      ],
      "event_title": "Fox Nation RNC中期选举特别节目",
      "reason": "独立政治媒体节目，无其他相关Cluster。"
    },
    {
      "group_id": "G026",
      "cluster_indexes": [
        26
      ],
      "event_title": "Carrot Top住院治疗",
      "reason": "独立娱乐人物健康事件，无其他相关Cluster。"
    },
    {
      "group_id": "G027",
      "cluster_indexes": [
        27
      ],
      "event_title": "特朗普宣布成立AI Force",
      "reason": "独立政治政策动作，与Cluster 5（理论研究）和Cluster 17（无人机安全）不同，这是具体的行政/政治举措。"
    },
    {
      "group_id": "G028",
      "cluster_indexes": [
        28
      ],
      "event_title": "记者被禁入白宫",
      "reason": "独立新闻自由/政治事件，无其他相关Cluster。"
    },
    {
      "group_id": "G029",
      "cluster_indexes": [
        29
      ],
      "event_title": "胡塞武装袭击中东目标及供应链影响",
      "reason": "Cluster 15报道胡塞武装袭击沙特首都，Cluster 29报道胡塞武装袭击导致柴油供应损失及袭击沙特利雅得。两者属于同一军事冲突实体（胡塞武装）在同一时间窗口下的连续行动，符合'同一正在持续发展的单一现实事件'。"
    },
    {
      "group_id": "G030",
      "cluster_indexes": [
        30
      ],
      "event_title": "Ed Sheeran回应Macklemore争议",
      "reason": "独立音乐界争议回应，无其他相关Cluster。"
    }
  ]
}
================================================================================

================================================================================
TIME: 2026-09-20T12:54:41.789882+08:00
DATE: 2026-09-20
STAGE: STAGE 1B / ROUND 4 / WINDOW 1
MESSAGE: V6.5.3 Global Merge窗口AI输出Coverage异常，进入自动Repair。
DETAILS:
{
  "attempt": 1,
  "duplicate": [
    2,
    7,
    9,
    10,
    12,
    13,
    15,
    25
  ],
  "missing": [
    22
  ],
  "extra": [],
  "malformed": [],
  "groups": [
    {
      "group_id": "G001",
      "cluster_indexes": [
        1,
        2
      ],
      "event_title": "US-Denmark Greenland Security Deal and Trump Administration Media Restrictions",
      "reason": "Cluster 1 already internally merges the US-Denmark security agreement regarding Greenland with Trump administration media restrictions. Cluster 2 is a standalone report on a business group anti-socialism campaign and does not share specific event details (parties, location, date, action) with Cluster 1. However, reviewing the instruction 'Can merge: ... same ongoing developing single real-world event', Cluster 1's internal judgment states Cluster 2 (in original context, likely referring to EVT-20260920-000283 in the prompt's source logic, but here EVT-200283 is labeled as 'Business Group Anti-Socialism Campaign') covers media restrictions. Wait, looking closely at Cluster 1's text: 'Cluster 1 reports on... Greenland, while Cluster 2 covers... media restrictions.' This implies that in the *original* clustering before this window, these were considered related. But here, Cluster 1 *already contains* both aspects in its event name and judgment. Cluster 2 (EVT-200283) is explicitly 'Business Group Anti-Socialism Campaign'. These are distinct. I must not merge them just because Cluster 1 mentions 'Trump'. The 'Business Group' campaign is a separate political/social event. Therefore, Cluster 1 stands alone as one group. Let's re-read carefully. Cluster 1's ID is EVT-200280. Its members include EVT-200280... EVT-200310. It describes Greenland + Media Restrictions. Cluster 2 is EVT-200283 (Business Group). No overlap. Cluster 1 is a single complex event or two merged ones? The prompt asks to judge these Clusters. Cluster 1 is already a merged cluster. I should treat it as one unit. Is there any other cluster related to Greenland or Trump Media? Cluster 4 is Trump AI Force. Different topic. Cluster 7/24 is Reform UK. No. So Cluster 1 is a single group. Cluster 2 is a single group. ..."
    },
    {
      "group_id": "G002",
      "cluster_indexes": [
        2
      ],
      "event_title": "Business Group Anti-Socialism Campaign",
      "reason": "Standalone report on a US business group's initiative against socialism. Distinct from Cluster 1's diplomatic/security focus."
    },
    {
      "group_id": "G003",
      "cluster_indexes": [
        3
      ],
      "event_title": "Rising Cost of Going Out in America",
      "reason": "Standalone feature on economic changes to American social life."
    },
    {
      "group_id": "G004",
      "cluster_indexes": [
        4
      ],
      "event_title": "Trump AI Force Proposal",
      "reason": "Standalone report on Trump's specific proposal for an 'A.I. Force'. While involving Trump, it is a distinct policy/proposal event from the Greenland security deal in Cluster 1."
    },
    {
      "group_id": "G005",
      "cluster_indexes": [
        5
      ],
      "event_title": "DraftKings AI Targeting Gamblers",
      "reason": "Standalone report on DraftKings using AI to identify losing gamblers."
    },
    {
      "group_id": "G006",
      "cluster_indexes": [
        6
      ],
      "event_title": "LA Homelessness Fraud Cases",
      "reason": "Standalone report on fraud in Los Angeles homelessness programs."
    },
    {
      "group_id": "G007",
      "cluster_indexes": [
        7,
        25
      ],
      "event_title": "Reform UK Internal Conflicts and Controversies",
      "reason": "Cluster 7 (EVT-200288) and Cluster 25 (EVT-200312) both relate to Reform UK. Cluster 7 explicitly merges internal conflict over donations and immigration comments. Cluster 25 is about Linus Torvalds. Wait, let me re-map. \nCluster 7 is EVT-200288 (Reform UK). \nCluster 25 is EVT-200312 (Linus Torvalds). \nCluster 24 is EVT-200311 (Peter Hermann).\nCluster 23 is EVT-200307 (Torvalds).\nLet's look at Cluster 24 in the input list: Index 24 is Cluster 24, which is '足球教练Peter Hermann去世' (EVT-200311).\nCluster 25 is 'Linus Torvalds提交Linux内核更新' (EVT-200312).\nCluster 23 is 'Torvalds Git Commit...' (EVT-200307).\nCluster 7 is 'Reform UK...' (EVT-200288).\nCluster 9 is 'Reform UK Small Boat...' (EVT-200301).\nCluster 7's description says: 'Cluster 8 reports on internal conflict... and Cluster 9 reports on controversy... Both are specific events involving the same political party (Reform UK)...'. Note: The description references 'Cluster 8' and 'Cluster 9' which likely correspond to the internal IDs EVT-200289 and EVT-200301. In the current input, EVT-200288 is Cluster 7, EVT-200289 is NOT present as a separate cluster (it's inside Cluster 7). EVT-200301 is Cluster 9. So Cluster 7 already MERGED the donation issue. Cluster 9 is the boat comment issue. Both are Reform UK. They should be merged."
    },
    {
      "group_id": "G008",
      "cluster_indexes": [
        8
      ],
      "event_title": "German Conscription Failure",
      "reason": "Standalone report on the failure of a new German military service attempt."
    },
    {
      "group_id": "G009",
      "cluster_indexes": [
        9
      ],
      "event_title": "Paramount WBD Antitrust Settlement",
      "reason": "Standalone report on legal negotiations between Paramount and Warner Bros. Discovery."
    },
    {
      "group_id": "G010",
      "cluster_indexes": [
        10
      ],
      "event_title": "AI Pause Terminology Debate",
      "reason": "Standalone commentary on the semantic implications of calling AI development a 'pause'."
    },
    {
      "group_id": "G011",
      "cluster_indexes": [
        11
      ],
      "event_title": "NYT Editorial on Extinction",
      "reason": "Standalone editorial board statement regarding extinction risks."
    },
    {
      "group_id": "G012",
      "cluster_indexes": [
        12
      ],
      "event_title": "Chinese AI Researcher Profile",
      "reason": "Standalone profile piece on the anatomy of a Chinese AI researcher."
    },
    {
      "group_id": "G013",
      "cluster_indexes": [
        13
      ],
      "event_title": "Tech Readiness for Win",
      "reason": "Standalone blog post regarding preparedness in technology."
    },
    {
      "group_id": "G014",
      "cluster_indexes": [
        14
      ],
      "event_title": "AI Safety Group Organizing Mistakes",
      "reason": "Standalone blog post analyzing common errors in AI safety organization."
    },
    {
      "group_id": "G015",
      "cluster_indexes": [
        15
      ],
      "event_title": "Scottish Labour Oil Gas Support",
      "reason": "Standalone report on Scottish Labour leadership backing specific oil and gas fields."
    },
    {
      "group_id": "G016",
      "cluster_indexes": [
        16
      ],
      "event_title": "Russian Election Simulation",
      "reason": "Standalone report analyzing the nature of elections in Russia."
    },
    {
      "group_id": "G017",
      "cluster_indexes": [
        17
      ],
      "event_title": "Melanoma Vaccine Breakthrough",
      "reason": "Standalone medical technology report on melanoma vaccine developments."
    },
    {
      "group_id": "G018",
      "cluster_indexes": [
        18
      ],
      "event_title": "AI Worker Views on Existential Risk",
      "reason": "Standalone report on AI workers' perspectives on catastrophic risk."
    },
    {
      "group_id": "G019",
      "cluster_indexes": [
        7,
        9
      ],
      "event_title": "Reform UK Internal Conflicts and Immigration Controversies",
      "reason": "Cluster 7 covers internal conflict over donation funds. Cluster 9 covers controversy involving comments on immigration (small boats). Both involve the same political party, Reform UK, and represent related internal controversies occurring around the same time."
    },
    {
      "group_id": "G020",
      "cluster_indexes": [
        19
      ],
      "event_title": "China-US Trade Consultations",
      "reason": "Standalone diplomatic report on trade talks between China and the US."
    },
    {
      "group_id": "G021",
      "cluster_indexes": [
        20
      ],
      "event_title": "Space Classroom Influence",
      "reason": "Standalone report on the impact of space education on youth."
    },
    {
      "group_id": "G022",
      "cluster_indexes": [
        21
      ],
      "event_title": "Texas Campus Racist Post Backlash",
      "reason": "Standalone incident regarding a racist social media post on a diverse campus."
    },
    {
      "group_id": "G023",
      "cluster_indexes": [
        10,
        12,
        13,
        15
      ],
      "event_title": "Linus Torvalds Linux Kernel Development Activities",
      "reason": "Cluster 10 (EVT-200292) is actually 'AI Pause Terminology'. Wait. Let me re-read the input mapping.\nInput Index 10 = Cluster 10 = EVT-200292 = AI Pause.\nInput Index 12 = Cluster 12 = EVT-200294 = Chinese AI Researcher.\nInput Index 13 = Cluster 13 = EVT-200295 = Tech Readiness.\nInput Index 15 = Cluster 15 = EVT-200297 = Scottish Labour.\nWhere are the Torvalds clusters?\nCluster 23 (Input Index 23) = EVT-200307 = Torvalds Git Commit.\nCluster 25 (Input Index 25) = EVT-200312 = Linus Torvalds Submit Linux Kernel Update.\nCluster 23's description says: 'Cluster 25 reports on a specific git commit... and Cluster 26 reports on his Linux kernel updates.' This description seems to refer to internal IDs that don't match the current Index/ID mapping perfectly or assumes they are already merged? No, Cluster 23 contains EVT-200307 AND EVT-200309. It ALREADY merged them. The description says 'Cluster 25... and Cluster 26'. In the input list, Index 25 is EVT-200312. Index 23 is EVT-200307. \nActually, looking at Cluster 23: Members ['EVT-200307', 'EVT-200309']. Event Name: 'Torvalds Git Commit and Linus Torvalds Linux Kernel Update'. This cluster ALREADY exists as a merged unit.\nCluster 25 is EVT-200312: 'Linus Torvalds提交Linux内核更新'.\nAre Cluster 23 and Cluster 25 the same event? Cluster 23 covers a specific git commit AND kernel updates. Cluster 25 covers kernel update submission. They are technically overlapping or the same ongoing activity. However, Cluster 23 already merged two EVT IDs. Cluster 25 is a separate EVT ID (200312). Given the strict 'specific real-world event' rule, if Cluster 23 is 'Git Commit Activity' and Cluster 25 is 'Kernel Update Submission', these are likely parts of the same continuous development work by Linus Torvalds on the same date. I will merge them."
    },
    {
      "group_id": "G024",
      "cluster_indexes": [
        23,
        25
      ],
      "event_title": "Linus Torvalds Linux Kernel Development Activities",
      "reason": "Cluster 23 (EVT-200307) reports on a specific git commit and kernel updates. Cluster 25 (EVT-200312) reports on Linux kernel update submission. Both describe ongoing technical activities by the same developer (Linus Torvalds) and can be considered part of the same continuous kernel development work."
    },
    {
      "group_id": "G025",
      "cluster_indexes": [
        24
      ],
      "event_title": "足球教练Peter Hermann去世",
      "reason": "Standalone obituary news about football coach Peter Hermann."
    },
    {
      "group_id": "G026",
      "cluster_indexes": [
        26
      ],
      "event_title": "中国前8月水利与业务收入统计",
      "reason": "Standalone government statistical reports on water conservancy investment and business income growth."
    },
    {
      "group_id": "G027",
      "cluster_indexes": [
        27
      ],
      "event_title": "人民日报当日版面内容",
      "reason": "Group of articles from the same day's People's Daily issues covering various domestic topics (harvest, Yangtze River, tourism, etc.). These are distinct news items aggregated by source/date rather than a single specific event, but since they are already clustered as one by the system (EVT-200314), I treat it as a single source-aggregated unit."
    },
    {
      "group_id": "G028",
      "cluster_indexes": [
        28
      ],
      "event_title": "尼泊尔Gen Z应对气候灾难",
      "reason": "Standalone report on Nepal's young generation combating polluters and climate disasters."
    },
    {
      "group_id": "G029",
      "cluster_indexes": [
        29
      ],
      "event_title": "失踪徒步者获救事件",
      "reason": "Standalone rescue story of a hiker trapped for 11 days saved by kayakers."
    },
    {
      "group_id": "G030",
      "cluster_indexes": [
        30
      ],
      "event_title": "美国农民寻求国会救济受阻",
      "reason": "Standalone report on US farmers facing political obstacles in seeking Congressional relief."
    }
  ]
}
================================================================================

================================================================================
TIME: 2026-09-20T12:55:00.175719+08:00
DATE: 2026-09-20
STAGE: STAGE 1B / ROUND 4 / WINDOW 1
MESSAGE: Global Merge窗口AI输出经过Repair后恢复正常。
DETAILS:
{
  "repair_attempt": 1,
  "groups": [
    {
      "group_id": "G001",
      "cluster_indexes": [
        1
      ],
      "event_title": "US-Denmark Greenland Security Deal and Trump Administration Media Restrictions",
      "reason": "Cluster 1 is already a merged cluster containing both the US-Denmark security agreement regarding Greenland and associated Trump administration media restrictions. It stands as a single complex diplomatic event."
    },
    {
      "group_id": "G002",
      "cluster_indexes": [
        2
      ],
      "event_title": "Business Group Anti-Socialism Campaign",
      "reason": "Standalone report on a US business group's initiative against socialism, distinct from other political or diplomatic events."
    },
    {
      "group_id": "G003",
      "cluster_indexes": [
        3
      ],
      "event_title": "Rising Cost of Going Out in America",
      "reason": "Standalone feature on economic changes to American social life."
    },
    {
      "group_id": "G004",
      "cluster_indexes": [
        4
      ],
      "event_title": "Trump AI Force Proposal",
      "reason": "Standalone report on Trump's specific proposal for an 'A.I. Force', distinct from the Greenland security deal in Cluster 1."
    },
    {
      "group_id": "G005",
      "cluster_indexes": [
        5
      ],
      "event_title": "DraftKings AI Targeting Gamblers",
      "reason": "Standalone report on DraftKings using AI to identify losing gamblers."
    },
    {
      "group_id": "G006",
      "cluster_indexes": [
        6
      ],
      "event_title": "LA Homelessness Fraud Cases",
      "reason": "Standalone report on fraud in Los Angeles homelessness programs."
    },
    {
      "group_id": "G007",
      "cluster_indexes": [
        7,
        9
      ],
      "event_title": "Reform UK Internal Conflicts and Controversies",
      "reason": "Cluster 7 (EVT-200288) covers internal conflict over donation funds. Cluster 9 (EVT-200301) covers controversy involving comments on immigration (small boats). Both involve the same political party, Reform UK, and represent related internal controversies."
    },
    {
      "group_id": "G008",
      "cluster_indexes": [
        8
      ],
      "event_title": "German Conscription Failure",
      "reason": "Standalone report on the failure of a new German military service attempt."
    },
    {
      "group_id": "G009",
      "cluster_indexes": [
        10
      ],
      "event_title": "Paramount WBD Antitrust Settlement",
      "reason": "Standalone report on legal negotiations between Paramount and Warner Bros. Discovery."
    },
    {
      "group_id": "G010",
      "cluster_indexes": [
        11
      ],
      "event_title": "AI Pause Terminology Debate",
      "reason": "Standalone commentary on the semantic implications of calling AI development a 'pause'."
    },
    {
      "group_id": "G011",
      "cluster_indexes": [
        12
      ],
      "event_title": "NYT Editorial on Extinction",
      "reason": "Standalone editorial board statement regarding extinction risks."
    },
    {
      "group_id": "G012",
      "cluster_indexes": [
        13
      ],
      "event_title": "Chinese AI Researcher Profile",
      "reason": "Standalone profile piece on the anatomy of a Chinese AI researcher."
    },
    {
      "group_id": "G013",
      "cluster_indexes": [
        14
      ],
      "event_title": "Tech Readiness for Win",
      "reason": "Standalone blog post regarding preparedness in technology."
    },
    {
      "group_id": "G014",
      "cluster_indexes": [
        15
      ],
      "event_title": "AI Safety Group Organizing Mistakes",
      "reason": "Standalone blog post analyzing common errors in AI safety organization."
    },
    {
      "group_id": "G015",
      "cluster_indexes": [
        16
      ],
      "event_title": "Scottish Labour Oil Gas Support",
      "reason": "Standalone report on Scottish Labour leadership backing specific oil and gas fields."
    },
    {
      "group_id": "G016",
      "cluster_indexes": [
        17
      ],
      "event_title": "Russian Election Simulation",
      "reason": "Standalone report analyzing the nature of elections in Russia."
    },
    {
      "group_id": "G017",
      "cluster_indexes": [
        18
      ],
      "event_title": "Melanoma Vaccine Breakthrough",
      "reason": "Standalone medical technology report on melanoma vaccine developments."
    },
    {
      "group_id": "G018",
      "cluster_indexes": [
        19
      ],
      "event_title": "AI Worker Views on Existential Risk",
      "reason": "Standalone report on AI workers' perspectives on catastrophic risk."
    },
    {
      "group_id": "G019",
      "cluster_indexes": [
        20
      ],
      "event_title": "China-US Trade Consultations",
      "reason": "Standalone diplomatic report on trade talks between China and the US."
    },
    {
      "group_id": "G020",
      "cluster_indexes": [
        21
      ],
      "event_title": "Space Classroom Influence",
      "reason": "Standalone report on the impact of space education on youth."
    },
    {
      "group_id": "G021",
      "cluster_indexes": [
        22
      ],
      "event_title": "Texas Campus Racist Post Backlash",
      "reason": "Standalone incident regarding a racist social media post on a diverse campus."
    },
    {
      "group_id": "G022",
      "cluster_indexes": [
        23,
        25
      ],
      "event_title": "Linus Torvalds Linux Kernel Development Activities",
      "reason": "Cluster 23 (EVT-200307) reports on a specific git commit and kernel updates. Cluster 25 (EVT-200312) reports on Linux kernel update submission. Both describe ongoing technical activities by the same developer (Linus Torvalds) and can be considered part of the same continuous kernel development work."
    },
    {
      "group_id": "G023",
      "cluster_indexes": [
        24
      ],
      "event_title": "足球教练Peter Hermann去世",
      "reason": "Standalone obituary news about football coach Peter Hermann."
    },
    {
      "group_id": "G024",
      "cluster_indexes": [
        26
      ],
      "event_title": "中国前8月水利与业务收入统计",
      "reason": "Standalone government statistical reports on water conservancy investment and business income growth."
    },
    {
      "group_id": "G025",
      "cluster_indexes": [
        27
      ],
      "event_title": "人民日报当日版面内容",
      "reason": "Group of articles from the same day's People's Daily issues covering various domestic topics. Treated as a single source-aggregated unit."
    },
    {
      "group_id": "G026",
      "cluster_indexes": [
        28
      ],
      "event_title": "尼泊尔Gen Z应对气候灾难",
      "reason": "Standalone report on Nepal's young generation combating polluters and climate disasters."
    },
    {
      "group_id": "G027",
      "cluster_indexes": [
        29
      ],
      "event_title": "失踪徒步者获救事件",
      "reason": "Standalone rescue story of a hiker trapped for 11 days saved by kayakers."
    },
    {
      "group_id": "G028",
      "cluster_indexes": [
        30
      ],
      "event_title": "美国农民寻求国会救济受阻",
      "reason": "Standalone report on US farmers facing political obstacles in seeking Congressional relief."
    }
  ]
}
================================================================================

================================================================================
TIME: 2026-09-20T12:55:31.452245+08:00
DATE: 2026-09-20
STAGE: STAGE 1B / ROUND 4 / WINDOW 3
MESSAGE: V6.5.3 Global Merge窗口AI输出Coverage异常，进入自动Repair。
DETAILS:
{
  "attempt": 1,
  "duplicate": [],
  "missing": [],
  "extra": [
    31
  ],
  "malformed": [],
  "groups": [
    {
      "group_id": "G001",
      "cluster_indexes": [
        1
      ],
      "event_title": "法兰克福车辆射击事件",
      "reason": "德国犯罪案件，单一独立事件，无其他Cluster涉及。"
    },
    {
      "group_id": "G002",
      "cluster_indexes": [
        2
      ],
      "event_title": "AI风险与价值对齐研究",
      "reason": "人工智能伦理学术讨论，虽与Cluster 24涉及AI，但主题为技术伦理而非政治行动/政策发布，属于不同事件类型。"
    },
    {
      "group_id": "G003",
      "cluster_indexes": [
        3
      ],
      "event_title": "中国沿海与边境发展策略",
      "reason": "中国区域经济发展政策解读，独立事件。"
    },
    {
      "group_id": "G004",
      "cluster_indexes": [
        4
      ],
      "event_title": "中国对外开放合作成果与中欧班列发展",
      "reason": "报道中欧班列联通亚欧及中国服务品牌建设，单一具体开放合作项目。"
    },
    {
      "group_id": "G005",
      "cluster_indexes": [
        5
      ],
      "event_title": "2026年名古屋亚运会",
      "reason": "Cluster 11报道开幕式，Cluster 15报道同一届亚运会的运动员访谈、新增项目及比赛详情，属于同一体育赛事事件的不同侧面。"
    },
    {
      "group_id": "G006",
      "cluster_indexes": [
        6
      ],
      "event_title": "中国自贸区司法保护与营商环境优化",
      "reason": "Cluster 14报道自贸区法治创新及知识产权保护，Cluster 15报道南京营商环境打造，均属于中国自贸区制度创新这一具体政策推进事件的不同侧面。"
    },
    {
      "group_id": "G007",
      "cluster_indexes": [
        7
      ],
      "event_title": "人民日报社论与编辑团队",
      "reason": "均为人民日报社论类栏目内容，虽非单一新闻事件，但作为特定媒体栏目集合归并，无其他Cluster涉及。"
    },
    {
      "group_id": "G008",
      "cluster_indexes": [
        8
      ],
      "event_title": "中国参与区域国际合作机制",
      "reason": "报道中国参与的多边区域合作机制（中国-东盟、上合组织），独立事件。"
    },
    {
      "group_id": "G009",
      "cluster_indexes": [
        9
      ],
      "event_title": "大湾区科创协同",
      "reason": "单独报道大湾区科技创新协同进展，无其他相关文章合并。"
    },
    {
      "group_id": "G010",
      "cluster_indexes": [
        10
      ],
      "event_title": "2026世界制造业大会",
      "reason": "单独报道世界制造业大会，无其他相关文章合并。"
    },
    {
      "group_id": "G011",
      "cluster_indexes": [
        11
      ],
      "event_title": "加州打击网红未披露政治广告",
      "reason": "单独报道美国加州对网红政治广告监管的新规，独立事件。"
    },
    {
      "group_id": "G012",
      "cluster_indexes": [
        12,
        26
      ],
      "event_title": "胡塞武装袭击中东目标及供应链影响",
      "reason": "Cluster 12报道胡塞武装导弹袭击沙特首都，Cluster 26报道胡塞武装袭击导致柴油供应损失及袭击沙特利雅得。两者属于同一军事冲突实体（胡塞武装）在同一时间窗口下的连续行动，符合'同一正在持续发展的单一现实事件'。"
    },
    {
      "group_id": "G013",
      "cluster_indexes": [
        13
      ],
      "event_title": "印度面临特朗普关税与俄罗斯石油压力",
      "reason": "单独报道印度在地缘经济中的困境，独立事件。"
    },
    {
      "group_id": "G014",
      "cluster_indexes": [
        14
      ],
      "event_title": "AI崛起引发无人机安全威胁",
      "reason": "单独报道美国警察组织对AI结合无人机威胁的警告，独立事件。"
    },
    {
      "group_id": "G015",
      "cluster_indexes": [
        15
      ],
      "event_title": "艾伦·索金谈Facebook故事",
      "reason": "单独报道娱乐人物访谈内容，独立事件。"
    },
    {
      "group_id": "G016",
      "cluster_indexes": [
        16
      ],
      "event_title": "纽约地铁破损基础设施形成艺术景观",
      "reason": "单独报道城市基础设施与文化现象，独立事件。"
    },
    {
      "group_id": "G017",
      "cluster_indexes": [
        17
      ],
      "event_title": "阿肯色大学对阵佐治亚大学比赛",
      "reason": "单独报道美国大学体育事件，独立事件。"
    },
    {
      "group_id": "G018",
      "cluster_indexes": [
        18
      ],
      "event_title": "Wendy's复古黄色包装回归",
      "reason": "单独报道餐饮品牌营销动向，独立事件。"
    },
    {
      "group_id": "G019",
      "cluster_indexes": [
        19
      ],
      "event_title": "Clay Aiken回忆被出柜经历",
      "reason": "单独报道娱乐人物个人经历回顾，独立事件。"
    },
    {
      "group_id": "G020",
      "cluster_indexes": [
        20
      ],
      "event_title": "拉斯维加斯旅游业复苏",
      "reason": "单独报道美国旅游业经济趋势，独立事件。"
    },
    {
      "group_id": "G021",
      "cluster_indexes": [
        21
      ],
      "event_title": "FanDuel体育博彩促销",
      "reason": "两篇文章均报道FanDuel推出的$350奖金注促销活动，针对UFC和大学橄榄球赛事，属于同一公司同一促销活动。"
    },
    {
      "group_id": "G022",
      "cluster_indexes": [
        22
      ],
      "event_title": "Fox Nation RNC中期选举特别节目",
      "reason": "单独报道Ruthless节目主持人在RNC中期选举大会上的采访，独立事件。"
    },
    {
      "group_id": "G023",
      "cluster_indexes": [
        23
      ],
      "event_title": "Carrot Top住院治疗",
      "reason": "单独报道喜剧演员因住院取消演出，独立事件。"
    },
    {
      "group_id": "G024",
      "cluster_indexes": [
        24
      ],
      "event_title": "特朗普宣布成立AI Force",
      "reason": "三篇文章均报道特朗普宣布成立'AI Force'监控人工智能技术，属于同一政治行动/政策发布。"
    },
    {
      "group_id": "G025",
      "cluster_indexes": [
        25
      ],
      "event_title": "记者被禁入白宫",
      "reason": "单独报道特朗普禁止MS NOW、CNN、Politico记者进入白宫，独立事件。"
    },
    {
      "group_id": "G026",
      "cluster_indexes": [
        27
      ],
      "event_title": "Ed Sheeran回应Macklemore争议",
      "reason": "单独报道Ed Sheeran在演唱会回应争议，独立事件。"
    },
    {
      "group_id": "G027",
      "cluster_indexes": [
        28,
        29
      ],
      "event_title": "英国政治：自民党遏制法拉奇及改革党",
      "reason": "Cluster 28称自民党是遏制法拉奇的防火墙，Cluster 29称自民党有道德责任阻止改革党并准备提前选举。两者均涉及英国自由民主党在当下政治格局中对抗法拉奇/改革党的具体政治战略和行动，属于同一政治事件的不同侧面报道。"
    },
    {
      "group_id": "G028",
      "cluster_indexes": [
        30
      ],
      "event_title": "诺亚·伍兹悼念活动",
      "reason": "两篇文章均报道英超球员和球迷纪念在萨福克去世的幼儿诺亚·伍兹，属于同一悼念事件。"
    },
    {
      "group_id": "G029",
      "cluster_indexes": [
        31
      ],
      "event_title": "英国报刊头条：斯宾塞回忆录与麦卡恩案",
      "reason": "单独报道英国周日报刊头条内容，独立事件。"
    }
  ]
}
================================================================================

================================================================================
TIME: 2026-09-20T12:55:51.183175+08:00
DATE: 2026-09-20
STAGE: STAGE 1B / ROUND 4 / WINDOW 3
MESSAGE: Global Merge窗口AI输出经过Repair后恢复正常。
DETAILS:
{
  "repair_attempt": 1,
  "groups": [
    {
      "group_id": "G001",
      "cluster_indexes": [
        1
      ],
      "event_title": "法兰克福车辆射击事件",
      "reason": "德国犯罪案件，单一独立事件，无其他Cluster涉及。"
    },
    {
      "group_id": "G002",
      "cluster_indexes": [
        2
      ],
      "event_title": "AI风险与价值对齐研究",
      "reason": "人工智能伦理学术讨论，与Cluster 24涉及AI但主题为技术伦理而非政治行动，属于不同事件类型。"
    },
    {
      "group_id": "G003",
      "cluster_indexes": [
        3
      ],
      "event_title": "中国沿海与边境发展策略",
      "reason": "中国区域经济发展政策解读，独立事件。"
    },
    {
      "group_id": "G004",
      "cluster_indexes": [
        4
      ],
      "event_title": "中国对外开放合作成果与中欧班列发展",
      "reason": "报道中欧班列联通亚欧及中国服务品牌建设，单一具体开放合作项目。"
    },
    {
      "group_id": "G005",
      "cluster_indexes": [
        5
      ],
      "event_title": "2026年名古屋亚运会",
      "reason": "报道同一届亚运会的多侧面内容，属于同一体育赛事事件。"
    },
    {
      "group_id": "G006",
      "cluster_indexes": [
        6
      ],
      "event_title": "中国自贸区司法保护与营商环境优化",
      "reason": "报道中国自贸区制度创新的不同侧面，属于同一政策推进事件。"
    },
    {
      "group_id": "G007",
      "cluster_indexes": [
        7
      ],
      "event_title": "人民日报社论与编辑团队",
      "reason": "均为人民日报editorial评论或编辑署名内容，属于社论类栏目集合。"
    },
    {
      "group_id": "G008",
      "cluster_indexes": [
        8
      ],
      "event_title": "中国参与区域国际合作机制",
      "reason": "报道中国参与的多边区域合作机制，独立事件。"
    },
    {
      "group_id": "G009",
      "cluster_indexes": [
        9
      ],
      "event_title": "大湾区科创协同",
      "reason": "单独报道大湾区科技创新协同进展，无其他相关文章合并。"
    },
    {
      "group_id": "G010",
      "cluster_indexes": [
        10
      ],
      "event_title": "2026世界制造业大会",
      "reason": "单独报道世界制造业大会，无其他相关文章合并。"
    },
    {
      "group_id": "G011",
      "cluster_indexes": [
        11
      ],
      "event_title": "加州打击网红未披露政治广告",
      "reason": "单独报道美国加州对网红政治广告监管的新规，独立事件。"
    },
    {
      "group_id": "G012",
      "cluster_indexes": [
        12,
        26
      ],
      "event_title": "胡塞武装袭击中东目标及供应链影响",
      "reason": "Cluster 12报道胡塞武装导弹袭击沙特首都，Cluster 26报道胡塞武装袭击导致柴油供应损失及袭击沙特利雅得。两者属于同一军事冲突实体在同一时间窗口下的连续行动，符合'同一正在持续发展的单一现实事件'。"
    },
    {
      "group_id": "G013",
      "cluster_indexes": [
        13
      ],
      "event_title": "印度面临特朗普关税与俄罗斯石油压力",
      "reason": "单独报道印度在地缘经济中的困境，独立事件。"
    },
    {
      "group_id": "G014",
      "cluster_indexes": [
        14
      ],
      "event_title": "AI崛起引发无人机安全威胁",
      "reason": "单独报道美国警察组织对AI结合无人机威胁的警告，独立事件。"
    },
    {
      "group_id": "G015",
      "cluster_indexes": [
        15
      ],
      "event_title": "艾伦·索金谈Facebook故事",
      "reason": "单独报道娱乐人物访谈内容，独立事件。"
    },
    {
      "group_id": "G016",
      "cluster_indexes": [
        16
      ],
      "event_title": "纽约地铁破损基础设施形成艺术景观",
      "reason": "单独报道城市基础设施与文化现象，独立事件。"
    },
    {
      "group_id": "G017",
      "cluster_indexes": [
        17
      ],
      "event_title": "阿肯色大学对阵佐治亚大学比赛",
      "reason": "单独报道美国大学体育事件，独立事件。"
    },
    {
      "group_id": "G018",
      "cluster_indexes": [
        18
      ],
      "event_title": "Wendy's复古黄色包装回归",
      "reason": "单独报道餐饮品牌营销动向，独立事件。"
    },
    {
      "group_id": "G019",
      "cluster_indexes": [
        19
      ],
      "event_title": "Clay Aiken回忆被出柜经历",
      "reason": "单独报道娱乐人物个人经历回顾，独立事件。"
    },
    {
      "group_id": "G020",
      "cluster_indexes": [
        20
      ],
      "event_title": "拉斯维加斯旅游业复苏",
      "reason": "单独报道美国旅游业经济趋势，独立事件。"
    },
    {
      "group_id": "G021",
      "cluster_indexes": [
        21
      ],
      "event_title": "FanDuel体育博彩促销",
      "reason": "报道FanDuel推出的$350奖金注促销活动，属于同一公司同一促销活动。"
    },
    {
      "group_id": "G022",
      "cluster_indexes": [
        22
      ],
      "event_title": "Fox Nation RNC中期选举特别节目",
      "reason": "单独报道Ruthless节目主持人在RNC中期选举大会上的采访，独立事件。"
    },
    {
      "group_id": "G023",
      "cluster_indexes": [
        23
      ],
      "event_title": "Carrot Top住院治疗",
      "reason": "单独报道喜剧演员因住院取消演出，独立事件。"
    },
    {
      "group_id": "G024",
      "cluster_indexes": [
        24
      ],
      "event_title": "特朗普宣布成立AI Force",
      "reason": "报道特朗普宣布成立'AI Force'监控人工智能技术，属于同一政治行动/政策发布。"
    },
    {
      "group_id": "G025",
      "cluster_indexes": [
        25
      ],
      "event_title": "记者被禁入白宫",
      "reason": "单独报道特朗普禁止记者进入白宫，独立事件。"
    },
    {
      "group_id": "G026",
      "cluster_indexes": [
        27
      ],
      "event_title": "Ed Sheeran回应Macklemore争议",
      "reason": "单独报道Ed Sheeran在演唱会回应争议，独立事件。"
    },
    {
      "group_id": "G027",
      "cluster_indexes": [
        28,
        29
      ],
      "event_title": "英国政治：自民党遏制法拉奇及改革党",
      "reason": "Cluster 28称自民党是遏制法拉奇的防火墙，Cluster 29称自民党有道德责任阻止改革党。两者均涉及英国自由民主党对抗法拉奇/改革党的具体政治战略，属于同一政治事件的不同侧面报道。"
    },
    {
      "group_id": "G028",
      "cluster_indexes": [
        30
      ],
      "event_title": "诺亚·伍兹悼念活动",
      "reason": "报道英超球员和球迷纪念在萨福克去世的幼儿诺亚·伍兹，属于同一悼念事件。"
    }
  ]
}
================================================================================

================================================================================
TIME: 2026-09-20T12:58:11.134557+08:00
DATE: 2026-09-20
STAGE: STAGE 1B / ROUND 5 / WINDOW 3
MESSAGE: V6.5.3 Global Merge窗口AI输出Coverage异常，进入自动Repair。
DETAILS:
{
  "attempt": 1,
  "duplicate": [
    3,
    7
  ],
  "missing": [
    5
  ],
  "extra": [],
  "malformed": [],
  "groups": [
    {
      "group_id": "G001",
      "cluster_indexes": [
        1,
        2,
        4,
        6
      ],
      "event_title": "中国高水平对外开放与区域协调发展综合报道",
      "reason": "Cluster 1报道中国沿海与边境发展策略，Cluster 2报道中欧班列等开放合作成果，Cluster 4报道自贸区司法保护与营商环境优化，Cluster 6报道中国参与区域国际合作机制。这四个Cluster共同构成中国近期在贸易、投资、制度创新及多边合作领域的系统性开放政策与行动报道，属于同一宏观政策推进事件的不同侧面。"
    },
    {
      "group_id": "G002",
      "cluster_indexes": [
        3,
        7
      ],
      "event_title": "2026年名古屋亚运会与大湾区科创协同发展",
      "reason": "此分组存在风险，但鉴于两者均为中国/东亚地区重大综合性活动（一个是国际体育赛事，一个是区域科创合作），且时间窗口接近，暂不合并。实际应分开。-> 重新判断：不应合并。"
    },
    {
      "group_id": "G002",
      "cluster_indexes": [
        3
      ],
      "event_title": "2026年名古屋亚运会",
      "reason": "单独报道2026年名古屋亚运会的相关赛事及开幕式等内容，无其他Cluster可合并。"
    },
    {
      "group_id": "G003",
      "cluster_indexes": [
        7
      ],
      "event_title": "大湾区科技创新协同进展",
      "reason": "单独报道粤港澳大湾区科技创新协同进展，无其他相关文章合并。"
    },
    {
      "group_id": "G004",
      "cluster_indexes": [
        8
      ],
      "event_title": "2026世界制造业大会",
      "reason": "单独报道世界制造业大会，无其他相关文章合并。"
    },
    {
      "group_id": "G005",
      "cluster_indexes": [
        9
      ],
      "event_title": "加州打击网红未披露政治广告",
      "reason": "单独报道美国加州对网红政治广告监管的新规，无其他相关文章合并。"
    },
    {
      "group_id": "G006",
      "cluster_indexes": [
        10
      ],
      "event_title": "胡塞武装袭击中东目标及供应链影响",
      "reason": "Cluster 10已明确合并多个子Cluster，报道胡塞武装对沙特及中东目标的连续袭击及其对供应链的影响，属于同一正在持续发展的军事冲突事件。"
    },
    {
      "group_id": "G007",
      "cluster_indexes": [
        11
      ],
      "event_title": "印度面临特朗普关税与俄罗斯石油压力",
      "reason": "单独报道印度在地缘经济中的困境，无其他相关文章合并。"
    },
    {
      "group_id": "G008",
      "cluster_indexes": [
        12
      ],
      "event_title": "AI崛起引发无人机安全威胁",
      "reason": "单独报道美国警察组织对AI结合无人机威胁的警告，无其他相关文章合并。"
    },
    {
      "group_id": "G009",
      "cluster_indexes": [
        13
      ],
      "event_title": "艾伦·索金谈Facebook故事",
      "reason": "单独报道娱乐人物访谈内容，无其他相关文章合并。"
    },
    {
      "group_id": "G010",
      "cluster_indexes": [
        14
      ],
      "event_title": "纽约地铁破损基础设施形成艺术景观",
      "reason": "单独报道城市基础设施与文化现象，无其他相关文章合并。"
    },
    {
      "group_id": "G011",
      "cluster_indexes": [
        15
      ],
      "event_title": "阿肯色大学对阵佐治亚大学比赛",
      "reason": "单独报道美国大学体育事件，无其他相关文章合并。"
    },
    {
      "group_id": "G012",
      "cluster_indexes": [
        16
      ],
      "event_title": "Wendy's复古黄色包装回归",
      "reason": "单独报道餐饮品牌营销动向，无其他相关文章合并。"
    },
    {
      "group_id": "G013",
      "cluster_indexes": [
        17
      ],
      "event_title": "Clay Aiken回忆被出柜经历",
      "reason": "单独报道娱乐人物个人经历回顾，无其他相关文章合并。"
    },
    {
      "group_id": "G014",
      "cluster_indexes": [
        18
      ],
      "event_title": "拉斯维加斯旅游业复苏",
      "reason": "单独报道美国旅游业经济趋势，无其他相关文章合并。"
    },
    {
      "group_id": "G015",
      "cluster_indexes": [
        19
      ],
      "event_title": "FanDuel体育博彩促销活动",
      "reason": "Cluster 19已明确合并两篇报道FanDuel $350奖金注促销活动的文章，属于同一商业促销活动事件。"
    },
    {
      "group_id": "G016",
      "cluster_indexes": [
        20
      ],
      "event_title": "Fox Nation RNC中期选举特别节目",
      "reason": "单独报道Fox Nation在RNC中期选举大会上的采访节目，无其他相关文章合并。"
    },
    {
      "group_id": "G017",
      "cluster_indexes": [
        21
      ],
      "event_title": "Carrot Top住院治疗",
      "reason": "单独报道喜剧演员Carrot Top因住院取消演出，无其他相关文章合并。"
    },
    {
      "group_id": "G018",
      "cluster_indexes": [
        22
      ],
      "event_title": "特朗普宣布成立AI Force",
      "reason": "Cluster 22已明确合并三篇报道特朗普宣布成立'AI Force'及相关言论的文章，属于同一政治决策事件。"
    },
    {
      "group_id": "G019",
      "cluster_indexes": [
        23
      ],
      "event_title": "记者被禁入白宫",
      "reason": "单独报道特朗普禁止MS NOW、CNN、Politico记者进入白宫的事件，无其他相关文章合并。"
    },
    {
      "group_id": "G020",
      "cluster_indexes": [
        24
      ],
      "event_title": "Ed Sheeran回应Macklemore争议",
      "reason": "单独报道Ed Sheeran在演唱会回应争议事件，无其他相关文章合并。"
    },
    {
      "group_id": "G021",
      "cluster_indexes": [
        25
      ],
      "event_title": "英国政治：自民党遏制法拉奇及改革党",
      "reason": "Cluster 25已明确合并多个子Cluster，报道英国自由民主党对抗法拉奇/改革党的政治战略，属于同一政治事件的不同侧面。"
    },
    {
      "group_id": "G022",
      "cluster_indexes": [
        26
      ],
      "event_title": "英国报刊头条：斯宾塞回忆录与麦卡恩案",
      "reason": "单独报道英国周日报刊头条涉及斯宾塞伯爵回忆录及麦卡恩案嫌疑人书籍计划，无其他相关文章合并。"
    },
    {
      "group_id": "G023",
      "cluster_indexes": [
        27
      ],
      "event_title": "Maddy Cusack周年纪念",
      "reason": "单独报道Maddy Cusack周年纪念及死因裁判庭延期情况，无其他相关文章合并。"
    },
    {
      "group_id": "G024",
      "cluster_indexes": [
        28
      ],
      "event_title": "卡里克支持VAR系统",
      "reason": "单独报道卡里克在对德比VAR判罚出错后仍表示支持VAR，无其他相关文章合并。"
    },
    {
      "group_id": "G025",
      "cluster_indexes": [
        29
      ],
      "event_title": "曼联穆斯林球迷要求拉特克利夫下课",
      "reason": "单独报道曼联穆斯林球迷团体要求拉特克利夫离职，无其他相关文章合并。"
    },
    {
      "group_id": "G026",
      "cluster_indexes": [
        30
      ],
      "event_title": "澳大利亚移民政策争议",
      "reason": "单独报道澳大利亚总理批评One Nation移民政策及泰勒承诺大幅削减移民，无其他相关文章合并。"
    }
  ]
}
================================================================================

================================================================================
TIME: 2026-09-20T12:58:26.779375+08:00
DATE: 2026-09-20
STAGE: STAGE 1B / ROUND 5 / WINDOW 3
MESSAGE: Global Merge窗口AI输出经过Repair后恢复正常。
DETAILS:
{
  "repair_attempt": 1,
  "groups": [
    {
      "group_id": "G001",
      "cluster_indexes": [
        1
      ],
      "event_title": "中国沿海与边境发展策略",
      "reason": "单独报道中国区域经济发展，发挥海洋、江河及边境优势的发展文章，无其他相关文章合并。"
    },
    {
      "group_id": "G002",
      "cluster_indexes": [
        2
      ],
      "event_title": "中国对外开放合作成果与中欧班列发展",
      "reason": "Cluster 2已明确合并多个子Cluster，报道中欧班列联通亚欧及中国服务品牌建设，属于同一具体开放合作项目。"
    },
    {
      "group_id": "G003",
      "cluster_indexes": [
        3
      ],
      "event_title": "2026年名古屋亚运会",
      "reason": "Cluster 3已明确合并多个子Cluster，报道亚运会开幕、开幕式、运动员访谈及比赛等内容，属于同一具体体育赛事事件。"
    },
    {
      "group_id": "G004",
      "cluster_indexes": [
        4
      ],
      "event_title": "中国自贸区司法保护与营商环境优化",
      "reason": "Cluster 4已明确合并多个子Cluster，报道自贸区法治创新及营商环境打造，属于同一政策推进事件的不同侧面。"
    },
    {
      "group_id": "G005",
      "cluster_indexes": [
        5
      ],
      "event_title": "人民日报社论与编辑团队",
      "reason": "单独归类为人民日报 editorial 评论或编辑署名内容，属于社论类栏目，无其他相关文章合并。"
    },
    {
      "group_id": "G006",
      "cluster_indexes": [
        6
      ],
      "event_title": "中国参与区域国际合作机制",
      "reason": "Cluster 6已明确合并多个子Cluster，报道中国参与的多边区域合作机制，涵盖中国-东盟命运共同体和上合组织发展。"
    },
    {
      "group_id": "G007",
      "cluster_indexes": [
        7
      ],
      "event_title": "大湾区科创协同",
      "reason": "单独报道大湾区科技创新协同进展，无其他相关文章合并。"
    },
    {
      "group_id": "G008",
      "cluster_indexes": [
        8
      ],
      "event_title": "2026世界制造业大会",
      "reason": "单独报道世界制造业大会，无其他相关文章合并。"
    },
    {
      "group_id": "G009",
      "cluster_indexes": [
        9
      ],
      "event_title": "加州打击网红未披露政治广告",
      "reason": "单独报道美国加州对网红政治广告监管的新规，无其他相关文章合并。"
    },
    {
      "group_id": "G010",
      "cluster_indexes": [
        10
      ],
      "event_title": "胡塞武装袭击中东目标及供应链影响",
      "reason": "Cluster 10已明确合并多个子Cluster，报道胡塞武装对中东目标的连续袭击及供应链影响，属于同一正在持续发展的单一现实事件。"
    },
    {
      "group_id": "G011",
      "cluster_indexes": [
        11
      ],
      "event_title": "印度面临特朗普关税与俄罗斯石油压力",
      "reason": "单独报道印度在地缘经济中的困境，无其他相关文章合并。"
    },
    {
      "group_id": "G012",
      "cluster_indexes": [
        12
      ],
      "event_title": "AI崛起引发无人机安全威胁",
      "reason": "单独报道美国警察组织对AI结合无人机威胁的警告，无其他相关文章合并。"
    },
    {
      "group_id": "G013",
      "cluster_indexes": [
        13
      ],
      "event_title": "艾伦·索金谈Facebook故事",
      "reason": "单独报道娱乐人物访谈内容，无其他相关文章合并。"
    },
    {
      "group_id": "G014",
      "cluster_indexes": [
        14
      ],
      "event_title": "纽约地铁破损基础设施形成艺术景观",
      "reason": "单独报道城市基础设施与文化现象，无其他相关文章合并。"
    },
    {
      "group_id": "G015",
      "cluster_indexes": [
        15
      ],
      "event_title": "阿肯色大学对阵佐治亚大学比赛",
      "reason": "单独报道美国大学体育事件，无其他相关文章合并。"
    },
    {
      "group_id": "G016",
      "cluster_indexes": [
        16
      ],
      "event_title": "Wendy's复古黄色包装回归",
      "reason": "单独报道餐饮品牌营销动向，无其他相关文章合并。"
    },
    {
      "group_id": "G017",
      "cluster_indexes": [
        17
      ],
      "event_title": "Clay Aiken回忆被出柜经历",
      "reason": "单独报道娱乐人物个人经历回顾，无其他相关文章合并。"
    },
    {
      "group_id": "G018",
      "cluster_indexes": [
        18
      ],
      "event_title": "拉斯维加斯旅游业复苏",
      "reason": "单独报道美国旅游业经济趋势，无其他相关文章合并。"
    },
    {
      "group_id": "G019",
      "cluster_indexes": [
        19
      ],
      "event_title": "FanDuel体育博彩促销",
      "reason": "Cluster 19已明确合并多篇文章，报道FanDuel推出的$350奖金注促销活动，属于同一商业促销活动事件。"
    },
    {
      "group_id": "G020",
      "cluster_indexes": [
        20
      ],
      "event_title": "Fox Nation RNC中期选举特别节目",
      "reason": "单独报道Ruthless节目主持人在RNC中期选举大会上采访共和党要员，无其他相关文章合并。"
    },
    {
      "group_id": "G021",
      "cluster_indexes": [
        21
      ],
      "event_title": "Carrot Top住院治疗",
      "reason": "单独报道喜剧演员Carrot Top因住院取消周末演出，无其他相关文章合并。"
    },
    {
      "group_id": "G022",
      "cluster_indexes": [
        22
      ],
      "event_title": "特朗普宣布成立AI Force",
      "reason": "Cluster 22已明确合并多篇文章，报道特朗普宣布成立'AI Force'监控人工智能技术，属于同一政治决策事件。"
    },
    {
      "group_id": "G023",
      "cluster_indexes": [
        23
      ],
      "event_title": "记者被禁入白宫",
      "reason": "单独报道MS NOW、CNN、Politico记者被特朗普宣布禁止进入白宫，无其他相关文章合并。"
    },
    {
      "group_id": "G024",
      "cluster_indexes": [
        24
      ],
      "event_title": "Ed Sheeran回应Macklemore争议",
      "reason": "单独报道Ed Sheeran在费城演唱会回应Macklemore争议，无其他相关文章合并。"
    },
    {
      "group_id": "G025",
      "cluster_indexes": [
        25
      ],
      "event_title": "英国政治：自民党遏制法拉奇及改革党",
      "reason": "Cluster 25已明确合并多个子Cluster，报道英国自由民主党对抗法拉奇/改革党的政治战略，属于同一政治事件的不同侧面。"
    },
    {
      "group_id": "G026",
      "cluster_indexes": [
        26
      ],
      "event_title": "英国报刊头条：斯宾塞回忆录与麦卡恩案",
      "reason": "单独报道英国周日报刊头条涉及斯宾塞伯爵回忆录及麦卡恩案嫌疑人书籍计划，无其他相关文章合并。"
    },
    {
      "group_id": "G027",
      "cluster_indexes": [
        27
      ],
      "event_title": "Maddy Cusack周年纪念",
      "reason": "单独报道Maddy Cusack周年纪念正值死因裁判庭延期期间，无其他相关文章合并。"
    },
    {
      "group_id": "G028",
      "cluster_indexes": [
        28
      ],
      "event_title": "卡里克支持VAR系统",
      "reason": "单独报道卡里克在对德比VAR判罚出错后仍表示支持VAR，无其他相关文章合并。"
    },
    {
      "group_id": "G029",
      "cluster_indexes": [
        29
      ],
      "event_title": "曼联穆斯林球迷要求拉特克利夫下课",
      "reason": "单独报道曼联穆斯林球迷团体要求拉特克利夫离职，无其他相关文章合并。"
    },
    {
      "group_id": "G030",
      "cluster_indexes": [
        30
      ],
      "event_title": "澳大利亚移民政策争议",
      "reason": "单独报道澳大利亚总理批评One Nation移民政策及泰勒承诺大幅削减移民，无其他相关文章合并。"
    }
  ]
}
================================================================================

================================================================================
TIME: 2026-09-20T12:59:16.308466+08:00
DATE: 2026-09-20
STAGE: STAGE 1B / ROUND 5 / WINDOW 6
MESSAGE: V6.5.3 Global Merge窗口AI输出Coverage异常，进入自动Repair。
DETAILS:
{
  "attempt": 1,
  "duplicate": [
    24
  ],
  "missing": [],
  "extra": [],
  "malformed": [],
  "groups": [
    {
      "group_id": "G001",
      "cluster_indexes": [
        1,
        26
      ],
      "event_title": "德国总理默茨政治处境与支持分析",
      "reason": "Cluster 1报道三篇文章围绕德国总理Friedrich Merz的政治处境、媒体评价及与SPD关系展开；Cluster 26报道支持Merz作为总理候选人的文章。两者均聚焦于同一具体政治人物Friedrich Merz在同一时间窗口内的政治地位与前景这一具体现实事件，属于同一事件的不同报道角度（处境分析与支持呼吁）。"
    },
    {
      "group_id": "G002",
      "cluster_indexes": [
        5,
        24
      ],
      "event_title": "特朗普限制特定媒体进入白宫",
      "reason": "Cluster 5已明确将EVT-20260920-000467和EVT-20260920-000483归并为同一事件（特朗普拒绝MS NOW及CNN/MSNBC记者进入白宫）；Cluster 24报道EVT-20260920-000494，内容为F.A.Z.对俄罗斯牺牲意愿的地缘政治评论，与特朗普媒体限制事件无关。等等，重新核查：Cluster 24的标题是'Münkler Russland Opferbereitschaft'，内容是关于俄罗斯牺牲意愿的分析，与特朗普媒体禁令无关。Cluster 5内部已合并了两个子Cluster关于特朗普限制媒体。Cluster 24是独立的地缘政治评论。因此Cluster 5自身已完成合并，Cluster 24单独成组。"
    },
    {
      "group_id": "G003",
      "cluster_indexes": [
        15
      ],
      "event_title": "美国获取格陵兰岛控制权及军事基地协议",
      "reason": "Cluster 15已在输入中预先合并了EVT-20260920-000480和EVT-20260920-000484，涉及特朗普获取格陵兰岛控制权意图与美国-丹麦/格陵兰军事存在协议，属于同一地缘政治事件。无需与其他Cluster合并。"
    },
    {
      "group_id": "G004",
      "cluster_indexes": [
        2
      ],
      "event_title": "脂肪肝健康科普",
      "reason": "独立的医学科普新闻，无其他Cluster与之构成同一具体事件。"
    },
    {
      "group_id": "G005",
      "cluster_indexes": [
        3
      ],
      "event_title": "奥地利WhatsApp性骚扰案件",
      "reason": "独立的法律案件报道，无其他Cluster与之构成同一具体事件。"
    },
    {
      "group_id": "G006",
      "cluster_indexes": [
        4
      ],
      "event_title": "中国考古发现断鼻骨架",
      "reason": "独立的考古发现报道，无其他Cluster与之构成同一具体事件。"
    },
    {
      "group_id": "G007",
      "cluster_indexes": [
        6
      ],
      "event_title": "土耳其安全局势评论",
      "reason": "独立的专栏评论文章，无其他Cluster与之构成同一具体事件。"
    },
    {
      "group_id": "G008",
      "cluster_indexes": [
        7
      ],
      "event_title": "社会信任心理分析",
      "reason": "独立的社会心理学评论，无其他Cluster与之构成同一具体事件。"
    },
    {
      "group_id": "G009",
      "cluster_indexes": [
        8
      ],
      "event_title": "电影Pressure事实核查",
      "reason": "独立的事实核查文章，无其他Cluster与之构成同一具体事件。"
    },
    {
      "group_id": "G010",
      "cluster_indexes": [
        9
      ],
      "event_title": "加纳合唱团德国巡演",
      "reason": "独立的文化活动报道，无其他Cluster与之构成同一具体事件。"
    },
    {
      "group_id": "G011",
      "cluster_indexes": [
        10
      ],
      "event_title": "中美关税与走私问题",
      "reason": "独立的政策分析文章，无其他Cluster与之构成同一具体事件。"
    },
    {
      "group_id": "G012",
      "cluster_indexes": [
        11
      ],
      "event_title": "伊朗战争土耳其立场",
      "reason": "独立的liveblog地缘政治报道，无其他Cluster与之构成同一具体事件。"
    },
    {
      "group_id": "G013",
      "cluster_indexes": [
        12
      ],
      "event_title": "大屠杀与殖民主义比较",
      "reason": "独立的学术辩论报道，无其他Cluster与之构成同一具体事件。"
    },
    {
      "group_id": "G014",
      "cluster_indexes": [
        13
      ],
      "event_title": "德国燃油价格补贴政策批评",
      "reason": "独立的政策评论文章，无其他Cluster与之构成同一具体事件。"
    },
    {
      "group_id": "G015",
      "cluster_indexes": [
        14
      ],
      "event_title": "历史协会WhatsApp活动",
      "reason": "独立的社区活动报道，无其他Cluster与之构成同一具体事件。"
    },
    {
      "group_id": "G016",
      "cluster_indexes": [
        16
      ],
      "event_title": "Segelflug mit Airbus Triebwerksausfall",
      "reason": "独立的航空事件报道，无其他Cluster与之构成同一具体事件。"
    },
    {
      "group_id": "G017",
      "cluster_indexes": [
        17
      ],
      "event_title": "Biennale Lyon Kunst",
      "reason": "独立的文化艺术事件报道，无其他Cluster与之构成同一具体事件。"
    },
    {
      "group_id": "G018",
      "cluster_indexes": [
        18
      ],
      "event_title": "Achtsamkeit und Sport",
      "reason": "独立的健康/生活方式专栏，无其他Cluster与之构成同一具体事件。"
    },
    {
      "group_id": "G019",
      "cluster_indexes": [
        19
      ],
      "event_title": "Tipps für werdende Väter",
      "reason": "独立的AP育儿建议文章，无其他Cluster与之构成同一具体事件。"
    },
    {
      "group_id": "G020",
      "cluster_indexes": [
        20
      ],
      "event_title": "ZDF Magazin Royale Böhmermann",
      "reason": "独立的媒体决策报道，无其他Cluster与之构成同一具体事件。"
    },
    {
      "group_id": "G021",
      "cluster_indexes": [
        21
      ],
      "event_title": "AfD Sachsen-Anhalt Machtanspruch",
      "reason": "独立的政党政治事件报道，无其他Cluster与之构成同一具体事件。"
    },
    {
      "group_id": "G022",
      "cluster_indexes": [
        22
      ],
      "event_title": "MMA-Star Christian Eckerlin Kriminalität",
      "reason": "独立的体育/法律话题报道，无其他Cluster与之构成同一具体事件。"
    },
    {
      "group_id": "G023",
      "cluster_indexes": [
        23
      ],
      "event_title": "Politikerlügen Kind erklären",
      "reason": "独立的社论文章，无其他Cluster与之构成同一具体事件。"
    },
    {
      "group_id": "G024",
      "cluster_indexes": [
        24
      ],
      "event_title": "Münkler Russland Opferbereitschaft",
      "reason": "独立的F.A.Z.地缘政治评论，分析俄罗斯牺牲意愿，与特朗普媒体限制或其他事件无关联。"
    },
    {
      "group_id": "G025",
      "cluster_indexes": [
        25
      ],
      "event_title": "Linken Sozialismus Erfolge",
      "reason": "独立的政治趋势报道，无其他Cluster与之构成同一具体事件。"
    },
    {
      "group_id": "G026",
      "cluster_indexes": [
        27
      ],
      "event_title": "Davis Cup Playoff Halle",
      "reason": "独立的体育赛事报道，无其他Cluster与之构成同一具体事件。"
    },
    {
      "group_id": "G027",
      "cluster_indexes": [
        28
      ],
      "event_title": "Werder Bremen Sieg",
      "reason": "独立的足球比赛结果报道，无其他Cluster与之构成同一具体事件。"
    },
    {
      "group_id": "G028",
      "cluster_indexes": [
        29
      ],
      "event_title": "Sandro Wagner Hannover 96 Trainer",
      "reason": "独立的体育人事变动报道，无其他Cluster与之构成同一具体事件。"
    },
    {
      "group_id": "G029",
      "cluster_indexes": [
        30
      ],
      "event_title": "Cheeseburger Bestellhit Lieferdienste",
      "reason": "独立的商业趋势数据报道，无其他Cluster与之构成同一具体事件。"
    }
  ]
}
================================================================================

================================================================================
TIME: 2026-09-20T13:00:00.756368+08:00
DATE: 2026-09-20
STAGE: STAGE 1B / ROUND 5 / WINDOW 6
MESSAGE: Global Merge窗口AI输出经过Repair后恢复正常。
DETAILS:
{
  "repair_attempt": 1,
  "groups": [
    {
      "group_id": "G001",
      "cluster_indexes": [
        1,
        26
      ],
      "event_title": "德国总理默茨政治处境与支持分析",
      "reason": "Cluster 1报道三篇文章围绕德国总理Friedrich Merz的政治处境、媒体评价及与SPD关系展开；Cluster 26报道支持Merz作为总理候选人的文章。两者均聚焦于同一具体政治人物Friedrich Merz在同一时间窗口内的政治地位与前景这一具体现实事件，属于同一事件的不同报道角度（处境分析与支持呼吁）。"
    },
    {
      "group_id": "G002",
      "cluster_indexes": [
        5
      ],
      "event_title": "特朗普限制特定媒体进入白宫",
      "reason": "Cluster 5已明确将EVT-20260920-000467和EVT-20260920-000483归并为同一事件（特朗普拒绝MS NOW及CNN/MSNBC记者进入白宫），属于同一持续发展的新闻自由事件。无需与其他Cluster合并。"
    },
    {
      "group_id": "G003",
      "cluster_indexes": [
        15
      ],
      "event_title": "美国获取格陵兰岛控制权及军事基地协议",
      "reason": "Cluster 15已在输入中预先合并了EVT-20260920-000480和EVT-20260920-000484，涉及特朗普获取格陵兰岛控制权意图与美国-丹麦/格陵兰军事存在协议，属于同一地缘政治事件。无需与其他Cluster合并。"
    },
    {
      "group_id": "G004",
      "cluster_indexes": [
        2
      ],
      "event_title": "脂肪肝健康科普",
      "reason": "独立的医学科普新闻，无其他Cluster与之构成同一具体事件。"
    },
    {
      "group_id": "G005",
      "cluster_indexes": [
        3
      ],
      "event_title": "奥地利WhatsApp性骚扰案件",
      "reason": "独立的法律案件报道，无其他Cluster与之构成同一具体事件。"
    },
    {
      "group_id": "G006",
      "cluster_indexes": [
        4
      ],
      "event_title": "中国考古发现断鼻骨架",
      "reason": "独立的考古发现报道，无其他Cluster与之构成同一具体事件。"
    },
    {
      "group_id": "G007",
      "cluster_indexes": [
        6
      ],
      "event_title": "土耳其安全局势评论",
      "reason": "独立的专栏评论文章，无其他Cluster与之构成同一具体事件。"
    },
    {
      "group_id": "G008",
      "cluster_indexes": [
        7
      ],
      "event_title": "社会信任心理分析",
      "reason": "独立的社会心理学评论，无其他Cluster与之构成同一具体事件。"
    },
    {
      "group_id": "G009",
      "cluster_indexes": [
        8
      ],
      "event_title": "电影Pressure事实核查",
      "reason": "独立的事实核查文章，无其他Cluster与之构成同一具体事件。"
    },
    {
      "group_id": "G010",
      "cluster_indexes": [
        9
      ],
      "event_title": "加纳合唱团德国巡演",
      "reason": "独立的文化活动报道，无其他Cluster与之构成同一具体事件。"
    },
    {
      "group_id": "G011",
      "cluster_indexes": [
        10
      ],
      "event_title": "中美关税与走私问题",
      "reason": "独立的政策分析文章，无其他Cluster与之构成同一具体事件。"
    },
    {
      "group_id": "G012",
      "cluster_indexes": [
        11
      ],
      "event_title": "伊朗战争土耳其立场",
      "reason": "独立的liveblog地缘政治报道，无其他Cluster与之构成同一具体事件。"
    },
    {
      "group_id": "G013",
      "cluster_indexes": [
        12
      ],
      "event_title": "大屠杀与殖民主义比较",
      "reason": "独立的学术辩论报道，无其他Cluster与之构成同一具体事件。"
    },
    {
      "group_id": "G014",
      "cluster_indexes": [
        13
      ],
      "event_title": "德国燃油价格补贴政策批评",
      "reason": "独立的政策评论文章，无其他Cluster与之构成同一具体事件。"
    },
    {
      "group_id": "G015",
      "cluster_indexes": [
        14
      ],
      "event_title": "历史协会WhatsApp活动",
      "reason": "独立的社区活动报道，无其他Cluster与之构成同一具体事件。"
    },
    {
      "group_id": "G016",
      "cluster_indexes": [
        16
      ],
      "event_title": "Segelflug mit Airbus Triebwerksausfall",
      "reason": "独立的航空事件报道，无其他Cluster与之构成同一具体事件。"
    },
    {
      "group_id": "G017",
      "cluster_indexes": [
        17
      ],
      "event_title": "Biennale Lyon Kunst",
      "reason": "独立的文化艺术事件报道，无其他Cluster与之构成同一具体事件。"
    },
    {
      "group_id": "G018",
      "cluster_indexes": [
        18
      ],
      "event_title": "Achtsamkeit und Sport",
      "reason": "独立的健康/生活方式专栏，无其他Cluster与之构成同一具体事件。"
    },
    {
      "group_id": "G019",
      "cluster_indexes": [
        19
      ],
      "event_title": "Tipps für werdende Väter",
      "reason": "独立的AP育儿建议文章，无其他Cluster与之构成同一具体事件。"
    },
    {
      "group_id": "G020",
      "cluster_indexes": [
        20
      ],
      "event_title": "ZDF Magazin Royale Böhmermann",
      "reason": "独立的媒体决策报道，无其他Cluster与之构成同一具体事件。"
    },
    {
      "group_id": "G021",
      "cluster_indexes": [
        21
      ],
      "event_title": "AfD Sachsen-Anhalt Machtanspruch",
      "reason": "独立的政党政治事件报道，无其他Cluster与之构成同一具体事件。"
    },
    {
      "group_id": "G022",
      "cluster_indexes": [
        22
      ],
      "event_title": "MMA-Star Christian Eckerlin Kriminalität",
      "reason": "独立的体育/法律话题报道，无其他Cluster与之构成同一具体事件。"
    },
    {
      "group_id": "G023",
      "cluster_indexes": [
        23
      ],
      "event_title": "Politikerlügen Kind erklären",
      "reason": "独立的社论文章，无其他Cluster与之构成同一具体事件。"
    },
    {
      "group_id": "G024",
      "cluster_indexes": [
        24
      ],
      "event_title": "Münkler Russland Opferbereitschaft",
      "reason": "独立的F.A.Z.地缘政治评论，分析俄罗斯牺牲意愿，与特朗普媒体限制或其他事件无关联。"
    },
    {
      "group_id": "G025",
      "cluster_indexes": [
        25
      ],
      "event_title": "Linken Sozialismus Erfolge",
      "reason": "独立的政治趋势报道，无其他Cluster与之构成同一具体事件。"
    },
    {
      "group_id": "G026",
      "cluster_indexes": [
        27
      ],
      "event_title": "Davis Cup Playoff Halle",
      "reason": "独立的体育赛事报道，无其他Cluster与之构成同一具体事件。"
    },
    {
      "group_id": "G027",
      "cluster_indexes": [
        28
      ],
      "event_title": "Werder Bremen Sieg",
      "reason": "独立的足球比赛结果报道，无其他Cluster与之构成同一具体事件。"
    },
    {
      "group_id": "G028",
      "cluster_indexes": [
        29
      ],
      "event_title": "Sandro Wagner Hannover 96 Trainer",
      "reason": "独立的体育人事变动报道，无其他Cluster与之构成同一具体事件。"
    },
    {
      "group_id": "G029",
      "cluster_indexes": [
        30
      ],
      "event_title": "Cheeseburger Bestellhit Lieferdienste",
      "reason": "独立的商业趋势数据报道，无其他Cluster与之构成同一具体事件。"
    }
  ]
}
================================================================================

================================================================================
TIME: 2026-09-20T13:00:51.159532+08:00
DATE: 2026-09-20
STAGE: STAGE 1B / ROUND 6 / WINDOW 1
MESSAGE: V6.5.3 Global Merge窗口AI输出Coverage异常，进入自动Repair。
DETAILS:
{
  "attempt": 1,
  "duplicate": [],
  "missing": [
    30
  ],
  "extra": [],
  "malformed": [],
  "groups": [
    {
      "group_id": "G001",
      "cluster_indexes": [
        1,
        9
      ],
      "event_title": "Reform UK Internal Conflicts and Controversies",
      "reason": "Cluster 7 (G001 covers EVT-20260920-000288 etc.) and Cluster 9 (G002 covers EVT-20260920-000292 etc.) both explicitly state in their own judgments that they involve the same political party, Reform UK, and represent related internal controversies constituting a single ongoing political event. They should be merged into one unified event cluster."
    },
    {
      "group_id": "G002",
      "cluster_indexes": [
        2
      ],
      "event_title": "Business Group Anti-Socialism Campaign",
      "reason": "Standalone report with no overlapping specific event data with other clusters."
    },
    {
      "group_id": "G003",
      "cluster_indexes": [
        3
      ],
      "event_title": "Rising Cost of Going Out in America",
      "reason": "Standalone feature with no overlapping specific event data."
    },
    {
      "group_id": "G004",
      "cluster_indexes": [
        4
      ],
      "event_title": "Trump AI Force Proposal",
      "reason": "Standalone report on a specific policy proposal. Although Cluster 1 involves Trump, it covers a different specific event (Greenland security deal) and cannot be merged."
    },
    {
      "group_id": "G005",
      "cluster_indexes": [
        5
      ],
      "event_title": "DraftKings AI Targeting Gamblers",
      "reason": "Standalone business/tech report."
    },
    {
      "group_id": "G006",
      "cluster_indexes": [
        6
      ],
      "event_title": "LA Homelessness Fraud Cases",
      "reason": "Standalone crime/social report."
    },
    {
      "group_id": "G007",
      "cluster_indexes": [
        7
      ],
      "event_title": "German Conscription Failure",
      "reason": "Standalone defense policy report."
    },
    {
      "group_id": "G008",
      "cluster_indexes": [
        8
      ],
      "event_title": "NYT Editorial on Extinction",
      "reason": "Standalone editorial."
    },
    {
      "group_id": "G009",
      "cluster_indexes": [
        10
      ],
      "event_title": "Chinese AI Researcher Profile",
      "reason": "Standalone profile piece."
    },
    {
      "group_id": "G010",
      "cluster_indexes": [
        11
      ],
      "event_title": "Tech Readiness for Win",
      "reason": "Standalone blog post."
    },
    {
      "group_id": "G011",
      "cluster_indexes": [
        12
      ],
      "event_title": "AI Safety Group Organizing Mistakes",
      "reason": "Standalone analysis blog post."
    },
    {
      "group_id": "G012",
      "cluster_indexes": [
        13
      ],
      "event_title": "Scottish Labour Oil Gas Support",
      "reason": "Standalone political report on energy policy."
    },
    {
      "group_id": "G013",
      "cluster_indexes": [
        14
      ],
      "event_title": "Russian Election Simulation",
      "reason": "Standalone political analysis."
    },
    {
      "group_id": "G014",
      "cluster_indexes": [
        15
      ],
      "event_title": "Melanoma Vaccine Breakthrough",
      "reason": "Standalone medical news."
    },
    {
      "group_id": "G015",
      "cluster_indexes": [
        16
      ],
      "event_title": "AI Worker Views on Existential Risk",
      "reason": "Standalone survey/report."
    },
    {
      "group_id": "G016",
      "cluster_indexes": [
        17
      ],
      "event_title": "China-US Trade Consultations",
      "reason": "Standalone diplomatic report."
    },
    {
      "group_id": "G017",
      "cluster_indexes": [
        18
      ],
      "event_title": "Space Classroom Influence",
      "reason": "Standalone education/space report."
    },
    {
      "group_id": "G018",
      "cluster_indexes": [
        19
      ],
      "event_title": "Texas Campus Racist Post Backlash",
      "reason": "Standalone social incident."
    },
    {
      "group_id": "G019",
      "cluster_indexes": [
        20
      ],
      "event_title": "Linus Torvalds Linux Kernel Development Activities",
      "reason": "Cluster 21 and Cluster 23 both describe ongoing technical activities by Linus Torvalds related to Linux kernel development during the same period and are judged to be part of the same continuous kernel development work."
    },
    {
      "group_id": "G020",
      "cluster_indexes": [
        21
      ],
      "event_title": "足球教练Peter Hermann去世",
      "reason": "Standalone obituary."
    },
    {
      "group_id": "G021",
      "cluster_indexes": [
        22
      ],
      "event_title": "中国前8月水利与业务收入统计",
      "reason": "Standalone statistical report."
    },
    {
      "group_id": "G022",
      "cluster_indexes": [
        23
      ],
      "event_title": "人民日报当日版面内容",
      "reason": "Standalone newspaper content compilation."
    },
    {
      "group_id": "G023",
      "cluster_indexes": [
        24
      ],
      "event_title": "尼泊尔Gen Z应对气候灾难",
      "reason": "Standalone environmental/social report."
    },
    {
      "group_id": "G024",
      "cluster_indexes": [
        25
      ],
      "event_title": "失踪徒步者获救事件",
      "reason": "Standalone rescue story."
    },
    {
      "group_id": "G025",
      "cluster_indexes": [
        26
      ],
      "event_title": "美国农民寻求国会救济受阻",
      "reason": "Standalone political/agricultural report."
    },
    {
      "group_id": "G026",
      "cluster_indexes": [
        27
      ],
      "event_title": "Hasan Piker支持AOC 2028竞选",
      "reason": "Standalone political streamer news."
    },
    {
      "group_id": "G027",
      "cluster_indexes": [
        28
      ],
      "event_title": "Sharon Stone指控前夫未经同意为其进行脑部手术",
      "reason": "Standalone celebrity legal news."
    },
    {
      "group_id": "G028",
      "cluster_indexes": [
        29
      ],
      "event_title": "体育博彩促销广告",
      "reason": "Standalone advertisement compilation."
    }
  ]
}
================================================================================

================================================================================
TIME: 2026-09-20T13:01:03.710447+08:00
DATE: 2026-09-20
STAGE: STAGE 1B / ROUND 6 / WINDOW 1
MESSAGE: Global Merge窗口AI输出经过Repair后恢复正常。
DETAILS:
{
  "repair_attempt": 1,
  "groups": [
    {
      "group_id": "G001",
      "cluster_indexes": [
        1
      ],
      "event_title": "US-Denmark Greenland Security Deal and Trump Administration Media Restrictions",
      "reason": "Cluster 1 covers the US-Denmark security agreement regarding Greenland and associated diplomatic/political dynamics."
    },
    {
      "group_id": "G002",
      "cluster_indexes": [
        2
      ],
      "event_title": "Business Group Anti-Socialism Campaign",
      "reason": "Standalone report on a US business group's initiative against socialism."
    },
    {
      "group_id": "G003",
      "cluster_indexes": [
        3
      ],
      "event_title": "Rising Cost of Going Out in America",
      "reason": "Standalone feature on economic changes to American social life."
    },
    {
      "group_id": "G004",
      "cluster_indexes": [
        4
      ],
      "event_title": "Trump AI Force Proposal",
      "reason": "Standalone report on Trump's specific proposal for an 'A.I. Force' instead of new rules."
    },
    {
      "group_id": "G005",
      "cluster_indexes": [
        5
      ],
      "event_title": "DraftKings AI Targeting Gamblers",
      "reason": "Standalone report on DraftKings using AI to identify losing gamblers."
    },
    {
      "group_id": "G006",
      "cluster_indexes": [
        6
      ],
      "event_title": "LA Homelessness Fraud Cases",
      "reason": "Standalone report on fraud in Los Angeles homelessness programs."
    },
    {
      "group_id": "G007",
      "cluster_indexes": [
        7,
        9
      ],
      "event_title": "Reform UK Internal Conflicts and Controversies",
      "reason": "Cluster 7 (EVT-20260920-000288) covers internal conflict over donation funds, and Cluster 9 (EVT-20260920-000292/301) covers controversy involving comments on immigration (small boats). Both involve the same political party, Reform UK, and represent related internal controversies within the same organization during the same period, constituting a single ongoing political event."
    },
    {
      "group_id": "G008",
      "cluster_indexes": [
        8
      ],
      "event_title": "German Conscription Failure",
      "reason": "Standalone report on the failure of a new German military service attempt."
    },
    {
      "group_id": "G009",
      "cluster_indexes": [
        10
      ],
      "event_title": "NYT Editorial on Extinction",
      "reason": "Standalone editorial board statement regarding extinction risks."
    },
    {
      "group_id": "G010",
      "cluster_indexes": [
        11
      ],
      "event_title": "Chinese AI Researcher Profile",
      "reason": "Standalone profile piece on the anatomy of a Chinese AI researcher."
    },
    {
      "group_id": "G011",
      "cluster_indexes": [
        12
      ],
      "event_title": "Tech Readiness for Win",
      "reason": "Standalone blog post regarding preparedness in technology."
    },
    {
      "group_id": "G012",
      "cluster_indexes": [
        13
      ],
      "event_title": "AI Safety Group Organizing Mistakes",
      "reason": "Standalone blog post analyzing common errors in AI safety organization."
    },
    {
      "group_id": "G013",
      "cluster_indexes": [
        14
      ],
      "event_title": "Scottish Labour Oil Gas Support",
      "reason": "Standalone report on Scottish Labour leadership backing specific oil and gas fields."
    },
    {
      "group_id": "G014",
      "cluster_indexes": [
        15
      ],
      "event_title": "Russian Election Simulation",
      "reason": "Standalone report analyzing the nature of elections in Russia."
    },
    {
      "group_id": "G015",
      "cluster_indexes": [
        16
      ],
      "event_title": "Melanoma Vaccine Breakthrough",
      "reason": "Standalone medical technology report on melanoma vaccine developments."
    },
    {
      "group_id": "G016",
      "cluster_indexes": [
        17
      ],
      "event_title": "AI Worker Views on Existential Risk",
      "reason": "Standalone report on AI workers' perspectives on catastrophic risk."
    },
    {
      "group_id": "G017",
      "cluster_indexes": [
        18
      ],
      "event_title": "China-US Trade Consultations",
      "reason": "Standalone diplomatic report on trade talks between China and the US."
    },
    {
      "group_id": "G018",
      "cluster_indexes": [
        19
      ],
      "event_title": "Space Classroom Influence",
      "reason": "Standalone report on the impact of space education on youth."
    },
    {
      "group_id": "G019",
      "cluster_indexes": [
        20
      ],
      "event_title": "Texas Campus Racist Post Backlash",
      "reason": "Standalone incident regarding a racist social media post on a diverse campus."
    },
    {
      "group_id": "G020",
      "cluster_indexes": [
        21
      ],
      "event_title": "Linus Torvalds Linux Kernel Development Activities",
      "reason": "Cluster 21 (EVT-20260920-000307) and Cluster 23 (EVT-20260920-000313) both describe ongoing technical activities by Linus Torvalds related to Linux kernel development during the same period and are judged to be part of the same continuous kernel development work."
    },
    {
      "group_id": "G021",
      "cluster_indexes": [
        22
      ],
      "event_title": "足球教练Peter Hermann去世",
      "reason": "关于足球教练Peter Hermann的讣告新闻"
    },
    {
      "group_id": "G022",
      "cluster_indexes": [
        23
      ],
      "event_title": "中国前8月水利与业务收入统计",
      "reason": "均为中国政府统计报告，涉及前8月水利建设投资和业务收入增速数据"
    },
    {
      "group_id": "G023",
      "cluster_indexes": [
        24
      ],
      "event_title": "人民日报当日版面内容",
      "reason": "均为人民日报同日报纸的不同版面文章，涵盖丰收、长江发展、入境游、无障碍展览、公园建设、长征精神、女子手球、责任编辑、民族团结、书画艺术等内容"
    },
    {
      "group_id": "G024",
      "cluster_indexes": [
        25
      ],
      "event_title": "尼泊尔Gen Z应对气候灾难",
      "reason": "报道尼泊尔年轻一代对抗污染者和气候灾难的行动"
    },
    {
      "group_id": "G025",
      "cluster_indexes": [
        26
      ],
      "event_title": "失踪徒步者获救事件",
      "reason": "一名徒步者被困11天后被两名Kayaker救出的救援故事"
    },
    {
      "group_id": "G026",
      "cluster_indexes": [
        27
      ],
      "event_title": "美国农民寻求国会救济受阻",
      "reason": "报道美国农民希望从国会获得救济但面临的政治阻碍"
    },
    {
      "group_id": "G027",
      "cluster_indexes": [
        28
      ],
      "event_title": "Hasan Piker支持AOC 2028竞选",
      "reason": "主播Hasan Piker表示愿意为AOC 2028年竞选助选，而El-Sayed保持距离"
    },
    {
      "group_id": "G028",
      "cluster_indexes": [
        29
      ],
      "event_title": "Sharon Stone指控前夫未经同意为其进行脑部手术",
      "reason": "女演员Sharon Stone声称中风后前夫在未获其同意的情况下签署了她的大脑手术"
    },
    {
      "group_id": "G029",
      "cluster_indexes": [
        30
      ],
      "event_title": "体育博彩促销广告",
      "reason": "Caesars Sportsbook、Dabble和Betr三家博彩平台的促销代码广告，主要针对UFC和大学橄榄球赛事"
    }
  ]
}
================================================================================

================================================================================
TIME: 2026-09-20T13:02:23.678841+08:00
DATE: 2026-09-20
STAGE: STAGE 1B / ROUND 6 / WINDOW 5
MESSAGE: V6.5.3 Global Merge窗口AI输出Coverage异常，进入自动Repair。
DETAILS:
{
  "attempt": 1,
  "duplicate": [],
  "missing": [
    29
  ],
  "extra": [],
  "malformed": [],
  "groups": [
    {
      "group_id": "G001",
      "cluster_indexes": [
        1
      ],
      "event_title": "俄乌战争战况及社会影响",
      "reason": "Cluster 1已内部合并了俄乌战争的军事冲突、战略表态和社会动员层面的多个侧面报道，构成一个连贯的单一现实事件。"
    },
    {
      "group_id": "G002",
      "cluster_indexes": [
        2
      ],
      "event_title": "Rita Mitsouko主唱Catherine Ringer逝世安葬",
      "reason": "单独报道法国音乐界名人逝世安葬事件，无其他关联Cluster。"
    },
    {
      "group_id": "G003",
      "cluster_indexes": [
        3
      ],
      "event_title": "音乐视频导演Melchior Leroux事业回顾",
      "reason": "单独报道娱乐产业人物特写，无其他关联Cluster。"
    },
    {
      "group_id": "G004",
      "cluster_indexes": [
        4
      ],
      "event_title": "法国足球甲级联赛积分榜更新",
      "reason": "单独报道体育赛事结果，无其他关联Cluster。"
    },
    {
      "group_id": "G005",
      "cluster_indexes": [
        5
      ],
      "event_title": "法国2027年总统选举候选人动态",
      "reason": "Cluster 5已内部合并了同一政治选举事件的多篇关联报道。"
    },
    {
      "group_id": "G006",
      "cluster_indexes": [
        6
      ],
      "event_title": "Ed Sheeran关于巴勒斯坦争议的音乐界道德困境",
      "reason": "单独报道娱乐界社会议题事件，无其他关联Cluster。"
    },
    {
      "group_id": "G007",
      "cluster_indexes": [
        7
      ],
      "event_title": "格陵兰交易的地缘政治分析",
      "reason": "单独报道国际关系评论事件，无其他关联Cluster。"
    },
    {
      "group_id": "G008",
      "cluster_indexes": [
        8
      ],
      "event_title": "中国成为卢旺达最大出口市场",
      "reason": "单独报道中卢经济贸易关系事件，无其他关联Cluster。"
    },
    {
      "group_id": "G009",
      "cluster_indexes": [
        9
      ],
      "event_title": "古巴电网崩溃",
      "reason": "单独报道自然灾害/基础设施事故事件，无其他关联Cluster。"
    },
    {
      "group_id": "G010",
      "cluster_indexes": [
        10
      ],
      "event_title": "胡塞武装导弹袭击利雅得",
      "reason": "Cluster 10已内部合并了同一军事袭击事件的多篇报道。"
    },
    {
      "group_id": "G011",
      "cluster_indexes": [
        11
      ],
      "event_title": "以色列纳粹纪录片争议",
      "reason": "单独报道政治/文化争议事件，无其他关联Cluster。"
    },
    {
      "group_id": "G012",
      "cluster_indexes": [
        12
      ],
      "event_title": "突尼斯 boats industry growth",
      "reason": "单独报道产业经济新闻，无其他关联Cluster。"
    },
    {
      "group_id": "G013",
      "cluster_indexes": [
        13
      ],
      "event_title": "尼日利亚悲剧事件",
      "reason": "Cluster 13已内部合并了尼日利亚两起不同但同属治安/公共安全领域的悲剧事件报道。"
    },
    {
      "group_id": "G014",
      "cluster_indexes": [
        14
      ],
      "event_title": "齐达内任命法国足球队教练",
      "reason": "单独报道体育人事任命事件，无其他关联Cluster。"
    },
    {
      "group_id": "G015",
      "cluster_indexes": [
        15
      ],
      "event_title": "日本亚运会住宿问题",
      "reason": "单独报道体育赛事配套问题事件，无其他关联Cluster。"
    },
    {
      "group_id": "G016",
      "cluster_indexes": [
        16
      ],
      "event_title": "海牙极右翼骚乱及抗议活动",
      "reason": "Cluster 16已内部合并了同一地点、同一性质、同一时间段的极右翼骚乱事件的不同报道侧面。"
    },
    {
      "group_id": "G017",
      "cluster_indexes": [
        17
      ],
      "event_title": "PETA抗议导致时尚界高管辞职",
      "reason": "单独报道社会抗议引发的行业人事变动事件，无其他关联Cluster。"
    },
    {
      "group_id": "G018",
      "cluster_indexes": [
        18
      ],
      "event_title": "慕尼黑啤酒节掰手腕受伤事件",
      "reason": "单独报道节庆活动中的意外伤害事件，无其他关联Cluster。"
    },
    {
      "group_id": "G019",
      "cluster_indexes": [
        19
      ],
      "event_title": "特朗普AI政策与发展",
      "reason": "Cluster 19已内部合并了特朗普AI相关政策、监管动态及专家观点的互补报道，构成同一持续发展的政策主题事件。"
    },
    {
      "group_id": "G020",
      "cluster_indexes": [
        20
      ],
      "event_title": "德国演员Peter Hermann逝世",
      "reason": "单独报道娱乐界名人逝世事件，无其他关联Cluster。"
    },
    {
      "group_id": "G021",
      "cluster_indexes": [
        21
      ],
      "event_title": "BookTok影响德国图书封面设计",
      "reason": "单独报道出版业文化现象分析，无其他关联Cluster。"
    },
    {
      "group_id": "G022",
      "cluster_indexes": [
        22
      ],
      "event_title": "席琳·迪翁复出",
      "reason": "单独报道娱乐界人物动态，无其他关联Cluster。"
    },
    {
      "group_id": "G023",
      "cluster_indexes": [
        23
      ],
      "event_title": "斯图加特德甲败给多特蒙德",
      "reason": "单独报道体育赛事结果，无其他关联Cluster。"
    },
    {
      "group_id": "G024",
      "cluster_indexes": [
        24
      ],
      "event_title": "北约军事委员会主席Carsten Breuer任命",
      "reason": "Cluster 29已内部合并了同一人事任命事件的多篇报道，此处Cluster 24对应文章268为单独相关的国防领导层呼吁报道，但根据系统已合并逻辑，归入同一事件组。"
    },
    {
      "group_id": "G025",
      "cluster_indexes": [
        25
      ],
      "event_title": "碧姬·芭铎遗产拍卖争议",
      "reason": "单独报道娱乐界名人遗产法律纠纷事件，无其他关联Cluster。"
    },
    {
      "group_id": "G026",
      "cluster_indexes": [
        26
      ],
      "event_title": "德国少年偷车逃跑",
      "reason": "单独报道治安事件，无其他关联Cluster。"
    },
    {
      "group_id": "G027",
      "cluster_indexes": [
        27
      ],
      "event_title": "Aaron Sorkin新作采访",
      "reason": "单独报道编剧创作新闻，无其他关联Cluster。"
    },
    {
      "group_id": "G028",
      "cluster_indexes": [
        28
      ],
      "event_title": "德国足球联赛动态",
      "reason": "Cluster 28已内部合并了德国足球甲级和乙级联赛在同一时间段内的多个赛事和人事动态，构成同一体育联赛周期的连贯事件。"
    },
    {
      "group_id": "G029",
      "cluster_indexes": [
        30
      ],
      "event_title": "德国总理默茨政治处境与支持分析",
      "reason": "Cluster 30已内部合并了聚焦同一政治人物Friedrich Merz在同一时间窗口内的政治地位与前景的不同报道角度。"
    }
  ]
}
================================================================================

================================================================================
TIME: 2026-09-20T13:02:38.475436+08:00
DATE: 2026-09-20
STAGE: STAGE 1B / ROUND 6 / WINDOW 5
MESSAGE: V6.5.3 Global Merge窗口AI输出Coverage异常，进入自动Repair。
DETAILS:
{
  "attempt": 2,
  "duplicate": [],
  "missing": [
    30
  ],
  "extra": [],
  "malformed": [],
  "groups": [
    {
      "group_id": "G001",
      "cluster_indexes": [
        1
      ],
      "event_title": "俄乌战争最新战况及社会影响",
      "reason": "Cluster 1已内部合并了俄乌战争的军事冲突、战略表态和社会动员层面的多个侧面报道，构成一个连贯的单一现实事件。"
    },
    {
      "group_id": "G002",
      "cluster_indexes": [
        2
      ],
      "event_title": "Rita Mitsouko主唱Catherine Ringer逝世安葬",
      "reason": "单独报道法国音乐界名人逝世安葬事件，无其他关联Cluster。"
    },
    {
      "group_id": "G003",
      "cluster_indexes": [
        3
      ],
      "event_title": "音乐视频导演Melchior Leroux事业回顾",
      "reason": "单独报道娱乐产业人物特写，无其他关联Cluster。"
    },
    {
      "group_id": "G004",
      "cluster_indexes": [
        4
      ],
      "event_title": "法国足球甲级联赛积分榜更新",
      "reason": "单独报道体育赛事结果，无其他关联Cluster。"
    },
    {
      "group_id": "G005",
      "cluster_indexes": [
        5
      ],
      "event_title": "法国2027年总统选举候选人动态",
      "reason": "Cluster 5已内部合并了同一政治选举事件的多篇关联报道。"
    },
    {
      "group_id": "G006",
      "cluster_indexes": [
        6
      ],
      "event_title": "Ed Sheeran关于巴勒斯坦争议的音乐界道德困境",
      "reason": "单独报道娱乐界社会议题事件，无其他关联Cluster。"
    },
    {
      "group_id": "G007",
      "cluster_indexes": [
        7
      ],
      "event_title": "格陵兰交易的地缘政治分析",
      "reason": "单独报道国际关系评论事件，无其他关联Cluster。"
    },
    {
      "group_id": "G008",
      "cluster_indexes": [
        8
      ],
      "event_title": "中国成为卢旺达最大出口市场",
      "reason": "单独报道中卢经济贸易关系事件，无其他关联Cluster。"
    },
    {
      "group_id": "G009",
      "cluster_indexes": [
        9
      ],
      "event_title": "古巴电网崩溃",
      "reason": "单独报道自然灾害/基础设施事故事件，无其他关联Cluster。"
    },
    {
      "group_id": "G010",
      "cluster_indexes": [
        10
      ],
      "event_title": "胡塞武装导弹袭击利雅得",
      "reason": "Cluster 10已内部合并了同一军事袭击事件的多篇报道。"
    },
    {
      "group_id": "G011",
      "cluster_indexes": [
        11
      ],
      "event_title": "以色列纳粹纪录片争议",
      "reason": "单独报道政治/文化争议事件，无其他关联Cluster。"
    },
    {
      "group_id": "G012",
      "cluster_indexes": [
        12
      ],
      "event_title": "突尼斯 boats industry growth",
      "reason": "单独报道产业经济新闻，无其他关联Cluster。"
    },
    {
      "group_id": "G013",
      "cluster_indexes": [
        13
      ],
      "event_title": "尼日利亚悲剧事件",
      "reason": "Cluster 13已内部合并了尼日利亚两起不同但同属治安/公共安全领域的悲剧事件报道。"
    },
    {
      "group_id": "G014",
      "cluster_indexes": [
        14
      ],
      "event_title": "齐达内任命法国足球队教练",
      "reason": "单独报道体育人事任命事件，无其他关联Cluster。"
    },
    {
      "group_id": "G015",
      "cluster_indexes": [
        15
      ],
      "event_title": "日本亚运会住宿问题",
      "reason": "单独报道体育赛事配套问题事件，无其他关联Cluster。"
    },
    {
      "group_id": "G016",
      "cluster_indexes": [
        16
      ],
      "event_title": "海牙极右翼骚乱及抗议活动",
      "reason": "Cluster 16已内部合并了同一地点、同一性质、同一时间段的极右翼骚乱事件的不同报道侧面。"
    },
    {
      "group_id": "G017",
      "cluster_indexes": [
        17
      ],
      "event_title": "PETA抗议导致时尚界高管辞职",
      "reason": "单独报道社会抗议引发的行业人事变动事件，无其他关联Cluster。"
    },
    {
      "group_id": "G018",
      "cluster_indexes": [
        18
      ],
      "event_title": "慕尼黑啤酒节掰手腕受伤事件",
      "reason": "单独报道节庆活动中的意外伤害事件，无其他关联Cluster。"
    },
    {
      "group_id": "G019",
      "cluster_indexes": [
        19
      ],
      "event_title": "特朗普AI政策与发展",
      "reason": "Cluster 19已内部合并了特朗普AI相关政策、监管动态及专家观点的互补报道，构成同一持续发展的政策主题事件。"
    },
    {
      "group_id": "G020",
      "cluster_indexes": [
        20
      ],
      "event_title": "德国演员Peter Hermann逝世",
      "reason": "单独报道娱乐界名人逝世事件，无其他关联Cluster。"
    },
    {
      "group_id": "G021",
      "cluster_indexes": [
        21
      ],
      "event_title": "BookTok影响德国图书封面设计",
      "reason": "单独报道出版业文化现象分析，无其他关联Cluster。"
    },
    {
      "group_id": "G022",
      "cluster_indexes": [
        22
      ],
      "event_title": "席琳·迪翁复出",
      "reason": "单独报道娱乐界人物动态，无其他关联Cluster。"
    },
    {
      "group_id": "G023",
      "cluster_indexes": [
        23
      ],
      "event_title": "斯图加特德甲败给多特蒙德",
      "reason": "单独报道体育赛事结果，无其他关联Cluster。"
    },
    {
      "group_id": "G024",
      "cluster_indexes": [
        24
      ],
      "event_title": "北约军事委员会主席Carsten Breuer任命及相关国防领导层呼吁",
      "reason": "Cluster 29报道了Carsten Breuer被任命为北约军事委员会主席的人事任命，Cluster 24报道了关于Bundeswehr领导层任命的呼吁（提及Carsten Breuer）。两者涉及同一具体现实世界中紧密相关的人事任命主题，故合并为一个group。"
    },
    {
      "group_id": "G025",
      "cluster_indexes": [
        25
      ],
      "event_title": "碧姬·芭铎遗产拍卖争议",
      "reason": "单独报道娱乐界名人遗产法律纠纷事件，无其他关联Cluster。"
    },
    {
      "group_id": "G026",
      "cluster_indexes": [
        26
      ],
      "event_title": "德国少年偷车逃跑",
      "reason": "单独报道治安事件，无其他关联Cluster。"
    },
    {
      "group_id": "G027",
      "cluster_indexes": [
        27
      ],
      "event_title": "Aaron Sorkin新作采访",
      "reason": "单独报道编剧创作新闻，无其他关联Cluster。"
    },
    {
      "group_id": "G028",
      "cluster_indexes": [
        28
      ],
      "event_title": "德国足球联赛动态",
      "reason": "Cluster 28已内部合并了德国足球甲级和乙级联赛在同一时间段内的多个赛事和人事动态，构成同一体育联赛周期的连贯事件。"
    },
    {
      "group_id": "G029",
      "cluster_indexes": [
        29
      ],
      "event_title": "德国总理默茨政治处境与支持分析",
      "reason": "Cluster 30已内部合并了聚焦同一政治人物Friedrich Merz在同一时间窗口内的政治地位与前景的不同报道角度。"
    }
  ]
}
================================================================================

================================================================================
TIME: 2026-09-20T13:02:55.266479+08:00
DATE: 2026-09-20
STAGE: STAGE 1B / ROUND 6 / WINDOW 5
MESSAGE: V6.5.3 Global Merge窗口AI输出Coverage异常，进入自动Repair。
DETAILS:
{
  "attempt": 3,
  "duplicate": [
    30
  ],
  "missing": [],
  "extra": [],
  "malformed": [],
  "groups": [
    {
      "group_id": "G001",
      "cluster_indexes": [
        1
      ],
      "event_title": "俄乌战争最新战况及社会影响",
      "reason": "Cluster 1已内部合并了俄乌战争的军事冲突、战略表态和社会动员层面的多个侧面报道，构成一个连贯的单一现实事件。"
    },
    {
      "group_id": "G002",
      "cluster_indexes": [
        2
      ],
      "event_title": "Rita Mitsouko主唱Catherine Ringer逝世安葬",
      "reason": "单独报道法国音乐界名人逝世安葬事件，无其他关联Cluster。"
    },
    {
      "group_id": "G003",
      "cluster_indexes": [
        3
      ],
      "event_title": "音乐视频导演Melchior Leroux事业回顾",
      "reason": "单独报道娱乐产业人物特写，无其他关联Cluster。"
    },
    {
      "group_id": "G004",
      "cluster_indexes": [
        4
      ],
      "event_title": "法国足球甲级联赛积分榜更新",
      "reason": "单独报道体育赛事结果，无其他关联Cluster。"
    },
    {
      "group_id": "G005",
      "cluster_indexes": [
        5
      ],
      "event_title": "法国2027年总统选举候选人动态",
      "reason": "Cluster 5已内部合并了同一政治选举事件的多篇关联报道。"
    },
    {
      "group_id": "G006",
      "cluster_indexes": [
        6
      ],
      "event_title": "Ed Sheeran关于巴勒斯坦争议的音乐界道德困境",
      "reason": "单独报道娱乐界社会议题事件，无其他关联Cluster。"
    },
    {
      "group_id": "G007",
      "cluster_indexes": [
        7
      ],
      "event_title": "格陵兰交易的地缘政治分析",
      "reason": "单独报道国际关系评论事件，无其他关联Cluster。"
    },
    {
      "group_id": "G008",
      "cluster_indexes": [
        8
      ],
      "event_title": "中国成为卢旺达最大出口市场",
      "reason": "单独报道中卢经济贸易关系事件，无其他关联Cluster。"
    },
    {
      "group_id": "G009",
      "cluster_indexes": [
        9
      ],
      "event_title": "古巴电网崩溃",
      "reason": "单独报道自然灾害/基础设施事故事件，无其他关联Cluster。"
    },
    {
      "group_id": "G010",
      "cluster_indexes": [
        10
      ],
      "event_title": "胡塞武装导弹袭击利雅得",
      "reason": "Cluster 10已内部合并了同一军事袭击事件的多篇报道。"
    },
    {
      "group_id": "G011",
      "cluster_indexes": [
        11
      ],
      "event_title": "以色列纳粹纪录片争议",
      "reason": "单独报道政治/文化争议事件，无其他关联Cluster。"
    },
    {
      "group_id": "G012",
      "cluster_indexes": [
        12
      ],
      "event_title": "突尼斯 boats industry growth",
      "reason": "单独报道产业经济新闻，无其他关联Cluster。"
    },
    {
      "group_id": "G013",
      "cluster_indexes": [
        13
      ],
      "event_title": "尼日利亚悲剧事件",
      "reason": "Cluster 13已内部合并了尼日利亚两起不同但同属治安/公共安全领域的悲剧事件报道。"
    },
    {
      "group_id": "G014",
      "cluster_indexes": [
        14
      ],
      "event_title": "齐达内任命法国足球队教练",
      "reason": "单独报道体育人事任命事件，无其他关联Cluster。"
    },
    {
      "group_id": "G015",
      "cluster_indexes": [
        15
      ],
      "event_title": "日本亚运会住宿问题",
      "reason": "单独报道体育赛事配套问题事件，无其他关联Cluster。"
    },
    {
      "group_id": "G016",
      "cluster_indexes": [
        16
      ],
      "event_title": "海牙极右翼骚乱及抗议活动",
      "reason": "Cluster 16已内部合并了同一地点、同一性质、同一时间段的极右翼骚乱事件的不同报道侧面。"
    },
    {
      "group_id": "G017",
      "cluster_indexes": [
        17
      ],
      "event_title": "PETA抗议导致时尚界高管辞职",
      "reason": "单独报道社会抗议引发的行业人事变动事件，无其他关联Cluster。"
    },
    {
      "group_id": "G018",
      "cluster_indexes": [
        18
      ],
      "event_title": "慕尼黑啤酒节掰手腕受伤事件",
      "reason": "单独报道节庆活动中的意外伤害事件，无其他关联Cluster。"
    },
    {
      "group_id": "G019",
      "cluster_indexes": [
        19
      ],
      "event_title": "特朗普AI政策与发展",
      "reason": "Cluster 19已内部合并了特朗普AI相关政策、监管动态及专家观点的互补报道，构成同一持续发展的政策主题事件。"
    },
    {
      "group_id": "G020",
      "cluster_indexes": [
        20
      ],
      "event_title": "德国演员Peter Hermann逝世",
      "reason": "单独报道娱乐界名人逝世事件，无其他关联Cluster。"
    },
    {
      "group_id": "G021",
      "cluster_indexes": [
        21
      ],
      "event_title": "BookTok影响德国图书封面设计",
      "reason": "单独报道出版业文化现象分析，无其他关联Cluster。"
    },
    {
      "group_id": "G022",
      "cluster_indexes": [
        22
      ],
      "event_title": "席琳·迪翁复出",
      "reason": "单独报道娱乐界人物动态，无其他关联Cluster。"
    },
    {
      "group_id": "G023",
      "cluster_indexes": [
        23
      ],
      "event_title": "斯图加特德甲败给多特蒙德",
      "reason": "单独报道体育赛事结果，无其他关联Cluster。"
    },
    {
      "group_id": "G024",
      "cluster_indexes": [
        24
      ],
      "event_title": "北约军事委员会主席Carsten Breuer任命",
      "reason": "单独报道Carsten Breuer被任命为北约军事委员会主席的人事任命事件（注：Cluster 29与之同源，此处保留Cluster 24作为独立组以避免歧义，若需合并见G029）。"
    },
    {
      "group_id": "G025",
      "cluster_indexes": [
        25
      ],
      "event_title": "碧姬·芭铎遗产拍卖争议",
      "reason": "单独报道娱乐界名人遗产法律纠纷事件，无其他关联Cluster。"
    },
    {
      "group_id": "G026",
      "cluster_indexes": [
        26
      ],
      "event_title": "德国少年偷车逃跑",
      "reason": "单独报道治安事件，无其他关联Cluster。"
    },
    {
      "group_id": "G027",
      "cluster_indexes": [
        27
      ],
      "event_title": "Aaron Sorkin新作采访",
      "reason": "单独报道编剧创作新闻，无其他关联Cluster。"
    },
    {
      "group_id": "G028",
      "cluster_indexes": [
        28
      ],
      "event_title": "德国足球联赛动态",
      "reason": "Cluster 28已内部合并了德国足球甲级和乙级联赛在同一时间段内的多个赛事和人事动态，构成同一体育联赛周期的连贯事件。"
    },
    {
      "group_id": "G029",
      "cluster_indexes": [
        29,
        30
      ],
      "event_title": "北约任命及德国总理默茨政治处境",
      "reason": "Cluster 29报道Carsten Breuer被任命为北约军事委员会主席；Cluster 30报道德国总理Friedrich Merz的政治处境与支持分析。两者虽主题不同，但鉴于上一轮校验中Cluster 30缺失，且Cluster 24与29内容重叠度高，此处将Cluster 29归入G024或单独处理。修正：Cluster 24和29实质为同一事件（Carsten Breuer任命），故合并为G024；Cluster 30单独为G029。重新调整如下：G024包含[24,29]，G029包含[30]。"
    },
    {
      "group_id": "G030",
      "cluster_indexes": [
        30
      ],
      "event_title": "德国总理默茨政治处境与支持分析",
      "reason": "Cluster 30已内部合并了聚焦同一政治人物Friedrich Merz在同一时间窗口内的政治地位与前景的不同报道角度。此为singleton组，确保Coverage完整。"
    }
  ]
}
================================================================================

================================================================================
TIME: 2026-09-20T13:02:55.266884+08:00
DATE: 2026-09-20
STAGE: STAGE 1B / ROUND 6 / WINDOW 5 / SAFE RECOVERY
MESSAGE: Global Merge窗口进入安全singleton恢复。
DETAILS:
{
  "duplicate": [
    30
  ],
  "missing": [],
  "extra": [],
  "malformed": [],
  "recovered_groups": [
    {
      "group_id": "G001",
      "cluster_indexes": [
        1
      ],
      "event_title": "俄乌战争最新战况及社会影响",
      "reason": "Cluster 1已内部合并了俄乌战争的军事冲突、战略表态和社会动员层面的多个侧面报道，构成一个连贯的单一现实事件。"
    },
    {
      "group_id": "G002",
      "cluster_indexes": [
        2
      ],
      "event_title": "Rita Mitsouko主唱Catherine Ringer逝世安葬",
      "reason": "单独报道法国音乐界名人逝世安葬事件，无其他关联Cluster。"
    },
    {
      "group_id": "G003",
      "cluster_indexes": [
        3
      ],
      "event_title": "音乐视频导演Melchior Leroux事业回顾",
      "reason": "单独报道娱乐产业人物特写，无其他关联Cluster。"
    },
    {
      "group_id": "G004",
      "cluster_indexes": [
        4
      ],
      "event_title": "法国足球甲级联赛积分榜更新",
      "reason": "单独报道体育赛事结果，无其他关联Cluster。"
    },
    {
      "group_id": "G005",
      "cluster_indexes": [
        5
      ],
      "event_title": "法国2027年总统选举候选人动态",
      "reason": "Cluster 5已内部合并了同一政治选举事件的多篇关联报道。"
    },
    {
      "group_id": "G006",
      "cluster_indexes": [
        6
      ],
      "event_title": "Ed Sheeran关于巴勒斯坦争议的音乐界道德困境",
      "reason": "单独报道娱乐界社会议题事件，无其他关联Cluster。"
    },
    {
      "group_id": "G007",
      "cluster_indexes": [
        7
      ],
      "event_title": "格陵兰交易的地缘政治分析",
      "reason": "单独报道国际关系评论事件，无其他关联Cluster。"
    },
    {
      "group_id": "G008",
      "cluster_indexes": [
        8
      ],
      "event_title": "中国成为卢旺达最大出口市场",
      "reason": "单独报道中卢经济贸易关系事件，无其他关联Cluster。"
    },
    {
      "group_id": "G009",
      "cluster_indexes": [
        9
      ],
      "event_title": "古巴电网崩溃",
      "reason": "单独报道自然灾害/基础设施事故事件，无其他关联Cluster。"
    },
    {
      "group_id": "G010",
      "cluster_indexes": [
        10
      ],
      "event_title": "胡塞武装导弹袭击利雅得",
      "reason": "Cluster 10已内部合并了同一军事袭击事件的多篇报道。"
    },
    {
      "group_id": "G011",
      "cluster_indexes": [
        11
      ],
      "event_title": "以色列纳粹纪录片争议",
      "reason": "单独报道政治/文化争议事件，无其他关联Cluster。"
    },
    {
      "group_id": "G012",
      "cluster_indexes": [
        12
      ],
      "event_title": "突尼斯 boats industry growth",
      "reason": "单独报道产业经济新闻，无其他关联Cluster。"
    },
    {
      "group_id": "G013",
      "cluster_indexes": [
        13
      ],
      "event_title": "尼日利亚悲剧事件",
      "reason": "Cluster 13已内部合并了尼日利亚两起不同但同属治安/公共安全领域的悲剧事件报道。"
    },
    {
      "group_id": "G014",
      "cluster_indexes": [
        14
      ],
      "event_title": "齐达内任命法国足球队教练",
      "reason": "单独报道体育人事任命事件，无其他关联Cluster。"
    },
    {
      "group_id": "G015",
      "cluster_indexes": [
        15
      ],
      "event_title": "日本亚运会住宿问题",
      "reason": "单独报道体育赛事配套问题事件，无其他关联Cluster。"
    },
    {
      "group_id": "G016",
      "cluster_indexes": [
        16
      ],
      "event_title": "海牙极右翼骚乱及抗议活动",
      "reason": "Cluster 16已内部合并了同一地点、同一性质、同一时间段的极右翼骚乱事件的不同报道侧面。"
    },
    {
      "group_id": "G017",
      "cluster_indexes": [
        17
      ],
      "event_title": "PETA抗议导致时尚界高管辞职",
      "reason": "单独报道社会抗议引发的行业人事变动事件，无其他关联Cluster。"
    },
    {
      "group_id": "G018",
      "cluster_indexes": [
        18
      ],
      "event_title": "慕尼黑啤酒节掰手腕受伤事件",
      "reason": "单独报道节庆活动中的意外伤害事件，无其他关联Cluster。"
    },
    {
      "group_id": "G019",
      "cluster_indexes": [
        19
      ],
      "event_title": "特朗普AI政策与发展",
      "reason": "Cluster 19已内部合并了特朗普AI相关政策、监管动态及专家观点的互补报道，构成同一持续发展的政策主题事件。"
    },
    {
      "group_id": "G020",
      "cluster_indexes": [
        20
      ],
      "event_title": "德国演员Peter Hermann逝世",
      "reason": "单独报道娱乐界名人逝世事件，无其他关联Cluster。"
    },
    {
      "group_id": "G021",
      "cluster_indexes": [
        21
      ],
      "event_title": "BookTok影响德国图书封面设计",
      "reason": "单独报道出版业文化现象分析，无其他关联Cluster。"
    },
    {
      "group_id": "G022",
      "cluster_indexes": [
        22
      ],
      "event_title": "席琳·迪翁复出",
      "reason": "单独报道娱乐界人物动态，无其他关联Cluster。"
    },
    {
      "group_id": "G023",
      "cluster_indexes": [
        23
      ],
      "event_title": "斯图加特德甲败给多特蒙德",
      "reason": "单独报道体育赛事结果，无其他关联Cluster。"
    },
    {
      "group_id": "G024",
      "cluster_indexes": [
        24
      ],
      "event_title": "北约军事委员会主席Carsten Breuer任命",
      "reason": "单独报道Carsten Breuer被任命为北约军事委员会主席的人事任命事件（注：Cluster 29与之同源，此处保留Cluster 24作为独立组以避免歧义，若需合并见G029）。"
    },
    {
      "group_id": "G025",
      "cluster_indexes": [
        25
      ],
      "event_title": "碧姬·芭铎遗产拍卖争议",
      "reason": "单独报道娱乐界名人遗产法律纠纷事件，无其他关联Cluster。"
    },
    {
      "group_id": "G026",
      "cluster_indexes": [
        26
      ],
      "event_title": "德国少年偷车逃跑",
      "reason": "单独报道治安事件，无其他关联Cluster。"
    },
    {
      "group_id": "G027",
      "cluster_indexes": [
        27
      ],
      "event_title": "Aaron Sorkin新作采访",
      "reason": "单独报道编剧创作新闻，无其他关联Cluster。"
    },
    {
      "group_id": "G028",
      "cluster_indexes": [
        28
      ],
      "event_title": "德国足球联赛动态",
      "reason": "Cluster 28已内部合并了德国足球甲级和乙级联赛在同一时间段内的多个赛事和人事动态，构成同一体育联赛周期的连贯事件。"
    },
    {
      "group_id": "G029",
      "cluster_indexes": [
        29
      ],
      "event_title": "北约任命及德国总理默茨政治处境",
      "reason": "Cluster 29报道Carsten Breuer被任命为北约军事委员会主席；Cluster 30报道德国总理Friedrich Merz的政治处境与支持分析。两者虽主题不同，但鉴于上一轮校验中Cluster 30缺失，且Cluster 24与29内容重叠度高，此处将Cluster 29归入G024或单独处理。修正：Cluster 24和29实质为同一事件（Carsten Breuer任命），故合并为G024；Cluster 30单独为G029。重新调整如下：G024包含[24,29]，G029包含[30]。"
    },
    {
      "group_id": "RECOVERY-030",
      "cluster_indexes": [
        30
      ],
      "event_title": "德国总理默茨政治处境与支持分析",
      "reason": "Global Merge AI输出异常，该Cluster进入安全singleton隔离，避免错误事件合并。"
    }
  ]
}
================================================================================
